{"version":2,"width":100,"height":26,"timestamp":1689995887,"env":{"SHELL":"","TERM":"xterm"}}
[ 0.00000, "o", "" ]
[ 0.13431, "o", "\u001b[19491001\u001b[1;35m> \u001b[20210325\u001b[0m\u001b[K\u001b[?2004h" ]
[ 0.42069, "o", "#\b# " ]
[ 0.52464, "o", "使" ]
[ 0.68039, "o", "用" ]
[ 0.73196, "o", " " ]
[ 0.78403, "o", "`" ]
[ 0.83551, "o", "x" ]
[ 0.88756, "o", " " ]
[ 0.93942, "o", "7" ]
[ 0.99116, "o", "z" ]
[ 1.04302, "o", "a" ]
[ 1.09491, "o", "`" ]
[ 1.14666, "o", " " ]
[ 1.30150, "o", "命" ]
[ 1.45674, "o", "令" ]
[ 1.61170, "o", "格" ]
[ 1.76649, "o", "式" ]
[ 1.92229, "o", "能" ]
[ 2.07710, "o", "快" ]
[ 2.23285, "o", "捷" ]
[ 2.38781, "o", "地" ]
[ 2.54334, "o", "使" ]
[ 2.69858, "o", "用" ]
[ 2.75022, "o", " " ]
[ 2.80207, "o", "`" ]
[ 2.85457, "o", "7" ]
[ 2.90656, "o", "z" ]
[ 2.95840, "o", "a" ]
[ 3.01038, "o", "`" ]
[ 3.06217, "o", " " ]
[ 3.21730, "o", "命" ]
[ 3.37297, "o", "令" ]
[ 3.42456, "o", "\u001b[?2004l\r\r\n" ]
[ 3.42474, "o", "\u001b[1m\u001b[7m#\u001b[27m\u001b[1m\u001b[0m                                                                                                   \r \r\r\u001b[0m\u001b[27m\u001b[24m\u001b[J\r\n\u001b[19491001\u001b[1;35m> \u001b[20210325\u001b[0m\u001b[K\u001b[?2004h" ]
[ 4.92918, "o", "x" ]
[ 4.98069, "o", "\bx " ]
[ 5.03282, "o", "7" ]
[ 5.08475, "o", "z" ]
[ 5.13664, "o", "a" ]
[ 5.18890, "o", " " ]
[ 5.24065, "o", "-" ]
[ 5.29252, "o", "-" ]
[ 5.34439, "o", "h" ]
[ 5.39652, "o", "e" ]
[ 5.44806, "o", "l" ]
[ 5.50000, "o", "p" ]
[ 5.55149, "o", " " ]
[ 5.60358, "o", "|" ]
[ 5.65560, "o", " " ]
[ 5.70766, "o", "h" ]
[ 5.75917, "o", "e" ]
[ 5.81083, "o", "a" ]
[ 5.86276, "o", "d" ]
[ 5.91443, "o", " " ]
[ 5.96638, "o", "-" ]
[ 6.01807, "o", "n" ]
[ 6.06966, "o", " " ]
[ 6.12158, "o", "3" ]
[ 6.37550, "o", "\u001b[?2004l\r\r\n" ]
[ 6.44687, "o", "\r\n7-Zip (a) [64] 16.02 : Copyright (c) 1999-2016 Igor Pavlov : 2016-05-21\r\np7zip Version 16.02 (locale=C.UTF-8,Utf16=on,HugeFiles=on,64 bits,8 CPUs x64)\r\n" ]
[ 6.44724, "o", "\u001b[1m\u001b[7m#\u001b[27m\u001b[1m\u001b[0m                                                                                                   \r \r" ]
[ 6.44729, "o", "\r\u001b[0m\u001b[27m\u001b[24m\u001b[J\r\n\u001b[19491001\u001b[1;35m> \u001b[20210325\u001b[0m\u001b[K\u001b[?2004h" ]
[ 8.37790, "o", "#\b# " ]
[ 8.48249, "o", "使" ]
[ 8.63789, "o", "用" ]
[ 8.68984, "o", " " ]
[ 8.74138, "o", "`" ]
[ 8.79380, "o", "x" ]
[ 8.84554, "o", " " ]
[ 8.89718, "o", "e" ]
[ 8.94893, "o", "n" ]
[ 9.00028, "o", "v" ]
[ 9.05241, "o", " " ]
[ 9.10429, "o", "u" ]
[ 9.15620, "o", "s" ]
[ 9.20792, "o", "e" ]
[ 9.26017, "o", "`" ]
[ 9.31210, "o", " " ]
[ 9.46755, "o", "能" ]
[ 9.62277, "o", "自" ]
[ 9.77892, "o", "动" ]
[ 9.93370, "o", "安" ]
[ 10.08864, "o", "装" ]
[ 10.24395, "o", "并" ]
[ 10.39904, "o", "配" ]
[ 10.55449, "o", "置" ]
[ 10.70952, "o", "好" ]
[ 10.86507, "o", "相" ]
[ 11.02004, "o", "应" ]
[ 11.17526, "o", "的" ]
[ 11.33106, "o", "全" ]
[ 11.48623, "o", "局" ]
[ 11.64154, "o", "环" ]
[ 11.79800, "o", "境" ]
[ 11.95289, "o", "变" ]
[ 12.10794, "o", "量" ]
[ 12.15981, "o", "\u001b[?2004l\r\r\n" ]
[ 12.16001, "o", "\u001b[1m\u001b[7m#\u001b[27m\u001b[1m\u001b[0m                                                                                                   \r \r\r\u001b[0m\u001b[27m\u001b[24m\u001b[J\r\n\u001b[19491001\u001b[1;35m> \u001b[20210325\u001b[0m\u001b[K\u001b[?2004h" ]
[ 13.66356, "o", "x" ]
[ 13.71539, "o", "\bx " ]
[ 13.76765, "o", "e" ]
[ 13.81923, "o", "n" ]
[ 13.87138, "o", "v" ]
[ 13.92339, "o", " " ]
[ 13.97514, "o", "u" ]
[ 14.02715, "o", "s" ]
[ 14.07895, "o", "e" ]
[ 14.13059, "o", " " ]
[ 14.18196, "o", "7" ]
[ 14.23446, "o", "z" ]
[ 14.28651, "o", "a" ]
[ 14.53988, "o", "\u001b[?2004l\r\r\n" ]
[ 14.64468, "o", "- \u001b[32mI\u001b[0m\u001b[32m|pkg: \u001b[0mSuccessfully set link from path \u001b[0m\r\n" ]
[ 14.66735, "o", "- \u001b[32mI\u001b[0m\u001b[32m|env: \u001b[0mSuccessfully set 7za=v0.0.1 in the current environment.\u001b[0m\r\n" ]
[ 14.72439, "o", "- \u001b[32mI\u001b[0m\u001b[32m|env: \u001b[0mConfig file updated to /root/.x-cmd.root/local/data/env/version\u001b[0m\r\n" ]
[ 14.72457, "o", "\u001b[1m\u001b[7m#\u001b[27m\u001b[1m\u001b[0m                                                                                                   \r \r" ]
[ 14.72472, "o", "\r\u001b[0m\u001b[27m\u001b[24m\u001b[J\r\n\u001b[19491001\u001b[1;35m> \u001b[20210325\u001b[0m\u001b[K\u001b[?2004h" ]
[ 16.54185, "o", "#\b# " ]
[ 16.64596, "o", "压" ]
[ 16.80159, "o", "缩" ]
[ 16.95711, "o", "文" ]
[ 17.11222, "o", "件" ]
[ 17.16366, "o", "\u001b[?2004l\r\r\n" ]
[ 17.16380, "o", "\u001b[1m\u001b[7m#\u001b[27m\u001b[1m\u001b[0m                                                                                                   \r \r\r\u001b[0m\u001b[27m\u001b[24m\u001b[J\r\n\u001b[19491001\u001b[1;35m> \u001b[20210325\u001b[0m\u001b[K\u001b[?2004h" ]
[ 18.66741, "o", "x" ]
[ 18.71975, "o", "\bx " ]
[ 18.77211, "o", "e" ]
[ 18.82385, "o", "x" ]
[ 18.87592, "o", "a" ]
[ 18.92775, "o", " " ]
[ 18.97961, "o", "-" ]
[ 19.03109, "o", "l" ]
[ 19.08357, "o", "h" ]
[ 19.13515, "o", "T" ]
[ 19.38860, "o", "\u001b[?2004l\r\r\n" ]
[ 19.46031, "o", "\u001b[4mPermissions\u001b[0m \u001b[4mSize\u001b[0m \u001b[4mUser\u001b[0m \u001b[4mDate Modified\u001b[0m \u001b[4mName\u001b[0m\r\n\u001b[1;34md\u001b[33mr\u001b[31mw\u001b[32mx\u001b[0m\u001b[33mr\u001b[38;5;244m-\u001b[32mx\u001b[33mr\u001b[38;5;244m-\u001b[32mx\u001b[0m     \u001b[38;5;244m-\u001b[0m \u001b[1;33mroot\u001b[0m \u001b[34m22 Jul 03:18\u001b[0m  \u001b[1;34m.\u001b[0m\r\n.\u001b[1;33mr\u001b[31mw\u001b[0m\u001b[38;5;244m-\u001b[33mr\u001b[38;5;244m--\u001b[33mr\u001b[38;5;244m--\u001b[0m  \u001b[1;32m2.1\u001b[0m\u001b[32mM\u001b[0m \u001b[1;33mroot\u001b[0m \u001b[34m22 Jul 03:18\u001b[0m  \u001b[38;5;244m├──\u001b[0m file.exe\r\n" ]
[ 19.46058, "o", ".\u001b[1;33mr\u001b[31mw\u001b[0m\u001b[38;5;244m-\u001b[33mr\u001b[38;5;244m--\u001b[33mr\u001b[38;5;244m--\u001b[0m    \u001b[1;32m21\u001b[0m \u001b[1;33mroot\u001b[0m \u001b[34m22 Jul 03:18\u001b[0m  \u001b[38;5;244m├──\u001b[0m file.py\r\n.\u001b[1;33mr\u001b[31mw\u001b[0m\u001b[38;5;244m-\u001b[33mr\u001b[38;5;244m--\u001b[33mr\u001b[38;5;244m--\u001b[0m  \u001b[1;32m1.3\u001b[0m\u001b[32mk\u001b[0m \u001b[1;33mroot\u001b[0m \u001b[34m22 Jul 03:18\u001b[0m  \u001b[38;5;244m└──\u001b[0m file.txt\r\n" ]
[ 19.46091, "o", "\u001b[1m\u001b[7m#\u001b[27m\u001b[1m\u001b[0m                                                                                                   \r \r\r\u001b[0m\u001b[27m\u001b[24m\u001b[J\r\n\u001b[19491001\u001b[1;35m> \u001b[20210325\u001b[0m\u001b[K\u001b[?2004h" ]
[ 20.39079, "o", "7" ]
[ 20.44240, "o", "\b7z" ]
[ 20.49424, "o", "a" ]
[ 20.54623, "o", " " ]
[ 20.59783, "o", "a" ]
[ 20.64933, "o", " " ]
[ 20.70104, "o", "-" ]
[ 20.75267, "o", "t" ]
[ 20.80423, "o", "z" ]
[ 20.85606, "o", "i" ]
[ 20.90790, "o", "p" ]
[ 20.95986, "o", " " ]
[ 21.01136, "o", "F" ]
[ 21.06350, "o", "i" ]
[ 21.11498, "o", "l" ]
[ 21.16679, "o", "e" ]
[ 21.21851, "o", "s" ]
[ 21.27004, "o", "." ]
[ 21.32166, "o", "z" ]
[ 21.37363, "o", "i" ]
[ 21.42626, "o", "p" ]
[ 21.47814, "o", " " ]
[ 21.52955, "o", "f" ]
[ 21.58136, "o", "i" ]
[ 21.63283, "o", "l" ]
[ 21.68465, "o", "e" ]
[ 21.73678, "o", "." ]
[ 21.78830, "o", "t" ]
[ 21.84028, "o", "x" ]
[ 21.89193, "o", "t" ]
[ 21.94392, "o", " " ]
[ 21.99534, "o", "f" ]
[ 22.04708, "o", "i" ]
[ 22.15765, "o", "l" ]
[ 22.20933, "o", "e" ]
[ 22.26078, "o", "." ]
[ 22.31238, "o", "e" ]
[ 22.36380, "o", "x" ]
[ 22.41537, "o", "e" ]
[ 22.66850, "o", "\u001b[?2004l\r\r\n" ]
[ 22.66935, "o", "\r\n7-Zip (a) [64] 16.02 : Copyright (c) 1999-2016 Igor Pavlov : 2016-05-21\r\np7zip Version 16.02 (locale=C.UTF-8,Utf16=on,HugeFiles=on,64 bits,8 CPUs x64)\r\n\r\n" ]
[ 22.66986, "o", "Scanning the drive:\r\n  0M Scan " ]
