{"version":2,"width":100,"height":26,"timestamp":1689896279,"env":{"SHELL":"","TERM":"xterm"}}
[ 0.00000, "o", "" ]
[ 0.43894, "o", "\u001b[19491001\u001b[1;35m> \u001b[20210325\u001b[0m" ]
[ 0.43967, "o", "\u001b[K\u001b[?2004h" ]
[ 2.31814, "o", "#\b# " ]
[ 2.43449, "o", "使" ]
[ 2.60840, "o", "用" ]
[ 2.66655, "o", " " ]
[ 2.72370, "o", "`" ]
[ 2.78187, "o", "x" ]
[ 2.83952, "o", " " ]
[ 2.89760, "o", "a" ]
[ 2.95480, "o", "r" ]
[ 3.01414, "o", "i" ]
[ 3.07086, "o", "a" ]
[ 3.12774, "o", "2" ]
[ 3.18601, "o", "`" ]
[ 3.24369, "o", " " ]
[ 3.41504, "o", "命" ]
[ 3.58610, "o", "令" ]
[ 3.75545, "o", "格" ]
[ 3.92481, "o", "式" ]
[ 4.08682, "o", "能" ]
[ 4.24834, "o", "快" ]
[ 4.40969, "o", "捷" ]
[ 4.57177, "o", "地" ]
[ 4.73455, "o", "使" ]
[ 4.89916, "o", "用" ]
[ 4.95478, "o", " " ]
[ 5.01075, "o", "`" ]
[ 5.06556, "o", "a" ]
[ 5.12046, "o", "r" ]
[ 5.17535, "o", "i" ]
[ 5.23053, "o", "a" ]
[ 5.28554, "o", "2" ]
[ 5.34025, "o", "`" ]
[ 5.39634, "o", " " ]
[ 5.56447, "o", "命" ]
[ 5.72871, "o", "令" ]
[ 5.78304, "o", "\u001b[?2004l\r\r\n\u001b[1m\u001b[7m#\u001b[27m\u001b[1m\u001b[0m                                                                                                   \r \r" ]
[ 5.78316, "o", "\r\u001b[0m\u001b[27m\u001b[24m\u001b[J\r\n\u001b[19491001\u001b[1;35m> \u001b[20210325\u001b[0m\u001b[K\u001b[?2004h" ]
[ 7.29150, "o", "x" ]
[ 7.34618, "o", "\bx " ]
[ 7.40124, "o", "a" ]
[ 7.45855, "o", "r" ]
[ 7.51534, "o", "i" ]
[ 7.57110, "o", "a" ]
[ 7.62761, "o", "2" ]
[ 7.68312, "o", " " ]
[ 7.73748, "o", "-" ]
[ 7.79259, "o", "-" ]
[ 7.84965, "o", "v" ]
[ 7.90720, "o", "e" ]
[ 7.96431, "o", "r" ]
[ 8.02095, "o", "s" ]
[ 8.07831, "o", "i" ]
[ 8.13563, "o", "o" ]
[ 8.19259, "o", "n" ]
[ 8.24929, "o", " " ]
[ 8.30530, "o", "|" ]
[ 8.35971, "o", " " ]
[ 8.41364, "o", "h" ]
[ 8.46799, "o", "e" ]
[ 8.52211, "o", "a" ]
[ 8.57659, "o", "d" ]
[ 8.63090, "o", " " ]
[ 8.68657, "o", "-" ]
[ 8.74192, "o", "n" ]
[ 8.79776, "o", " " ]
[ 8.85300, "o", "3" ]
[ 9.11517, "o", "\u001b[?2004l\r\r\n" ]
[ 9.51312, "o", "aria2 version 1.36.0\r\nCopyright (C) 2006, 2019 Tatsuhiro Tsujikawa\r\n\r\n" ]
[ 9.51584, "o", "\u001b[1m\u001b[7m#\u001b[27m\u001b[1m\u001b[0m                                                                                                   \r \r\r\u001b[0m\u001b[27m\u001b[24m\u001b[J\r\n\u001b[19491001\u001b[1;35m> \u001b[20210325\u001b[0m\u001b[K\u001b[?2004h" ]
[ 11.12280, "o", "#\b# " ]
[ 11.23036, "o", "使" ]
[ 11.39399, "o", "用" ]
[ 11.44957, "o", " " ]
[ 11.50365, "o", "`" ]
[ 11.55896, "o", "x" ]
[ 11.61630, "o", " " ]
[ 11.67424, "o", "e" ]
[ 11.73376, "o", "n" ]
[ 11.79255, "o", "v" ]
[ 11.85061, "o", " " ]
[ 11.90826, "o", "u" ]
[ 11.96614, "o", "s" ]
[ 12.02316, "o", "e" ]
[ 12.08133, "o", "`" ]
[ 12.13851, "o", " " ]
[ 12.30860, "o", "能" ]
[ 12.48032, "o", "自" ]
[ 12.65179, "o", "动" ]
[ 12.82356, "o", "安" ]
[ 12.99635, "o", "装" ]
[ 13.16788, "o", "并" ]
[ 13.33993, "o", "配" ]
[ 13.51103, "o", "置" ]
[ 13.68267, "o", "好" ]
[ 13.85208, "o", "相" ]
[ 14.02102, "o", "应" ]
[ 14.19042, "o", "的" ]
[ 14.36109, "o", "全" ]
[ 14.53035, "o", "局" ]
[ 14.69797, "o", "环" ]
[ 14.86808, "o", "境" ]
[ 15.03969, "o", "变" ]
[ 15.21149, "o", "量" ]
[ 15.26771, "o", "\u001b[?2004l\r\r\n" ]
[ 15.26832, "o", "\u001b[1m\u001b[7m#\u001b[27m\u001b[1m\u001b[0m                                                                                                   \r \r\r\u001b[0m\u001b[27m\u001b[24m\u001b[J\r\n\u001b[19491001\u001b[1;35m> \u001b[20210325\u001b[0m\u001b[K\u001b[?2004h" ]
[ 16.78253, "o", "x" ]
[ 16.83899, "o", "\bx " ]
[ 16.89688, "o", "e" ]
[ 16.95363, "o", "n" ]
[ 17.01026, "o", "v" ]
[ 17.06740, "o", " " ]
[ 17.12404, "o", "u" ]
[ 17.18083, "o", "s" ]
[ 17.23785, "o", "e" ]
[ 17.29453, "o", " " ]
[ 17.35106, "o", "a" ]
[ 17.40854, "o", "r" ]
[ 17.46537, "o", "i" ]
[ 17.52251, "o", "a" ]
[ 17.57919, "o", "2" ]
[ 17.83827, "o", "\u001b[?2004l\r\r\n" ]
[ 18.24020, "o", "- \u001b[32mI\u001b[0m\u001b[32m|pkg: \u001b[0mSuccessfully set link from path \u001b[0m\r\n" ]
[ 18.30465, "o", "- \u001b[32mI\u001b[0m\u001b[32m|env: \u001b[0mSuccessfully set aria2=v0.0.1 in the current environment.\u001b[0m\r\n" ]
[ 18.47130, "o", "- \u001b[32mI\u001b[0m\u001b[32m|env: \u001b[0mConfig file updated to /root/.x-cmd.root/local/data/env/version\u001b[0m\r\n" ]
[ 18.47192, "o", "\u001b[1m\u001b[7m#\u001b[27m\u001b[1m\u001b[0m                                                                                                   \r \r\r\u001b[0m\u001b[27m\u001b[24m\u001b[J\r\n\u001b[19491001\u001b[1;35m> \u001b[20210325\u001b[0m\u001b[K\u001b[?2004h" ]
[ 19.84463, "o", "#\b# " ]
[ 19.95784, "o", "下" ]
[ 20.12813, "o", "载" ]
[ 20.29671, "o", "单" ]
[ 20.46510, "o", "个" ]
[ 20.63490, "o", "文" ]
[ 20.80109, "o", "件" ]
[ 20.85835, "o", "\u001b[?2004l\r\r\n\u001b[1m\u001b[7m#\u001b[27m\u001b[1m\u001b[0m                                                                                                   \r \r" ]
[ 20.85889, "o", "\r\u001b[0m\u001b[27m\u001b[24m\u001b[J\r\n\u001b[19491001\u001b[1;35m> \u001b[20210325\u001b[0m\u001b[K\u001b[?2004h" ]
[ 22.37138, "o", "a" ]
[ 22.42844, "o", "\bar" ]
[ 22.48564, "o", "i" ]
[ 22.54190, "o", "a" ]
[ 22.59898, "o", "2" ]
[ 22.65586, "o", "c" ]
[ 22.71295, "o", " " ]
[ 22.76949, "o", "h" ]
[ 22.82669, "o", "t" ]
[ 22.88325, "o", "t" ]
[ 22.93981, "o", "p" ]
[ 22.99647, "o", ":" ]
[ 23.05300, "o", "/" ]
[ 23.11042, "o", "/" ]
[ 23.16745, "o", "d" ]
[ 23.22409, "o", "o" ]
[ 23.28120, "o", "w" ]
[ 23.33767, "o", "n" ]
[ 23.39492, "o", "." ]
[ 23.45168, "o", "g" ]
[ 23.50836, "o", "l" ]
[ 23.56638, "o", "g" ]
[ 23.62294, "o", "o" ]
[ 23.68032, "o", "o" ]
[ 23.73663, "o", "." ]
[ 23.79335, "o", "t" ]
[ 23.85074, "o", "o" ]
[ 23.90825, "o", "p" ]
[ 23.96633, "o", "/" ]
[ 24.02307, "o", "a" ]
[ 24.08004, "o", "r" ]
[ 24.13672, "o", "i" ]
[ 24.19461, "o", "a" ]
[ 24.25109, "o", "2" ]
[ 24.30992, "o", "/" ]
[ 24.36747, "o", "A" ]
[ 24.42488, "o", "r" ]
[ 24.48248, "o", "i" ]
[ 24.54022, "o", "a" ]
[ 24.59814, "o", "2" ]
[ 24.65609, "o", "-" ]
[ 24.71461, "o", "6" ]
[ 24.77239, "o", "4" ]
[ 24.83021, "o", "b" ]
[ 24.88799, "o", "i" ]
[ 24.94487, "o", "t" ]
[ 25.00126, "o", "." ]
[ 25.05959, "o", "z" ]
[ 25.11773, "o", "i" ]
[ 25.17458, "o", "p" ]
[ 25.43909, "o", "\u001b[?2004l\r\r\n" ]
[ 25.44653, "o", "\r\n07/20 23:38:25 [\u001b[1;32mNOTICE\u001b[0m] Downloading 1 item(s)\r\n" ]
[ 26.47498, "o", "\r                                                                                                   \r\u001b[35m[\u001b[0m#0a570b 0B/0B CN:1 DL:\u001b[32m0B\u001b[0m\u001b[35m]\u001b[0m\u001b[0m" ]
[ 26.94081, "o", "\r\n07/20 23:38:26 [\u001b[1;32mNOTICE\u001b[0m] Download complete: /work/src/network/aria2/test/Aria2-64bit.zip\r\n" ]
[ 26.94144, "o", "\r\nDownload Results:\r\ngid   |stat|avg speed  |path/URI\r\n======+====+===========+=======================================================\r\n0a570b|\u001b[1;32mOK\u001b[0m  |    12MiB/s|/work/src/network/aria2/test/Aria2-64bit.zip\r\n\r\nStatus Legend:\r\n(OK):download completed.\r\n" ]
[ 26.94529, "o", "\u001b[1m\u001b[7m#\u001b[27m\u001b[1m\u001b[0m                                                                                                   \r \r\r\u001b[0m\u001b[27m\u001b[24m\u001b[J\r\n\u001b[19491001\u001b[1;35m> \u001b[20210325\u001b[0m\u001b[K" ]
[ 26.94616, "o", "\u001b[?2004h" ]
[ 27.44742, "o", "#\b# " ]
[ 27.56193, "o", "下" ]
[ 27.73202, "o", "载" ]
[ 27.90585, "o", "多" ]
[ 28.07840, "o", "个" ]
[ 28.24895, "o", "文" ]
[ 28.42003, "o", "件" ]
[ 28.48071, "o", "\u001b[?2004l\r\r\n" ]
[ 28.48093, "o", "\u001b[1m\u001b[7m#\u001b[27m\u001b[1m\u001b[0m                                                                                                   \r \r\r\u001b[0m\u001b[27m\u001b[24m\u001b[J\r\n\u001b[19491001\u001b[1;35m> \u001b[20210325\u001b[0m\u001b[K\u001b[?2004h" ]
[ 29.99517, "o", "a" ]
[ 30.05241, "o", "\bar" ]
[ 30.10941, "o", "i" ]
[ 30.16629, "o", "a" ]
[ 30.22276, "o", "2" ]
[ 30.27959, "o", "c" ]
