{"version":2,"width":100,"height":26,"timestamp":1689338536,"env":{"SHELL":"","TERM":"xterm"}}
[ 0.00000, "o", "" ]
[ 0.10585, "o", "\u001b[19491001\u001b[1;35m> \u001b[20210325\u001b[0m\u001b[K\u001b[?2004h" ]
[ 0.91726, "o", "#\b# " ]
[ 1.02152, "o", "使" ]
[ 1.17730, "o", "用" ]
[ 1.22927, "o", " " ]
[ 1.28039, "o", "`" ]
[ 1.33208, "o", "x" ]
[ 1.38375, "o", " " ]
[ 1.43634, "o", "b" ]
[ 1.48807, "o", "i" ]
[ 1.54051, "o", "t" ]
[ 1.59294, "o", "`" ]
[ 1.64484, "o", " " ]
[ 1.80046, "o", "命" ]
[ 1.95677, "o", "令" ]
[ 2.11245, "o", "格" ]
[ 2.26766, "o", "式" ]
[ 2.42250, "o", "能" ]
[ 2.57860, "o", "快" ]
[ 2.73410, "o", "捷" ]
[ 2.88966, "o", "地" ]
[ 3.04630, "o", "使" ]
[ 3.20137, "o", "用" ]
[ 3.25337, "o", " " ]
[ 3.30537, "o", "`" ]
[ 3.35726, "o", "b" ]
[ 3.40954, "o", "i" ]
[ 3.46130, "o", "t" ]
[ 3.51290, "o", "`" ]
[ 3.56561, "o", " " ]
[ 3.72160, "o", "命" ]
[ 3.87814, "o", "令" ]
[ 3.92965, "o", "\u001b[?2004l\r\r\n\u001b[1m\u001b[7m#\u001b[27m\u001b[1m\u001b[0m                                                                                                   \r \r" ]
[ 3.92982, "o", "\r\u001b[0m\u001b[27m\u001b[24m\u001b[J\r\n\u001b[19491001\u001b[1;35m> \u001b[20210325\u001b[0m\u001b[K\u001b[?2004h" ]
[ 5.43391, "o", "x" ]
[ 5.48602, "o", "\bx " ]
[ 5.53768, "o", "b" ]
[ 5.58961, "o", "i" ]
[ 5.64168, "o", "t" ]
[ 5.69491, "o", " " ]
[ 5.74655, "o", "-" ]
[ 5.79851, "o", "-" ]
[ 5.85088, "o", "v" ]
[ 5.90266, "o", "e" ]
[ 5.95468, "o", "r" ]
[ 6.00636, "o", "s" ]
[ 6.05850, "o", "i" ]
[ 6.11053, "o", "o" ]
[ 6.16280, "o", "n" ]
[ 6.41689, "o", "\u001b[?2004l\r\r\n" ]
[ 6.50249, "o", "bit version 1.1.2\r\n" ]
[ 6.50347, "o", "git version 2.41.0\r\n" ]
[ 6.50443, "o", "\u001b[1m\u001b[7m#\u001b[27m\u001b[1m\u001b[0m                                                                                                   \r \r\r\u001b[0m\u001b[27m\u001b[24m\u001b[J\r\n\u001b[19491001\u001b[1;35m> \u001b[20210325\u001b[0m\u001b[K\u001b[?2004h" ]
[ 8.92105, "o", "#\b# " ]
[ 9.02553, "o", "使" ]
[ 9.18125, "o", "用" ]
[ 9.23388, "o", " " ]
[ 9.28563, "o", "`" ]
[ 9.33801, "o", "x" ]
[ 9.39050, "o", " " ]
[ 9.44253, "o", "e" ]
[ 9.49495, "o", "n" ]
[ 9.54679, "o", "v" ]
[ 9.59881, "o", " " ]
[ 9.65022, "o", "u" ]
[ 9.70221, "o", "s" ]
[ 9.75468, "o", "e" ]
[ 9.80669, "o", "`" ]
[ 9.85904, "o", " " ]
[ 10.01452, "o", "能" ]
[ 10.17086, "o", "自" ]
[ 10.32661, "o", "动" ]
[ 10.48107, "o", "安" ]
[ 10.63756, "o", "装" ]
[ 10.79427, "o", "并" ]
[ 10.94941, "o", "配" ]
[ 11.10541, "o", "置" ]
[ 11.26154, "o", "好" ]
[ 11.41691, "o", "相" ]
[ 11.57325, "o", "应" ]
[ 11.72872, "o", "的" ]
[ 11.88416, "o", "全" ]
[ 12.03984, "o", "局" ]
[ 12.19513, "o", "环" ]
[ 12.35045, "o", "境" ]
[ 12.50610, "o", "变" ]
[ 12.66244, "o", "量" ]
[ 12.71415, "o", "\u001b[?2004l\r\r\n\u001b[1m\u001b[7m#\u001b[27m\u001b[1m\u001b[0m                                                                                                   \r \r" ]
[ 12.71437, "o", "\r\u001b[0m\u001b[27m\u001b[24m\u001b[J\r\n\u001b[19491001\u001b[1;35m> \u001b[20210325\u001b[0m\u001b[K\u001b[?2004h" ]
[ 14.21758, "o", "x" ]
[ 14.26942, "o", "\bx " ]
[ 14.32127, "o", "e" ]
[ 14.37318, "o", "n" ]
[ 14.42568, "o", "v" ]
[ 14.47746, "o", " " ]
[ 14.52909, "o", "u" ]
[ 14.58131, "o", "s" ]
[ 14.63293, "o", "e" ]
[ 14.68533, "o", " " ]
[ 14.73698, "o", "b" ]
[ 14.78899, "o", "i" ]
[ 14.84205, "o", "t" ]
[ 15.09592, "o", "\u001b[?2004l\r\r\n" ]
[ 15.23509, "o", "- \u001b[32mI\u001b[0m\u001b[32m|pkg: \u001b[0mSuccessfully set link from path \u001b[0m\r\n" ]
[ 15.26491, "o", "- \u001b[32mI\u001b[0m\u001b[32m|env: \u001b[0mSuccessfully set bit=v0.0.1 in the current environment.\u001b[0m\r\n" ]
[ 15.34746, "o", "- \u001b[32mI\u001b[0m\u001b[32m|env: \u001b[0mConfig file updated to /root/.x-cmd.root/local/data/env/version\u001b[0m\r\n" ]
[ 15.34772, "o", "\u001b[1m\u001b[7m#\u001b[27m\u001b[1m\u001b[0m                                                                                                   \r \r\r\u001b[0m\u001b[27m\u001b[24m\u001b[J\r\n\u001b[19491001\u001b[1;35m> \u001b[20210325\u001b[0m\u001b[K\u001b[?2004h" ]
[ 17.60009, "o", "#\b# " ]
[ 17.70376, "o", "使" ]
[ 17.86110, "o", "用" ]
[ 17.91256, "o", " " ]
[ 17.96450, "o", "b" ]
[ 18.01670, "o", "i" ]
[ 18.06875, "o", "t" ]
[ 18.12080, "o", " " ]
[ 18.17301, "o", "r" ]
[ 18.22576, "o", "e" ]
[ 18.27699, "o", "p" ]
[ 18.32853, "o", "o" ]
[ 18.38041, "o", " " ]
[ 18.53582, "o", "作" ]
[ 18.69200, "o", "为" ]
[ 18.84720, "o", "演" ]
[ 19.00350, "o", "示" ]
[ 19.15944, "o", "例" ]
[ 19.31508, "o", "子" ]
[ 19.36715, "o", "\u001b[?2004l\r\r\n\u001b[1m\u001b[7m#\u001b[27m\u001b[1m\u001b[0m                                                                                                   \r \r\r\u001b[0m\u001b[27m\u001b[24m\u001b[J\r\n\u001b[19491001\u001b[1;35m> \u001b[20210325\u001b[0m\u001b[K\u001b[?2004h" ]
[ 20.87112, "o", "c" ]
[ 20.92363, "o", "\bcd" ]
[ 20.97584, "o", " " ]
[ 21.02744, "o", "b" ]
[ 21.07942, "o", "i" ]
[ 21.13140, "o", "t" ]
[ 21.18342, "o", "/" ]
[ 21.73696, "o", "\u001b[?2004l\r\r\n" ]
[ 21.73711, "o", "\u001b[1m\u001b[7m#\u001b[27m\u001b[1m\u001b[0m                                                                                                   \r \r\r\u001b[0m\u001b[27m\u001b[24m\u001b[J\r\n\u001b[19491001\u001b[1;35m> \u001b[20210325\u001b[0m\u001b[K\u001b[?2004h" ]
[ 24.24135, "o", "#\b# " ]
[ 24.34499, "o", "每" ]
[ 24.50038, "o", "行" ]
[ 24.65599, "o", "显" ]
[ 24.81175, "o", "示" ]
[ 24.96739, "o", "一" ]
[ 25.12254, "o", "个" ]
[ 25.27804, "o", "提" ]
[ 25.43386, "o", "交" ]
[ 25.48558, "o", "\u001b[?2004l\r\r\n" ]
[ 25.48575, "o", "\u001b[1m\u001b[7m#\u001b[27m\u001b[1m\u001b[0m                                                                                                   \r \r\r\u001b[0m\u001b[27m\u001b[24m\u001b[J\r\n\u001b[19491001\u001b[1;35m> \u001b[20210325\u001b[0m\u001b[K\u001b[?2004h" ]
[ 27.98971, "o", "x" ]
[ 28.04133, "o", "\bx " ]
[ 28.09305, "o", "b" ]
[ 28.14489, "o", "i" ]
[ 28.19645, "o", "t" ]
[ 28.45053, "o", "\u001b[?2004l\r\r\n" ]
[ 28.46659, "o", "\u001b[?25l\u001b[0;93;49m> bit \u001b[0;39;49m\u001b[0;39;49m\u001b[0;39;49m\u001b[J\u001bD\u001bD\u001bD\u001bD\u001bD\u001bD\u001bM\u001bM\u001bM\u001bM\u001bM\u001bM\u001b[0;97;46m\u001b[1B\u001b[0;90;103m status                      \u001b[0;97;40m Show the working tree status                                   \u001b[0;39;100m \u001b[0;39;49m\r\n\u001b[1A\u001b[6C\u001b[1B\u001b[0;90;103m pull --rebase origin master \u001b[0;97;40m Rebase on origin master branch                                 \u001b[0;39;100m \u001b[0;39;49m\r\n\u001b[1A\u001b[6C\u001b[1B\u001b[0;90;103m push --force-with-lease     \u001b[0;97;40m force push with a safety net                                   \u001b[0;39;46m \u001b[0;39;49m\r\n\u001b[1A\u001b[6C\u001b[1B\u001b[0;90;103m stash pop                   \u001b[0;97;40m Use most recently stashed changes                              \u001b[0;39;46m \u001b[0;39;49m\r\n\u001b[1A\u001b[6C\u001b[1B\u001b[0;90;103m commit -am \"                \u001b[0;97;40m Commit all tracked files                                       \u001b[0;39;46m \u001b[0;39;49m\r\n\u001b[1A\u001b[6C\u001b[1B\u001b[0;90;103m commit -a --amend --no-edit \u001b[0;97;40m Amend most recent commit with new changes                      \u001b[0;39;46m \u001b[0;39;49m\r\n\u001b[1A\u001b[6C\u001b[6A\u001b[0;39;49m\u001b[?12l\u001b[?25h" ]
