{"version":2,"width":100,"height":26,"timestamp":1689844348,"env":{"SHELL":"","TERM":"xterm"}}
[ 0.00000, "o", "" ]
[ 0.15317, "o", "\u001b[19491001\u001b[1;35m> \u001b[20210325\u001b[0m\u001b[K" ]
[ 0.15328, "o", "\u001b[?2004h" ]
[ 0.41188, "o", "#\b# " ]
[ 0.51575, "o", "使" ]
[ 0.67211, "o", "用" ]
[ 0.72413, "o", " " ]
[ 0.77585, "o", "`" ]
[ 0.82770, "o", "x" ]
[ 0.87948, "o", " " ]
[ 0.93210, "o", "b" ]
[ 0.98382, "o", "u" ]
[ 1.03641, "o", "s" ]
[ 1.08859, "o", "y" ]
[ 1.14038, "o", "b" ]
[ 1.19255, "o", "o" ]
[ 1.24435, "o", "x" ]
[ 1.29735, "o", "`" ]
[ 1.34919, "o", " " ]
[ 1.50585, "o", "命" ]
[ 1.66236, "o", "令" ]
[ 1.81852, "o", "格" ]
[ 1.97373, "o", "式" ]
[ 2.13015, "o", "能" ]
[ 2.28623, "o", "快" ]
[ 2.44132, "o", "捷" ]
[ 2.59720, "o", "地" ]
[ 2.75307, "o", "使" ]
[ 2.90888, "o", "用" ]
[ 2.96135, "o", " " ]
[ 3.01331, "o", "`" ]
[ 3.06560, "o", "b" ]
[ 3.11735, "o", "u" ]
[ 3.17010, "o", "s" ]
[ 3.22192, "o", "y" ]
[ 3.27416, "o", "b" ]
[ 3.32640, "o", "o" ]
[ 3.37820, "o", "x" ]
[ 3.43038, "o", "`" ]
[ 3.48222, "o", " " ]
[ 3.63807, "o", "命" ]
[ 3.79432, "o", "令" ]
[ 3.84666, "o", "\u001b[?2004l\r\r\n" ]
[ 3.84673, "o", "\u001b[1m\u001b[7m#\u001b[27m\u001b[1m\u001b[0m                                                                                                   \r \r\r\u001b[0m\u001b[27m\u001b[24m\u001b[J\r\n\u001b[19491001\u001b[1;35m> \u001b[20210325\u001b[0m\u001b[K\u001b[?2004h" ]
[ 5.35177, "o", "x" ]
[ 5.40472, "o", "\bx " ]
[ 5.45661, "o", "b" ]
[ 5.50935, "o", "u" ]
[ 5.56235, "o", "s" ]
[ 5.61413, "o", "y" ]
[ 5.66659, "o", "b" ]
[ 5.71915, "o", "o" ]
[ 5.77149, "o", "x" ]
[ 5.82339, "o", " " ]
[ 5.87575, "o", "-" ]
[ 5.92782, "o", "-" ]
[ 5.97951, "o", "h" ]
[ 6.03175, "o", "e" ]
[ 6.08384, "o", "l" ]
[ 6.13609, "o", "p" ]
[ 6.18759, "o", " " ]
[ 6.23933, "o", "|" ]
[ 6.29175, "o", " " ]
[ 6.34414, "o", "h" ]
[ 6.39622, "o", "e" ]
[ 6.44843, "o", "a" ]
[ 6.50059, "o", "d" ]
[ 6.55237, "o", " " ]
[ 6.60490, "o", "-" ]
[ 6.65677, "o", "n" ]
[ 6.70878, "o", " " ]
[ 6.76097, "o", "4" ]
[ 7.01499, "o", "\u001b[?2004l\r\r\n" ]
[ 7.10412, "o", "BusyBox v1.35.0 (2022-01-17 19:57:02 CET) multi-call binary.\r\nBusyBox is copyrighted by many authors between 1998-2015.\r\nLicensed under GPLv2. See source distribution for detailed\r\ncopyright notices.\r\n" ]
[ 7.10456, "o", "\u001b[1m\u001b[7m#\u001b[27m\u001b[1m\u001b[0m                                                                                                   \r \r\r\u001b[0m\u001b[27m\u001b[24m\u001b[J\r\n\u001b[19491001\u001b[1;35m> \u001b[20210325\u001b[0m" ]
[ 7.10462, "o", "\u001b[K\u001b[?2004h" ]
[ 9.01665, "o", "#\b# " ]
[ 9.12090, "o", "使" ]
[ 9.27589, "o", "用" ]
[ 9.32813, "o", " " ]
[ 9.38007, "o", "`" ]
[ 9.43201, "o", "x" ]
[ 9.48408, "o", " " ]
[ 9.53618, "o", "e" ]
[ 9.58803, "o", "n" ]
[ 9.63975, "o", "v" ]
[ 9.69200, "o", " " ]
[ 9.74363, "o", "u" ]
[ 9.79653, "o", "s" ]
[ 9.84887, "o", "e" ]
[ 9.90106, "o", "`" ]
[ 9.95352, "o", " " ]
[ 10.11006, "o", "能" ]
[ 10.26545, "o", "自" ]
[ 10.42241, "o", "动" ]
[ 10.57797, "o", "安" ]
[ 10.73439, "o", "装" ]
[ 10.88946, "o", "并" ]
[ 11.04459, "o", "配" ]
[ 11.20081, "o", "置" ]
[ 11.35647, "o", "好" ]
[ 11.51207, "o", "相" ]
[ 11.66884, "o", "应" ]
[ 11.82492, "o", "的" ]
[ 11.98057, "o", "全" ]
[ 12.13614, "o", "局" ]
[ 12.29173, "o", "环" ]
[ 12.44806, "o", "境" ]
[ 12.60356, "o", "变" ]
[ 12.75891, "o", "量" ]
[ 12.81058, "o", "\u001b[?2004l\r\r\n" ]
[ 12.81064, "o", "\u001b[1m\u001b[7m#\u001b[27m\u001b[1m\u001b[0m                                                                                                   \r \r\r\u001b[0m\u001b[27m\u001b[24m\u001b[J\r\n\u001b[19491001\u001b[1;35m> \u001b[20210325\u001b[0m\u001b[K\u001b[?2004h" ]
[ 14.31601, "o", "x" ]
[ 14.36813, "o", "\bx " ]
[ 14.42024, "o", "e" ]
[ 14.47182, "o", "n" ]
[ 14.52378, "o", "v" ]
[ 14.57577, "o", " " ]
[ 14.62769, "o", "u" ]
[ 14.68005, "o", "s" ]
[ 14.73204, "o", "e" ]
[ 14.78444, "o", " " ]
[ 14.83609, "o", "b" ]
[ 14.88880, "o", "u" ]
[ 14.94027, "o", "s" ]
[ 14.99230, "o", "y" ]
[ 15.04439, "o", "b" ]
[ 15.09712, "o", "o" ]
[ 15.14912, "o", "x" ]
[ 15.40284, "o", "\u001b[?2004l\r\r\n" ]
[ 15.52520, "o", "- \u001b[32mI\u001b[0m\u001b[32m|pkg: \u001b[0mSuccessfully set link from path \u001b[0m\r\n" ]
[ 15.55091, "o", "- \u001b[32mI\u001b[0m\u001b[32m|env: \u001b[0mSuccessfully set busybox=v0.0.0 in the current environment.\u001b[0m\r\n" ]
[ 15.61562, "o", "- \u001b[32mI\u001b[0m\u001b[32m|env: \u001b[0mConfig file updated to /root/.x-cmd.root/local/data/env/version\u001b[0m\r\n" ]
[ 15.61590, "o", "\u001b[1m\u001b[7m#\u001b[27m\u001b[1m\u001b[0m                                                                                                   \r \r\r\u001b[0m\u001b[27m\u001b[24m\u001b[J\r\n\u001b[19491001\u001b[1;35m> \u001b[20210325\u001b[0m\u001b[K\u001b[?2004h" ]
[ 17.40493, "o", "#" ]
[ 17.40511, "o", "\b# " ]
[ 17.50893, "o", "查" ]
[ 17.66565, "o", "看" ]
[ 17.82233, "o", "文" ]
[ 17.97892, "o", "件" ]
[ 18.13455, "o", "列" ]
[ 18.28964, "o", "表" ]
[ 18.34150, "o", "\u001b[?2004l\r\r\n\u001b[1m\u001b[7m#\u001b[27m\u001b[1m\u001b[0m                                                                                                   \r \r\r\u001b[0m\u001b[27m\u001b[24m\u001b[J\r\n\u001b[19491001\u001b[1;35m> \u001b[20210325\u001b[0m\u001b[K\u001b[?2004h" ]
[ 19.84526, "o", "b" ]
[ 19.89699, "o", "\bbu" ]
[ 19.94993, "o", "s" ]
[ 20.00223, "o", "y" ]
[ 20.05442, "o", "b" ]
[ 20.10660, "o", "o" ]
[ 20.15875, "o", "x" ]
[ 20.21068, "o", " " ]
[ 20.26266, "o", "l" ]
[ 20.31471, "o", "s" ]
[ 20.36706, "o", " " ]
[ 20.41882, "o", "." ]
[ 20.47090, "o", "." ]
[ 20.52313, "o", "/" ]
[ 20.77666, "o", "\u001b[?2004l\r\r\n" ]
[ 20.77775, "o", "\u001b[1;34mdemo\u001b[m                \u001b[0;0mmeta.yml\u001b[m            \u001b[0;0mversion.yml\u001b[m\r\n\u001b[0;0mdemo.asciinema.yml\u001b[m  \u001b[1;34mtest\u001b[m\r\n" ]
[ 20.77818, "o", "\u001b[1m\u001b[7m#\u001b[27m\u001b[1m\u001b[0m                                                                                                   \r \r\r\u001b[0m\u001b[27m\u001b[24m\u001b[J\r\n\u001b[19491001\u001b[1;35m> \u001b[20210325\u001b[0m\u001b[K\u001b[?2004h" ]
[ 22.77963, "o", "#\b# " ]
[ 22.88395, "o", "创" ]
[ 23.04066, "o", "建" ]
[ 23.19606, "o", "文" ]
[ 23.35234, "o", "件" ]
[ 23.50874, "o", "或" ]
[ 23.66510, "o", "文" ]
[ 23.82048, "o", "件" ]
[ 23.97665, "o", "目" ]
[ 24.13256, "o", "录" ]
[ 24.18466, "o", "\u001b[?2004l\r\r\n" ]
[ 24.18471, "o", "\u001b[1m\u001b[7m#\u001b[27m\u001b[1m\u001b[0m                                                                                                   \r \r\r\u001b[0m\u001b[27m\u001b[24m\u001b[J\r\n\u001b[19491001\u001b[1;35m> \u001b[20210325\u001b[0m\u001b[K\u001b[?2004h" ]
[ 25.68834, "o", "b" ]
[ 25.74089, "o", "\bbu" ]
[ 25.79272, "o", "s" ]
[ 25.84459, "o", "y" ]
[ 25.89677, "o", "b" ]
[ 25.94883, "o", "o" ]
[ 26.00113, "o", "x" ]
[ 26.05257, "o", " " ]
[ 26.10457, "o", "m" ]
[ 26.15625, "o", "k" ]
[ 26.20952, "o", "d" ]
[ 26.26149, "o", "i" ]
[ 26.31415, "o", "r" ]
[ 26.36669, "o", " " ]
[ 26.41886, "o", "." ]
[ 26.47075, "o", "/" ]
[ 26.52242, "o", "t" ]
[ 26.57495, "o", "e" ]
[ 26.62713, "o", "s" ]
[ 26.67932, "o", "t" ]
[ 26.73098, "o", "\u001b[?2004l\r\r\n" ]
[ 26.74187, "o", "\u001b[1m\u001b[7m#\u001b[27m\u001b[1m\u001b[0m                                                                                                   \r \r\r\u001b[0m\u001b[27m\u001b[24m\u001b[J\r\n\u001b[19491001\u001b[1;35m> \u001b[20210325\u001b[0m\u001b[K" ]
[ 26.74202, "o", "\u001b[?2004h" ]
[ 26.78319, "o", "b" ]
[ 26.83505, "o", "\bbu" ]
[ 26.88672, "o", "s" ]
[ 26.93902, "o", "y" ]
[ 26.99081, "o", "b" ]
[ 27.04294, "o", "o" ]
[ 27.09568, "o", "x" ]
[ 27.14783, "o", " " ]
[ 27.19945, "o", "t" ]
[ 27.25134, "o", "o" ]
[ 27.30378, "o", "u" ]
[ 27.35565, "o", "c" ]
[ 27.40801, "o", "h" ]
[ 27.46022, "o", " " ]
[ 27.51344, "o", "." ]
[ 27.56562, "o", "/" ]
[ 27.61780, "o", "t" ]
[ 27.66979, "o", "e" ]
