{"version":2,"width":100,"height":26,"timestamp":1689896473,"env":{"SHELL":"","TERM":"xterm"}}
[ 0.00000, "o", "" ]
[ 0.36790, "o", "\u001b[19491001\u001b[1;35m> \u001b[20210325\u001b[0m" ]
[ 0.36827, "o", "\u001b[K\u001b[?2004h" ]
[ 2.19554, "o", "#\b# " ]
[ 2.31101, "o", "使" ]
[ 2.48368, "o", "用" ]
[ 2.54152, "o", " " ]
[ 2.59803, "o", "`" ]
[ 2.65573, "o", "x" ]
[ 2.71268, "o", " " ]
[ 2.77009, "o", "c" ]
[ 2.82784, "o", "u" ]
[ 2.88570, "o", "r" ]
[ 2.94293, "o", "l" ]
[ 2.99977, "o", "`" ]
[ 3.05718, "o", " " ]
[ 3.22588, "o", "命" ]
[ 3.39682, "o", "令" ]
[ 3.56566, "o", "格" ]
[ 3.73518, "o", "式" ]
[ 3.90458, "o", "能" ]
[ 4.07421, "o", "快" ]
[ 4.24454, "o", "捷" ]
[ 4.41526, "o", "地" ]
[ 4.58435, "o", "使" ]
[ 4.75355, "o", "用" ]
[ 4.81082, "o", " " ]
[ 4.86810, "o", "`" ]
[ 4.92967, "o", "c" ]
[ 4.98645, "o", "u" ]
[ 5.04340, "o", "r" ]
[ 5.09942, "o", "l" ]
[ 5.15695, "o", "`" ]
[ 5.21358, "o", " " ]
[ 5.38273, "o", "命" ]
[ 5.55301, "o", "令" ]
[ 5.60974, "o", "\u001b[?2004l\r\r\n\u001b[1m\u001b[7m#\u001b[27m\u001b[1m\u001b[0m                                                                                                   \r \r" ]
[ 5.61027, "o", "\r\u001b[0m\u001b[27m\u001b[24m\u001b[J\r\n\u001b[19491001\u001b[1;35m> \u001b[20210325\u001b[0m\u001b[K\u001b[?2004h" ]
[ 7.12310, "o", "x" ]
[ 7.17689, "o", "\bx " ]
[ 7.23034, "o", "c" ]
[ 7.28525, "o", "u" ]
[ 7.33944, "o", "r" ]
[ 7.39372, "o", "l" ]
[ 7.44713, "o", " " ]
[ 7.50109, "o", "-" ]
[ 7.55830, "o", "-" ]
[ 7.61592, "o", "v" ]
[ 7.67330, "o", "e" ]
[ 7.73095, "o", "r" ]
[ 7.78928, "o", "s" ]
[ 7.84694, "o", "i" ]
[ 7.90364, "o", "o" ]
[ 7.96066, "o", "n" ]
[ 8.22357, "o", "\u001b[?2004l\r\r\n" ]
[ 8.24576, "o", "curl 7.86.0 (x86_64-pc-linux-musl) libcurl/7.86.0 LibreSSL/3.5.2 zlib/1.2.12 libssh2/1.9.0_DEV\r\nRelease-Date: 2022-10-26\r\nProtocols: dict file ftp ftps gopher gophers http https imap imaps mqtt pop3 pop3s rtsp scp sftp smb smbs smtp smtps telnet tftp \r\nFeatures: alt-svc AsynchDNS HSTS HTTPS-proxy IPv6 Largefile libz NTLM NTLM_WB SSL threadsafe UnixSockets\r\n" ]
[ 8.24768, "o", "\u001b[1m\u001b[7m#\u001b[27m\u001b[1m\u001b[0m                                                                                                   \r \r\r\u001b[0m\u001b[27m\u001b[24m\u001b[J\r\n\u001b[19491001\u001b[1;35m> \u001b[20210325\u001b[0m\u001b[K" ]
[ 8.24815, "o", "\u001b[?2004h" ]
[ 10.23184, "o", "#\b# " ]
[ 10.34569, "o", "使" ]
[ 10.51588, "o", "用" ]
[ 10.57264, "o", " " ]
[ 10.62958, "o", "`" ]
[ 10.68689, "o", "x" ]
[ 10.74399, "o", " " ]
[ 10.79973, "o", "e" ]
[ 10.85404, "o", "n" ]
[ 10.91108, "o", "v" ]
[ 10.96807, "o", " " ]
[ 11.02523, "o", "u" ]
[ 11.08156, "o", "s" ]
[ 11.13914, "o", "e" ]
[ 11.19622, "o", "`" ]
[ 11.25334, "o", " " ]
[ 11.42367, "o", "能" ]
[ 11.59299, "o", "自" ]
[ 11.76436, "o", "动" ]
[ 11.93451, "o", "安" ]
[ 12.10616, "o", "装" ]
[ 12.27694, "o", "并" ]
[ 12.44680, "o", "配" ]
[ 12.61642, "o", "置" ]
[ 12.78657, "o", "好" ]
[ 12.95745, "o", "相" ]
[ 13.12784, "o", "应" ]
[ 13.29704, "o", "的" ]
[ 13.46663, "o", "全" ]
[ 13.63599, "o", "局" ]
[ 13.80522, "o", "环" ]
[ 13.97413, "o", "境" ]
[ 14.14441, "o", "变" ]
[ 14.31362, "o", "量" ]
[ 14.37068, "o", "\u001b[?2004l\r\r\n\u001b[1m\u001b[7m#\u001b[27m\u001b[1m\u001b[0m                                                                                                   \r \r\r\u001b[0m\u001b[27m\u001b[24m\u001b[J\r\n\u001b[19491001\u001b[1;35m> \u001b[20210325\u001b[0m" ]
[ 14.37132, "o", "\u001b[K\u001b[?2004h" ]
[ 15.88677, "o", "x" ]
[ 15.94365, "o", "\bx " ]
[ 16.00041, "o", "e" ]
[ 16.05680, "o", "n" ]
[ 16.11399, "o", "v" ]
[ 16.17126, "o", " " ]
[ 16.22829, "o", "u" ]
[ 16.28489, "o", "s" ]
[ 16.34198, "o", "e" ]
[ 16.39879, "o", " " ]
[ 16.45689, "o", "c" ]
[ 16.51392, "o", "u" ]
[ 16.57132, "o", "r" ]
[ 16.62834, "o", "l" ]
[ 16.89450, "o", "\u001b[?2004l\r\r\n" ]
[ 17.35572, "o", "- \u001b[32mI\u001b[0m\u001b[32m|pkg: \u001b[0mSuccessfully set link from path \u001b[0m\r\n" ]
[ 17.42847, "o", "- \u001b[32mI\u001b[0m\u001b[32m|env: \u001b[0mSuccessfully set curl=v0.0.1 in the current environment.\u001b[0m\r\n" ]
[ 17.60418, "o", "- \u001b[32mI\u001b[0m\u001b[32m|env: \u001b[0mConfig file updated to /root/.x-cmd.root/local/data/env/version\u001b[0m\r\n" ]
[ 17.60468, "o", "\u001b[1m\u001b[7m#\u001b[27m\u001b[1m\u001b[0m                                                                                                   \r \r\r\u001b[0m\u001b[27m\u001b[24m\u001b[J\r\n\u001b[19491001\u001b[1;35m> \u001b[20210325\u001b[0m\u001b[K\u001b[?2004h" ]
[ 19.90246, "o", "#\b# " ]
[ 20.01553, "o", "下" ]
[ 20.18446, "o", "载" ]
[ 20.35416, "o", "并" ]
[ 20.52415, "o", "保" ]
[ 20.69039, "o", "存" ]
[ 20.86035, "o", "网" ]
[ 21.03022, "o", "页" ]
[ 21.08672, "o", "\u001b[?2004l\r\r\n" ]
[ 21.08738, "o", "\u001b[1m\u001b[7m#\u001b[27m\u001b[1m\u001b[0m                                                                                                   \r \r\r\u001b[0m\u001b[27m\u001b[24m\u001b[J\r\n\u001b[19491001\u001b[1;35m> \u001b[20210325\u001b[0m\u001b[K\u001b[?2004h" ]
[ 22.60025, "o", "c" ]
[ 22.65689, "o", "\bcu" ]
[ 22.71367, "o", "r" ]
[ 22.77083, "o", "l" ]
[ 22.82783, "o", " " ]
[ 22.88445, "o", "-" ]
[ 22.94217, "o", "o" ]
[ 22.99865, "o", " " ]
[ 23.05672, "o", "x" ]
[ 23.11367, "o", "-" ]
[ 23.17140, "o", "c" ]
[ 23.22851, "o", "m" ]
[ 23.28561, "o", "d" ]
[ 23.34239, "o", "." ]
[ 23.39968, "o", "h" ]
[ 23.45575, "o", "t" ]
[ 23.51256, "o", "m" ]
[ 23.56972, "o", "l" ]
[ 23.62647, "o", " " ]
[ 23.68349, "o", "h" ]
[ 23.74021, "o", "t" ]
[ 23.79725, "o", "t" ]
[ 23.85410, "o", "p" ]
[ 23.91069, "o", "s" ]
[ 23.96745, "o", ":" ]
[ 24.02447, "o", "/" ]
[ 24.08172, "o", "/" ]
[ 24.13775, "o", "w" ]
[ 24.19266, "o", "w" ]
[ 24.24870, "o", "w" ]
[ 24.30613, "o", "." ]
[ 24.36316, "o", "x" ]
[ 24.42122, "o", "-" ]
[ 24.47911, "o", "c" ]
[ 24.53688, "o", "m" ]
[ 24.59410, "o", "d" ]
[ 24.65292, "o", "." ]
[ 24.71012, "o", "c" ]
[ 24.76761, "o", "o" ]
[ 24.82473, "o", "m" ]
[ 25.08957, "o", "\u001b[?2004l\r\r\n" ]
[ 25.12913, "o", "  % Total    % Received % Xferd  Average Speed   Time    Time     Time  Current\r\n            " ]
[ 25.12988, "o", "                     Dload  Upload   Total   Spent    Left  " ]
[ 25.13005, "o", "Speed\r\n\r  0     0    0     0    0     0      0      0 --:--:-- --:--:-- --:--:--     0" ]
[ 25.46318, "o", "\r  0  " ]
[ 25.46385, "o", "   0    0     0    0     0      0      0 --:--:-- --:--:-- --:" ]
[ 25.46417, "o", "--:--     0" ]
[ 25.68577, "o", "\r100 57683  100 57683    0     0   101k      0 --:--:-- --:--" ]
[ 25.68682, "o", ":-- --:--:--  101k\r\n" ]
[ 25.69659, "o", "\u001b[1m\u001b[7m#\u001b[27m\u001b[1m\u001b[0m                                                                                                   \r \r\r\u001b[0m\u001b[27m\u001b[24m\u001b[J\r\n\u001b[19491001\u001b[1;35m> \u001b[20210325\u001b[0m\u001b[K\u001b[?2004h" ]
[ 29.10242, "o", "x" ]
[ 29.15967, "o", "\bx " ]
[ 29.21731, "o", "e" ]
[ 29.27423, "o", "x" ]
[ 29.33075, "o", "a" ]
[ 29.38734, "o", " " ]
[ 29.44411, "o", "-" ]
[ 29.50089, "o", "l" ]
[ 29.55776, "o", " " ]
[ 29.61436, "o", "x" ]
[ 29.67155, "o", "-" ]
[ 29.72840, "o", "c" ]
[ 29.78585, "o", "m" ]
[ 29.84258, "o", "d" ]
[ 29.90048, "o", "." ]
[ 29.95765, "o", "h" ]
[ 30.01433, "o", "t" ]
[ 30.07164, "o", "m" ]
[ 30.12878, "o", "l" ]
[ 30.39302, "o", "\u001b[?2004l\r\r\n" ]
[ 30.67739, "o", ".\u001b[1;33mr\u001b[31mw\u001b[0m\u001b[38;5;244m-\u001b[33mr\u001b[38;5;244m--\u001b[33mr\u001b[38;5;244m--\u001b[0m \u001b[1;32m58\u001b[0m\u001b[32mk\u001b[0m \u001b[1;33mroot\u001b[0m \u001b[34m20 Jul 23:41\u001b[0m x-cmd.html\r\n" ]
[ 30.67935, "o", "\u001b[1m\u001b[7m#\u001b[27m\u001b[1m\u001b[0m                                                                                                   \r \r\r\u001b[0m\u001b[27m\u001b[24m\u001b[J\r\n\u001b[19491001\u001b[1;35m> \u001b[20210325\u001b[0m\u001b[K" ]
[ 30.67984, "o", "\u001b[?2004h" ]
[ 31.40106, "o", "#\b# " ]
