{"version":2,"width":100,"height":26,"timestamp":1690611441,"env":{"SHELL":"","TERM":"xterm"}}
[ 0.00000, "o", "" ]
[ 0.13748, "o", "\u001b[19491001\u001b[1;35m> \u001b[20210325\u001b[0m\u001b[K\u001b[?2004h" ]
[ 0.41720, "o", "#\b# " ]
[ 0.52108, "o", "使" ]
[ 0.67650, "o", "用" ]
[ 0.72850, "o", " " ]
[ 0.78014, "o", "`" ]
[ 0.83202, "o", "x" ]
[ 0.88352, "o", " " ]
[ 0.93545, "o", "d" ]
[ 0.98738, "o", "a" ]
[ 1.03906, "o", "s" ]
[ 1.09086, "o", "e" ]
[ 1.14242, "o", "l" ]
[ 1.19440, "o", "`" ]
[ 1.24665, "o", " " ]
[ 1.40152, "o", "命" ]
[ 1.55649, "o", "令" ]
[ 1.71214, "o", "格" ]
[ 1.86711, "o", "式" ]
[ 2.02316, "o", "能" ]
[ 2.17857, "o", "快" ]
[ 2.33348, "o", "捷" ]
[ 2.48812, "o", "地" ]
[ 2.64360, "o", "使" ]
[ 2.79814, "o", "用" ]
[ 2.85009, "o", " " ]
[ 2.90150, "o", "`" ]
[ 2.95290, "o", "d" ]
[ 3.00469, "o", "a" ]
[ 3.05612, "o", "s" ]
[ 3.10799, "o", "e" ]
[ 3.15945, "o", "l" ]
[ 3.21142, "o", "`" ]
[ 3.26375, "o", " " ]
[ 3.41964, "o", "命" ]
[ 3.57545, "o", "令" ]
[ 3.62701, "o", "\u001b[?2004l\r\r\n" ]
[ 3.62718, "o", "\u001b[1m\u001b[7m#\u001b[27m\u001b[1m\u001b[0m                                                                                                   \r \r\r\u001b[0m\u001b[27m\u001b[24m\u001b[J\r\n\u001b[19491001\u001b[1;35m> \u001b[20210325\u001b[0m\u001b[K\u001b[?2004h" ]
[ 5.13109, "o", "x" ]
[ 5.18278, "o", "\bx " ]
[ 5.23467, "o", "d" ]
[ 5.28655, "o", "a" ]
[ 5.33839, "o", "s" ]
[ 5.39046, "o", "e" ]
[ 5.44214, "o", "l" ]
[ 5.49407, "o", " " ]
[ 5.54576, "o", "-" ]
[ 5.59748, "o", "-" ]
[ 5.64898, "o", "v" ]
[ 5.70147, "o", "e" ]
[ 5.75390, "o", "r" ]
[ 5.80586, "o", "s" ]
[ 5.85776, "o", "i" ]
[ 5.90983, "o", "o" ]
[ 5.96186, "o", "n" ]
[ 6.21578, "o", "\u001b[?2004l\r\r\n" ]
[ 6.28604, "o", "dasel version development\r\n" ]
[ 6.28657, "o", "\u001b[1m\u001b[7m#\u001b[27m\u001b[1m\u001b[0m                                                                                                   \r \r\r\u001b[0m\u001b[27m\u001b[24m\u001b[J\r\n\u001b[19491001\u001b[1;35m> \u001b[20210325\u001b[0m\u001b[K\u001b[?2004h" ]
[ 8.21822, "o", "#\b# " ]
[ 8.32127, "o", "使" ]
[ 8.47646, "o", "用" ]
[ 8.52819, "o", " " ]
[ 8.58008, "o", "`" ]
[ 8.63194, "o", "x" ]
[ 8.68401, "o", " " ]
[ 8.73544, "o", "e" ]
[ 8.78719, "o", "n" ]
[ 8.83883, "o", "v" ]
[ 8.89082, "o", " " ]
[ 8.94236, "o", "u" ]
[ 8.99480, "o", "s" ]
[ 9.04656, "o", "e" ]
[ 9.09848, "o", "`" ]
[ 9.15007, "o", " " ]
[ 9.30518, "o", "能" ]
[ 9.46047, "o", "自" ]
[ 9.61653, "o", "动" ]
[ 9.77216, "o", "安" ]
[ 9.92797, "o", "装" ]
[ 10.08266, "o", "并" ]
[ 10.23806, "o", "配" ]
[ 10.39387, "o", "置" ]
[ 10.54921, "o", "好" ]
[ 10.70469, "o", "相" ]
[ 10.86009, "o", "应" ]
[ 11.01572, "o", "的" ]
[ 11.17082, "o", "全" ]
[ 11.32678, "o", "局" ]
[ 11.48188, "o", "环" ]
[ 11.63662, "o", "境" ]
[ 11.79099, "o", "变" ]
[ 11.94565, "o", "量" ]
[ 11.99717, "o", "\u001b[?2004l\r\r\n" ]
[ 11.99739, "o", "\u001b[1m\u001b[7m#\u001b[27m\u001b[1m\u001b[0m                                                                                                   \r \r\r\u001b[0m\u001b[27m\u001b[24m\u001b[J\r\n\u001b[19491001\u001b[1;35m> \u001b[20210325\u001b[0m\u001b[K\u001b[?2004h" ]
[ 13.50100, "o", "x" ]
[ 13.55245, "o", "\bx " ]
[ 13.60472, "o", "e" ]
[ 13.65728, "o", "n" ]
[ 13.70922, "o", "v" ]
[ 13.76112, "o", " " ]
[ 13.81302, "o", "u" ]
[ 13.86491, "o", "s" ]
[ 13.91659, "o", "e" ]
[ 13.96851, "o", " " ]
[ 14.02036, "o", "d" ]
[ 14.07292, "o", "a" ]
[ 14.12547, "o", "s" ]
[ 14.17742, "o", "e" ]
[ 14.22939, "o", "l" ]
[ 14.48305, "o", "\u001b[?2004l\r\r\n" ]
[ 14.60757, "o", "- \u001b[32mI\u001b[0m\u001b[32m|pkg: \u001b[0mSuccessfully set link from path \u001b[0m\r\n" ]
[ 14.63314, "o", "- \u001b[32mI\u001b[0m\u001b[32m|env: \u001b[0mSuccessfully set dasel=v0.0.1 in the current environment.\u001b[0m\r\n" ]
[ 14.68900, "o", "- \u001b[32mI\u001b[0m\u001b[32m|env: \u001b[0mConfig file updated to /root/.x-cmd.root/local/data/env/version\u001b[0m\r\n" ]
[ 14.68916, "o", "\u001b[1m\u001b[7m#\u001b[27m\u001b[1m\u001b[0m                                                                                                   \r \r\r\u001b[0m\u001b[27m\u001b[24m\u001b[J\r\n\u001b[19491001\u001b[1;35m> \u001b[20210325\u001b[0m\u001b[K\u001b[?2004h" ]
[ 16.48468, "o", "#\b# " ]
[ 16.58800, "o", "获" ]
[ 16.74271, "o", "取" ]
[ 16.79447, "o", " " ]
[ 16.84663, "o", "j" ]
[ 16.89814, "o", "s" ]
[ 16.95005, "o", "o" ]
[ 17.00163, "o", "n" ]
[ 17.05358, "o", " " ]
[ 17.20809, "o", "数" ]
[ 17.36297, "o", "据" ]
[ 17.51822, "o", "中" ]
[ 17.67495, "o", "指" ]
[ 17.82984, "o", "定" ]
[ 17.98543, "o", "字" ]
[ 18.14067, "o", "段" ]
[ 18.29530, "o", "的" ]
[ 18.44997, "o", "值" ]
[ 18.50163, "o", "\u001b[?2004l\r\r\n\u001b[1m\u001b[7m#\u001b[27m\u001b[1m\u001b[0m                                                                                                   \r \r\r\u001b[0m\u001b[27m\u001b[24m\u001b[J\r\n\u001b[19491001\u001b[1;35m> \u001b[20210325\u001b[0m\u001b[K\u001b[?2004h" ]
[ 20.00604, "o", "e" ]
[ 20.05771, "o", "\bec" ]
[ 20.10956, "o", "h" ]
[ 20.16122, "o", "o" ]
[ 20.21303, "o", " " ]
[ 20.26465, "o", "'" ]
[ 20.31597, "o", "{" ]
[ 20.36779, "o", "\"" ]
[ 20.41916, "o", "n" ]
[ 20.47074, "o", "a" ]
[ 20.52232, "o", "m" ]
[ 20.57601, "o", "e" ]
[ 20.62825, "o", "\"" ]
[ 20.67955, "o", ":" ]
[ 20.73115, "o", "\"" ]
[ 20.78278, "o", "B" ]
[ 20.83433, "o", "o" ]
[ 20.88581, "o", "d" ]
[ 20.93759, "o", "\"" ]
[ 20.98920, "o", "," ]
[ 21.04115, "o", "\"" ]
[ 21.09349, "o", "a" ]
[ 21.14492, "o", "g" ]
[ 21.19701, "o", "e" ]
[ 21.24851, "o", "\"" ]
[ 21.30025, "o", ":" ]
[ 21.35186, "o", "1" ]
[ 21.40344, "o", "8" ]
[ 21.45479, "o", "}" ]
[ 21.50654, "o", "'" ]
[ 21.55825, "o", " " ]
[ 21.60973, "o", "|" ]
[ 21.66149, "o", " " ]
[ 21.71293, "o", "d" ]
[ 21.76478, "o", "a" ]
[ 21.81686, "o", "s" ]
[ 21.86852, "o", "e" ]
[ 21.92075, "o", "l" ]
[ 21.97244, "o", " " ]
[ 22.02483, "o", "-" ]
[ 22.07673, "o", "r" ]
[ 22.12867, "o", " " ]
[ 22.18010, "o", "j" ]
[ 22.23229, "o", "s" ]
[ 22.28435, "o", "o" ]
[ 22.33611, "o", "n" ]
[ 22.38788, "o", " " ]
[ 22.44028, "o", "'" ]
[ 22.49235, "o", "n" ]
[ 22.54435, "o", "a" ]
[ 22.59660, "o", "m" ]
[ 22.64800, "o", "e" ]
[ 22.69974, "o", "'" ]
[ 22.95454, "o", "\u001b[?2004l\r\r\n" ]
[ 22.95849, "o", "\"Bod\"\r\n" ]
[ 22.95881, "o", "\u001b[1m\u001b[7m#\u001b[27m\u001b[1m\u001b[0m                                                                                                   \r \r\r\u001b[0m\u001b[27m\u001b[24m\u001b[J\r\n\u001b[19491001\u001b[1;35m> \u001b[20210325\u001b[0m" ]
[ 22.95888, "o", "\u001b[K\u001b[?2004h" ]
[ 24.95667, "o", "#\b# " ]
[ 25.06007, "o", "修" ]
[ 25.21518, "o", "改" ]
[ 25.26662, "o", " " ]
[ 25.31848, "o", "`" ]
[ 25.37058, "o", "n" ]
[ 25.42285, "o", "a" ]
[ 25.47476, "o", "m" ]
[ 25.52724, "o", "e" ]
[ 25.57891, "o", "`" ]
[ 25.63112, "o", " " ]
[ 25.78609, "o", "字" ]
[ 25.94126, "o", "段" ]
[ 26.09665, "o", "的" ]
[ 26.25201, "o", "值" ]
[ 26.30384, "o", "\u001b[?2004l\r\r\n" ]
[ 26.30404, "o", "\u001b[1m\u001b[7m#\u001b[27m\u001b[1m\u001b[0m                                                                                                   \r \r\r\u001b[0m\u001b[27m\u001b[24m\u001b[J\r\n\u001b[19491001\u001b[1;35m> \u001b[20210325\u001b[0m\u001b[K\u001b[?2004h" ]
[ 27.80688, "o", "e" ]
[ 27.85858, "o", "\bec" ]
[ 27.91000, "o", "h" ]
[ 27.96154, "o", "o" ]
[ 28.01362, "o", " " ]
[ 28.06513, "o", "'" ]
[ 28.11675, "o", "{" ]
[ 28.16871, "o", "\"" ]
[ 28.22043, "o", "n" ]
[ 28.27233, "o", "a" ]
[ 28.32382, "o", "m" ]
[ 28.37599, "o", "e" ]
[ 28.42773, "o", "\"" ]
[ 28.48028, "o", ":" ]
[ 28.53235, "o", "\"" ]
[ 28.58388, "o", "B" ]
[ 28.63563, "o", "o" ]
[ 28.68727, "o", "d" ]
[ 28.73913, "o", "\"" ]
[ 28.79064, "o", "," ]
[ 28.84264, "o", "\"" ]
[ 28.89393, "o", "a" ]
[ 28.94591, "o", "g" ]
[ 28.99775, "o", "e" ]
[ 29.04916, "o", "\"" ]
[ 29.10090, "o", ":" ]
[ 29.15253, "o", "1" ]
[ 29.20451, "o", "8" ]
[ 29.25608, "o", "}" ]
[ 29.30797, "o", "'" ]
[ 29.35976, "o", " " ]
