{"version":2,"width":100,"height":26,"timestamp":1689772918,"env":{"SHELL":"","TERM":"xterm"}}
[ 0.00000, "o", "" ]
[ 0.15280, "o", "\u001b[19491001\u001b[1;35m> \u001b[20210325\u001b[0m\u001b[K\u001b[?2004h" ]
[ 0.41688, "o", "#\b# " ]
[ 0.52109, "o", "使" ]
[ 0.67641, "o", "用" ]
[ 0.72854, "o", " " ]
[ 0.78022, "o", "`" ]
[ 0.83257, "o", "x" ]
[ 0.88458, "o", " " ]
[ 0.93650, "o", "d" ]
[ 0.98918, "o", "e" ]
[ 1.04149, "o", "n" ]
[ 1.09347, "o", "o" ]
[ 1.14498, "o", "`" ]
[ 1.19653, "o", " " ]
[ 1.35277, "o", "命" ]
[ 1.50829, "o", "令" ]
[ 1.66401, "o", "格" ]
[ 1.81962, "o", "式" ]
[ 1.97541, "o", "能" ]
[ 2.13188, "o", "快" ]
[ 2.28780, "o", "捷" ]
[ 2.44328, "o", "地" ]
[ 2.59965, "o", "使" ]
[ 2.75562, "o", "用" ]
[ 2.80744, "o", " " ]
[ 2.85979, "o", "`" ]
[ 2.91204, "o", "d" ]
[ 2.96404, "o", "e" ]
[ 3.01604, "o", "n" ]
[ 3.06794, "o", "o" ]
[ 3.11991, "o", "`" ]
[ 3.17165, "o", " " ]
[ 3.32739, "o", "命" ]
[ 3.48305, "o", "令" ]
[ 3.53478, "o", "\u001b[?2004l\r\r\n" ]
[ 3.53507, "o", "\u001b[1m\u001b[7m#\u001b[27m\u001b[1m\u001b[0m                                                                                                   \r \r\r\u001b[0m\u001b[27m\u001b[24m\u001b[J\r\n\u001b[19491001\u001b[1;35m> \u001b[20210325\u001b[0m\u001b[K\u001b[?2004h" ]
[ 5.03858, "o", "x" ]
[ 5.09077, "o", "\bx " ]
[ 5.14276, "o", "d" ]
[ 5.19435, "o", "e" ]
[ 5.24637, "o", "n" ]
[ 5.29814, "o", "o" ]
[ 5.35033, "o", " " ]
[ 5.40226, "o", "-" ]
[ 5.45469, "o", "-" ]
[ 5.50690, "o", "v" ]
[ 5.55878, "o", "e" ]
[ 5.61067, "o", "r" ]
[ 5.66318, "o", "s" ]
[ 5.71534, "o", "i" ]
[ 5.76696, "o", "o" ]
[ 5.81902, "o", "n" ]
[ 6.07359, "o", "\u001b[?2004l\r\r\n" ]
[ 6.08201, "o", "deno 1.22.0 (release, x86_64-unknown-linux-gnu)\r\nv8 10.0.139.17\r\ntypescript 4.6.2\r\n" ]
[ 6.08311, "o", "\u001b[1m\u001b[7m#\u001b[27m\u001b[1m\u001b[0m                                                                                                   \r \r\r\u001b[0m\u001b[27m\u001b[24m\u001b[J\r\n\u001b[19491001\u001b[1;35m> \u001b[20210325\u001b[0m\u001b[K" ]
[ 6.08326, "o", "\u001b[?2004h" ]
[ 8.07578, "o", "#\b# " ]
[ 8.17943, "o", "使" ]
[ 8.33578, "o", "用" ]
[ 8.38803, "o", " " ]
[ 8.44006, "o", "`" ]
[ 8.49164, "o", "x" ]
[ 8.54336, "o", " " ]
[ 8.59506, "o", "e" ]
[ 8.64740, "o", "n" ]
[ 8.69935, "o", "v" ]
[ 8.75106, "o", " " ]
[ 8.80342, "o", "u" ]
[ 8.85584, "o", "s" ]
[ 8.90775, "o", "e" ]
[ 8.95958, "o", "`" ]
[ 9.01156, "o", " " ]
[ 9.16703, "o", "能" ]
[ 9.32351, "o", "自" ]
[ 9.47931, "o", "动" ]
[ 9.63485, "o", "安" ]
[ 9.79040, "o", "装" ]
[ 9.94549, "o", "并" ]
[ 10.10170, "o", "配" ]
[ 10.25694, "o", "置" ]
[ 10.41291, "o", "好" ]
[ 10.56854, "o", "相" ]
[ 10.72343, "o", "应" ]
[ 10.87932, "o", "的" ]
[ 11.03571, "o", "全" ]
[ 11.19165, "o", "局" ]
[ 11.34785, "o", "环" ]
[ 11.50377, "o", "境" ]
[ 11.65993, "o", "变" ]
[ 11.81494, "o", "量" ]
[ 11.86676, "o", "\u001b[?2004l\r\r\n\u001b[1m\u001b[7m#\u001b[27m\u001b[1m\u001b[0m                                                                                                   \r \r\r\u001b[0m\u001b[27m\u001b[24m\u001b[J\r\n\u001b[19491001\u001b[1;35m> \u001b[20210325\u001b[0m\u001b[K\u001b[?2004h" ]
[ 13.37118, "o", "x" ]
[ 13.42351, "o", "\bx " ]
[ 13.47571, "o", "e" ]
[ 13.52724, "o", "n" ]
[ 13.57915, "o", "v" ]
[ 13.63109, "o", " " ]
[ 13.68260, "o", "u" ]
[ 13.73472, "o", "s" ]
[ 13.78668, "o", "e" ]
[ 13.83854, "o", " " ]
[ 13.89060, "o", "d" ]
[ 13.94265, "o", "e" ]
[ 13.99464, "o", "n" ]
[ 14.04662, "o", "o" ]
[ 14.30063, "o", "\u001b[?2004l\r\r\n" ]
[ 14.42800, "o", "- \u001b[32mI\u001b[0m\u001b[32m|pkg: \u001b[0mSuccessfully set link from path \u001b[0m\r\n" ]
[ 14.45315, "o", "- \u001b[32mI\u001b[0m\u001b[32m|env: \u001b[0mSuccessfully set deno=v1.22.0 in the current environment.\u001b[0m\r\n" ]
[ 14.51702, "o", "- \u001b[32mI\u001b[0m\u001b[32m|env: \u001b[0mConfig file updated to /root/.x-cmd.root/local/data/env/version\u001b[0m\r\n" ]
[ 14.51728, "o", "\u001b[1m\u001b[7m#\u001b[27m\u001b[1m\u001b[0m                                                                                                   \r \r" ]
[ 14.51740, "o", "\r\u001b[0m\u001b[27m\u001b[24m\u001b[J\r\n\u001b[19491001\u001b[1;35m> \u001b[20210325\u001b[0m\u001b[K\u001b[?2004h" ]
[ 16.30275, "o", "#\b# " ]
[ 16.40696, "o", "运" ]
[ 16.56228, "o", "行" ]
[ 16.61436, "o", " " ]
[ 16.66633, "o", "\"" ]
[ 16.71850, "o", "h" ]
[ 16.77051, "o", "e" ]
[ 16.82271, "o", "l" ]
[ 16.87497, "o", "l" ]
[ 16.92706, "o", "o" ]
[ 16.97880, "o", " " ]
[ 17.03081, "o", "w" ]
[ 17.08305, "o", "o" ]
[ 17.13538, "o", "r" ]
[ 17.18756, "o", "l" ]
[ 17.23952, "o", "d" ]
[ 17.29155, "o", "\"" ]
[ 17.34311, "o", "\u001b[?2004l\r\r\n" ]
[ 17.34324, "o", "\u001b[1m\u001b[7m#\u001b[27m\u001b[1m\u001b[0m                                                                                                   \r \r\r\u001b[0m\u001b[27m\u001b[24m\u001b[J\r\n\u001b[19491001\u001b[1;35m> \u001b[20210325\u001b[0m\u001b[K\u001b[?2004h" ]
[ 18.84653, "o", "x" ]
[ 18.89876, "o", "\bx " ]
[ 18.95088, "o", "c" ]
[ 19.00363, "o", "a" ]
[ 19.05570, "o", "t" ]
[ 19.10742, "o", " " ]
[ 19.15957, "o", "w" ]
[ 19.21165, "o", "e" ]
[ 19.26372, "o", "l" ]
[ 19.31566, "o", "c" ]
[ 19.36760, "o", "o" ]
[ 19.42056, "o", "m" ]
[ 19.47216, "o", "e" ]
[ 19.52445, "o", "." ]
[ 19.57613, "o", "t" ]
[ 19.62784, "o", "s" ]
[ 19.88172, "o", "\u001b[?2004l\r\r\n" ]
[ 20.04192, "o", "\r\u001b[38;5;238m───────┬────────────────────────────────────────────────────────────────────────────────────────────\u001b[0m\u001b[m\r\n       \u001b[38;5;238m│ \u001b[0mFile: \u001b[1mwelcome.ts\u001b[0m\u001b[m\r\n\u001b[38;5;238m───────┼────────────────────────────────────────────────────────────────────────────────────────────\u001b[0m\u001b[m\r\n\u001b[38;5;238m   1\u001b[0m   \u001b[38;5;238m│\u001b[0m \u001b[38;5;149mconsole\u001b[0m\u001b[38;5;231m.\u001b[0m\u001b[38;5;81mlog\u001b[0m\u001b[38;5;231m(\u001b[0m\u001b[38;5;186m\"\u001b[0m\u001b[38;5;186mWelcome to Deno!\u001b[0m\u001b[38;5;186m\"\u001b[0m\u001b[38;5;231m)\u001b[0m\u001b[38;5;231m;\u001b[0m\u001b[m\r\n\u001b[38;5;238m───────┴───────────────────────────" ]
[ 20.04217, "o", "─" ]
[ 20.04230, "o", "────────────────────────────────────────────────────────────────\u001b[0m\u001b[m\r\n\r\u001b[K" ]
[ 20.04849, "o", "\u001b[1m\u001b[7m#\u001b[27m\u001b[1m\u001b[0m                                                                                                   \r \r\r\u001b[0m\u001b[27m\u001b[24m\u001b[J\r\n\u001b[19491001\u001b[1;35m> \u001b[20210325\u001b[0m\u001b[K" ]
[ 20.04873, "o", "\u001b[?2004h" ]
[ 21.88396, "o", "d" ]
[ 21.93630, "o", "\bde" ]
[ 21.98799, "o", "n" ]
[ 22.04060, "o", "o" ]
[ 22.09290, "o", " " ]
[ 22.14515, "o", "r" ]
[ 22.19669, "o", "u" ]
[ 22.24846, "o", "n" ]
[ 22.30044, "o", " " ]
[ 22.35329, "o", "w" ]
[ 22.40506, "o", "e" ]
[ 22.45780, "o", "l" ]
[ 22.50982, "o", "c" ]
[ 22.56185, "o", "o" ]
[ 22.61365, "o", "m" ]
[ 22.66569, "o", "e" ]
[ 22.71762, "o", "." ]
[ 22.76928, "o", "t" ]
[ 22.82134, "o", "s" ]
[ 23.07476, "o", "\u001b[?2004l\r\r\n" ]
[ 23.08920, "o", "Welcome to Deno!\r\n" ]
[ 23.09214, "o", "\u001b[1m\u001b[7m#\u001b[27m\u001b[1m\u001b[0m                                                                                                   \r \r\r\u001b[0m\u001b[27m\u001b[24m\u001b[J\r\n\u001b[19491001\u001b[1;35m> \u001b[20210325\u001b[0m\u001b[K\u001b[?2004h" ]
[ 25.07731, "o", "#\b# " ]
[ 25.18162, "o", "运" ]
[ 25.33734, "o", "行" ]
[ 25.49351, "o", "网" ]
[ 25.64959, "o", "络" ]
[ 25.80520, "o", "上" ]
[ 25.96129, "o", "的" ]
[ 26.11775, "o", "代" ]
[ 26.27380, "o", "码" ]
[ 26.32554, "o", "\u001b[?2004l\r\r\n\u001b[1m\u001b[7m#\u001b[27m\u001b[1m\u001b[0m                                                                                                   \r \r" ]
[ 26.32566, "o", "\r\u001b[0m\u001b[27m\u001b[24m\u001b[J\r\n\u001b[19491001\u001b[1;35m> \u001b[20210325\u001b[0m\u001b[K\u001b[?2004h" ]
[ 27.82963, "o", "d" ]
[ 27.88195, "o", "\bde" ]
