{"version":2,"width":100,"height":26,"timestamp":1689840983,"env":{"SHELL":"","TERM":"xterm"}}
[ 0.00000, "o", "" ]
[ 0.19316, "o", "\u001b[19491001\u001b[1;35m> \u001b[20210325\u001b[0m" ]
[ 0.19327, "o", "\u001b[K\u001b[?2004h" ]
[ 0.38738, "o", "#\b# " ]
[ 0.49132, "o", "使" ]
[ 0.64819, "o", "用" ]
[ 0.69992, "o", " " ]
[ 0.75191, "o", "`" ]
[ 0.80394, "o", "x" ]
[ 0.85652, "o", " " ]
[ 0.90861, "o", "d" ]
[ 0.96109, "o", "i" ]
[ 1.01298, "o", "f" ]
[ 1.06468, "o", "f" ]
[ 1.11723, "o", "t" ]
[ 1.16891, "o", "`" ]
[ 1.22111, "o", " " ]
[ 1.37672, "o", "命" ]
[ 1.53294, "o", "令" ]
[ 1.68971, "o", "格" ]
[ 1.84538, "o", "式" ]
[ 2.00084, "o", "能" ]
[ 2.15591, "o", "快" ]
[ 2.31143, "o", "捷" ]
[ 2.46694, "o", "地" ]
[ 2.62322, "o", "使" ]
[ 2.77949, "o", "用" ]
[ 2.83120, "o", " " ]
[ 2.88372, "o", "`" ]
[ 2.93550, "o", "d" ]
[ 2.98776, "o", "i" ]
[ 3.03952, "o", "f" ]
[ 3.09184, "o", "f" ]
[ 3.14379, "o", "t" ]
[ 3.19583, "o", "`" ]
[ 3.24796, "o", " " ]
[ 3.40338, "o", "命" ]
[ 3.55918, "o", "令" ]
[ 3.61139, "o", "\u001b[?2004l\r\r\n\u001b[1m\u001b[7m#\u001b[27m\u001b[1m\u001b[0m                                                                                                   \r \r\r\u001b[0m\u001b[27m\u001b[24m\u001b[J\r\n\u001b[19491001\u001b[1;35m> \u001b[20210325\u001b[0m\u001b[K\u001b[?2004h" ]
[ 4.11310, "o", "x" ]
[ 4.16570, "o", "\bx " ]
[ 4.21756, "o", "d" ]
[ 4.26961, "o", "i" ]
[ 4.32133, "o", "f" ]
[ 4.37347, "o", "f" ]
[ 4.42536, "o", "t" ]
[ 4.47710, "o", " " ]
[ 4.52957, "o", "-" ]
[ 4.58165, "o", "-" ]
[ 4.63361, "o", "v" ]
[ 4.68546, "o", "e" ]
[ 4.73760, "o", "r" ]
[ 4.78970, "o", "s" ]
[ 4.84159, "o", "i" ]
[ 4.89374, "o", "o" ]
[ 4.94568, "o", "n" ]
[ 5.20080, "o", "\u001b[?2004l\r\r\n" ]
[ 5.28096, "o", "\u001b[0mDifftastic 0.46.0\r\n\u001b[0m" ]
[ 5.28154, "o", "\u001b[1m\u001b[7m#\u001b[27m\u001b[1m\u001b[0m                                                                                                   \r \r" ]
[ 5.28171, "o", "\r\u001b[0m\u001b[27m\u001b[24m\u001b[J\r\n\u001b[19491001\u001b[1;35m> \u001b[20210325\u001b[0m\u001b[K\u001b[?2004h" ]
[ 7.20292, "o", "#\b# " ]
[ 7.30688, "o", "使" ]
[ 7.46307, "o", "用" ]
[ 7.51568, "o", " " ]
[ 7.56811, "o", "`" ]
[ 7.62031, "o", "x" ]
[ 7.67217, "o", " " ]
[ 7.72427, "o", "e" ]
[ 7.77598, "o", "n" ]
[ 7.82806, "o", "v" ]
[ 7.87995, "o", " " ]
[ 7.93250, "o", "u" ]
[ 7.98511, "o", "s" ]
[ 8.03755, "o", "e" ]
[ 8.08965, "o", "`" ]
[ 8.14236, "o", " " ]
[ 8.29835, "o", "能" ]
[ 8.45388, "o", "自" ]
[ 8.60927, "o", "动" ]
[ 8.76523, "o", "安" ]
[ 8.92260, "o", "装" ]
[ 9.07903, "o", "并" ]
[ 9.23510, "o", "配" ]
[ 9.39079, "o", "置" ]
[ 9.54631, "o", "好" ]
[ 9.70377, "o", "相" ]
[ 9.85976, "o", "应" ]
[ 10.01475, "o", "的" ]
[ 10.17224, "o", "全" ]
[ 10.32824, "o", "局" ]
[ 10.48341, "o", "环" ]
[ 10.63984, "o", "境" ]
[ 10.79615, "o", "变" ]
[ 10.95173, "o", "量" ]
[ 11.00367, "o", "\u001b[?2004l\r\r\n\u001b[1m\u001b[7m#\u001b[27m\u001b[1m\u001b[0m                                                                                                   \r \r\r\u001b[0m\u001b[27m\u001b[24m\u001b[J\r\n\u001b[19491001\u001b[1;35m> \u001b[20210325\u001b[0m\u001b[K\u001b[?2004h" ]
[ 11.50591, "o", "x" ]
[ 11.55794, "o", "\bx " ]
[ 11.60999, "o", "e" ]
[ 11.66201, "o", "n" ]
[ 11.71459, "o", "v" ]
[ 11.76675, "o", " " ]
[ 11.81856, "o", "u" ]
[ 11.87045, "o", "s" ]
[ 11.92234, "o", "e" ]
[ 11.97432, "o", " " ]
[ 12.02644, "o", "d" ]
[ 12.07878, "o", "i" ]
[ 12.13078, "o", "f" ]
[ 12.18310, "o", "f" ]
[ 12.23525, "o", "t" ]
[ 12.48872, "o", "\u001b[?2004l\r\r\n" ]
[ 12.62837, "o", "- \u001b[32mI\u001b[0m\u001b[32m|pkg: \u001b[0mSuccessfully set link from path \u001b[0m\r\n" ]
[ 12.65124, "o", "- \u001b[32mI\u001b[0m\u001b[32m|env: \u001b[0mSuccessfully set difft=v0.0.1 in the current environment.\u001b[0m\r\n" ]
[ 12.75967, "o", "- \u001b[32mI\u001b[0m\u001b[32m|env: \u001b[0mConfig file updated to /root/.x-cmd.root/local/data/env/version\u001b[0m\r\n" ]
[ 12.75992, "o", "\u001b[1m\u001b[7m#\u001b[27m\u001b[1m\u001b[0m                                                                                                   \r \r\r\u001b[0m\u001b[27m\u001b[24m\u001b[J\r\n\u001b[19491001\u001b[1;35m> \u001b[20210325\u001b[0m" ]
[ 12.76017, "o", "\u001b[K\u001b[?2004h" ]
[ 14.49154, "o", "x" ]
[ 14.54397, "o", "\bx " ]
[ 14.59590, "o", "e" ]
[ 14.64787, "o", "x" ]
[ 14.69989, "o", "a" ]
[ 14.75190, "o", " " ]
[ 14.80390, "o", "-" ]
[ 14.85573, "o", "-" ]
[ 14.90817, "o", "t" ]
[ 14.96058, "o", "r" ]
[ 15.01307, "o", "e" ]
[ 15.06551, "o", "e" ]
[ 15.31923, "o", "\u001b[?2004l\r\r\n" ]
[ 15.40240, "o", "\u001b[1;34m.\u001b[0m\r\n\u001b[38;5;244m├──\u001b[0m \u001b[1;34mnew\u001b[0m\r\n\u001b[38;5;244m│  ├──\u001b[0m hello.py\r\n\u001b[38;5;244m│  └──\u001b[0m new.rs\r\n\u001b[38;5;244m└──\u001b[0m \u001b[1;34mold\u001b[0m\r\n\u001b[38;5;244m   ├──\u001b[0m hello.py\r\n\u001b[38;5;244m   └──\u001b[0m old.rs\r\n" ]
[ 15.40282, "o", "\u001b[1m\u001b[7m#\u001b[27m\u001b[1m\u001b[0m                                                                                                   \r \r\r\u001b[0m\u001b[27m\u001b[24m\u001b[J\r\n\u001b[19491001\u001b[1;35m> \u001b[20210325\u001b[0m\u001b[K\u001b[?2004h" ]
[ 17.32184, "o", "#\b# " ]
[ 17.42674, "o", "比" ]
[ 17.58185, "o", "较" ]
[ 17.73778, "o", "两" ]
[ 17.89503, "o", "个" ]
[ 18.05052, "o", "目" ]
[ 18.20652, "o", "录" ]
[ 18.36267, "o", "的" ]
[ 18.51798, "o", "差" ]
[ 18.67448, "o", "异" ]
[ 18.72654, "o", "\u001b[?2004l\r\r\n\u001b[1m\u001b[7m#\u001b[27m\u001b[1m\u001b[0m                                                                                                   \r \r\r\u001b[0m\u001b[27m\u001b[24m\u001b[J\r\n\u001b[19491001\u001b[1;35m> \u001b[20210325\u001b[0m\u001b[K\u001b[?2004h" ]
[ 20.23059, "o", "d" ]
[ 20.28274, "o", "\bdi" ]
[ 20.33483, "o", "f" ]
[ 20.38696, "o", "f" ]
[ 20.43886, "o", "t" ]
[ 20.49053, "o", " " ]
[ 20.54220, "o", "o" ]
[ 20.59431, "o", "l" ]
[ 20.64590, "o", "d" ]
[ 20.69841, "o", "/" ]
[ 20.75022, "o", " " ]
[ 20.80305, "o", "n" ]
[ 20.85560, "o", "e" ]
[ 20.90836, "o", "w" ]
[ 20.96038, "o", "/" ]
[ 21.21466, "o", "\u001b[?2004l\r\r\n" ]
[ 21.23952, "o", "\u001b[1m\u001b[93mhello.py\u001b[39m\u001b[0m --- Python\r\n\u001b[91;1m1 \u001b[0m\u001b[91;3m#\u001b[0m\u001b[91;3m \u001b[0m\u001b[91;1;3;4mPython2\u001b[0m                                       \u001b[92;1m1 \u001b[0m\u001b[92;3m#\u001b[0m\u001b[92;3m \u001b[0m\u001b[92;1;3;4mPython3\u001b[0m\r\n\u001b[2m2 \u001b[0m                                                \u001b[2m2 \u001b[0m\r\n\u001b[2m3 \u001b[0m\u001b[1mprint\u001b[0m \u001b[95m\"Hello World\"\u001b[0m                             \u001b[92;1m3 \u001b[0mprint\u001b[92;1m(\u001b[0m\u001b[95m\"Hello World\"\u001b[0m\u001b[92;1m)\u001b[0m\r\n\u001b[2m4 \u001b[0msys.getdefaultencoding()                        \u001b[2m4 \u001b[0msys.getdefaultencoding()\r\n\r\n" ]
[ 21.25676, "o", "\u001b[1m\u001b[93mold.rs\u001b[39m\u001b[0m --- Rust\r\n\u001b[91m1 \u001b[0m\u001b[91;3m// old.rs\u001b[0m\r\n\u001b[91m2 \u001b[0m\u001b[91;1mlet\u001b[0m \u001b[91mts_lang\u001b[0m \u001b[91m=\u001b[0m \u001b[91mguess\u001b[0m\u001b[91;1m(\u001b[0m\u001b[91mpath\u001b[0m\u001b[91m,\u001b[0m \u001b[91mguess_src\u001b[0m\u001b[91;1m)\u001b[0m\u001b[91m.\u001b[0m\u001b[91mmap\u001b[0m\u001b[91;1m(\u001b[0m\u001b[91mtsp\u001b[0m\u001b[91m::\u001b[0m\u001b[91mfrom_language\u001b[0m\u001b[91;1m)\u001b[0m\u001b[91m;\u001b[0m\r\n\r\n" ]
