{"version":2,"width":100,"height":26,"timestamp":1690895149,"env":{"SHELL":"","TERM":"xterm"}}
[ 0.00000, "o", "" ]
[ 0.15027, "o", "\u001b[19491001\u001b[1;35m> \u001b[20210325\u001b[0m" ]
[ 0.15042, "o", "\u001b[K\u001b[?2004h" ]
[ 0.41147, "o", "#" ]
[ 0.41152, "o", "\b# " ]
[ 0.51546, "o", "使" ]
[ 0.67179, "o", "用" ]
[ 0.72364, "o", " " ]
[ 0.77561, "o", "`" ]
[ 0.82707, "o", "x" ]
[ 0.87996, "o", " " ]
[ 0.93214, "o", "d" ]
[ 0.98419, "o", "o" ]
[ 1.03612, "o", "g" ]
[ 1.08788, "o", "g" ]
[ 1.14025, "o", "o" ]
[ 1.19197, "o", "`" ]
[ 1.24467, "o", " " ]
[ 1.40026, "o", "命" ]
[ 1.55574, "o", "令" ]
[ 1.71226, "o", "格" ]
[ 1.86811, "o", "式" ]
[ 2.02494, "o", "能" ]
[ 2.18138, "o", "快" ]
[ 2.33832, "o", "捷" ]
[ 2.49421, "o", "地" ]
[ 2.64977, "o", "使" ]
[ 2.80612, "o", "用" ]
[ 2.85818, "o", " " ]
[ 2.91043, "o", "`" ]
[ 2.96216, "o", "d" ]
[ 3.01473, "o", "o" ]
[ 3.06684, "o", "g" ]
[ 3.11840, "o", "g" ]
[ 3.17021, "o", "o" ]
[ 3.22198, "o", "`" ]
[ 3.27441, "o", " " ]
[ 3.42911, "o", "命" ]
[ 3.58551, "o", "令" ]
[ 3.63767, "o", "\u001b[?2004l\r\r\n\u001b[1m\u001b[7m#\u001b[27m\u001b[1m\u001b[0m                                                                                                   \r \r\r\u001b[0m\u001b[27m\u001b[24m\u001b[J\r\n\u001b[19491001\u001b[1;35m> \u001b[20210325\u001b[0m\u001b[K\u001b[?2004h" ]
[ 5.14175, "o", "x" ]
[ 5.19365, "o", "\bx " ]
[ 5.24624, "o", "d" ]
[ 5.29872, "o", "o" ]
[ 5.35060, "o", "g" ]
[ 5.40250, "o", "g" ]
[ 5.45448, "o", "o" ]
[ 5.50702, "o", " " ]
[ 5.55892, "o", "-" ]
[ 5.61100, "o", "-" ]
[ 5.66266, "o", "v" ]
[ 5.71522, "o", "e" ]
[ 5.76731, "o", "r" ]
[ 5.81977, "o", "s" ]
[ 5.87187, "o", "i" ]
[ 5.92375, "o", "o" ]
[ 5.97591, "o", "n" ]
[ 6.22966, "o", "\u001b[?2004l\r\r\n" ]
[ 6.31979, "o", "v0.5.6 (8994efc 2023-07-22T09:37:47Z) - unknown\r\n" ]
[ 6.32033, "o", "\u001b[1m\u001b[7m#\u001b[27m\u001b[1m\u001b[0m                                                                                                   \r \r" ]
[ 6.32038, "o", "\r\u001b[0m\u001b[27m\u001b[24m\u001b[J\r\n\u001b[19491001\u001b[1;35m> \u001b[20210325\u001b[0m\u001b[K\u001b[?2004h" ]
[ 8.23182, "o", "#\b# " ]
[ 8.33589, "o", "使" ]
[ 8.49148, "o", "用" ]
[ 8.54377, "o", " " ]
[ 8.59595, "o", "`" ]
[ 8.64819, "o", "x" ]
[ 8.70033, "o", " " ]
[ 8.75201, "o", "e" ]
[ 8.80423, "o", "n" ]
[ 8.85600, "o", "v" ]
[ 8.90873, "o", " " ]
[ 8.96083, "o", "u" ]
[ 9.01293, "o", "s" ]
[ 9.06493, "o", "e" ]
[ 9.11659, "o", "`" ]
[ 9.16884, "o", " " ]
[ 9.32411, "o", "能" ]
[ 9.48044, "o", "自" ]
[ 9.63597, "o", "动" ]
[ 9.79159, "o", "安" ]
[ 9.94780, "o", "装" ]
[ 10.10352, "o", "并" ]
[ 10.25986, "o", "配" ]
[ 10.41571, "o", "置" ]
[ 10.57098, "o", "好" ]
[ 10.72622, "o", "相" ]
[ 10.88141, "o", "应" ]
[ 11.03721, "o", "的" ]
[ 11.19311, "o", "全" ]
[ 11.34857, "o", "局" ]
[ 11.50536, "o", "环" ]
[ 11.66134, "o", "境" ]
[ 11.81647, "o", "变" ]
[ 11.97345, "o", "量" ]
[ 12.02548, "o", "\u001b[?2004l\r\r\n" ]
[ 12.02553, "o", "\u001b[1m\u001b[7m#\u001b[27m\u001b[1m\u001b[0m                                                                                                   \r \r\r\u001b[0m\u001b[27m\u001b[24m\u001b[J\r\n\u001b[19491001\u001b[1;35m> \u001b[20210325\u001b[0m\u001b[K\u001b[?2004h" ]
[ 13.52921, "o", "x" ]
[ 13.58080, "o", "\bx " ]
[ 13.63292, "o", "e" ]
[ 13.68521, "o", "n" ]
[ 13.73760, "o", "v" ]
[ 13.78970, "o", " " ]
[ 13.84173, "o", "u" ]
[ 13.89387, "o", "s" ]
[ 13.94607, "o", "e" ]
[ 13.99826, "o", " " ]
[ 14.05029, "o", "d" ]
[ 14.10344, "o", "o" ]
[ 14.15554, "o", "g" ]
[ 14.20775, "o", "g" ]
[ 14.25990, "o", "o" ]
[ 14.51332, "o", "\u001b[?2004l\r\r\n" ]
[ 14.64205, "o", "- \u001b[32mI\u001b[0m\u001b[32m|pkg: \u001b[0mSuccessfully set link from path \u001b[0m\r\n" ]
[ 14.66746, "o", "- \u001b[32mI\u001b[0m\u001b[32m|env: \u001b[0mSuccessfully set doggo=v0.5.6 in the current environment.\u001b[0m\r\n" ]
[ 14.72888, "o", "- \u001b[32mI\u001b[0m\u001b[32m|env: \u001b[0mConfig file updated to /root/.x-cmd.root/local/data/env/version\u001b[0m\r\n" ]
[ 14.72905, "o", "\u001b[1m\u001b[7m#\u001b[27m\u001b[1m\u001b[0m                                                                                                   \r \r\r\u001b[0m\u001b[27m\u001b[24m\u001b[J\r\n\u001b[19491001\u001b[1;35m> \u001b[20210325\u001b[0m\u001b[K\u001b[?2004h" ]
[ 16.51597, "o", "#\b# " ]
[ 16.62008, "o", "对" ]
[ 16.67178, "o", " " ]
[ 16.72376, "o", "m" ]
[ 16.77536, "o", "r" ]
[ 16.82767, "o", "k" ]
[ 16.87963, "o", "a" ]
[ 16.93208, "o", "r" ]
[ 16.98438, "o", "a" ]
[ 17.03615, "o", "n" ]
[ 17.08806, "o", "." ]
[ 17.14020, "o", "d" ]
[ 17.19223, "o", "e" ]
[ 17.24376, "o", "v" ]
[ 17.29610, "o", " " ]
[ 17.45232, "o", "执" ]
[ 17.60815, "o", "行" ]
[ 17.76515, "o", "简" ]
[ 17.92189, "o", "单" ]
[ 18.07690, "o", "的" ]
[ 18.12883, "o", " " ]
[ 18.18073, "o", "D" ]
[ 18.23264, "o", "N" ]
[ 18.28516, "o", "S" ]
[ 18.33697, "o", " " ]
[ 18.49268, "o", "查" ]
[ 18.64844, "o", "找" ]
[ 18.70083, "o", "\u001b[?2004l\r\r\n\u001b[1m\u001b[7m#\u001b[27m\u001b[1m\u001b[0m                                                                                                   \r \r\r\u001b[0m\u001b[27m\u001b[24m\u001b[J\r\n\u001b[19491001\u001b[1;35m> \u001b[20210325\u001b[0m\u001b[K\u001b[?2004h" ]
[ 20.20427, "o", "d" ]
[ 20.25694, "o", "\bdo" ]
[ 20.30880, "o", "g" ]
[ 20.36060, "o", "g" ]
[ 20.41263, "o", "o" ]
[ 20.46457, "o", " " ]
[ 20.51611, "o", "m" ]
[ 20.56794, "o", "r" ]
[ 20.61997, "o", "k" ]
[ 20.67235, "o", "a" ]
[ 20.72464, "o", "r" ]
[ 20.77689, "o", "a" ]
[ 20.82965, "o", "n" ]
[ 20.88173, "o", "." ]
[ 20.93350, "o", "d" ]
[ 20.98567, "o", "e" ]
[ 21.03768, "o", "v" ]
[ 21.29123, "o", "\u001b[?2004l\r\r\n" ]
[ 21.30653, "o", "NAME        \tTYPE\tCLASS\tTTL \tADDRESS       \tNAMESERVER      \r\n\u001b[32;1mmrkaran.dev.\u001b[0m\t\u001b[34;1mA\u001b[0m   \tIN   \t167s\t" ]
[ 21.30706, "o", "104.21.7.168  \t192.168.65.7:53\t\r\n\u001b[32;1mmrkaran.dev.\u001b[0m\t\u001b[34;1mA\u001b[0m   \t" ]
[ 21.30718, "o", "IN   \t167s\t172.67.187.239\t192.168.65.7:53\t\r\n\u001b[1m\u001b[7m#\u001b[27m\u001b[1m\u001b[0m                                                                                                   \r \r" ]
[ 21.30727, "o", "\r\u001b[0m\u001b[27m\u001b[24m\u001b[J\r\n\u001b[19491001\u001b[1;35m> \u001b[20210325\u001b[0m\u001b[K" ]
[ 21.30736, "o", "\u001b[?2004h" ]
[ 24.29373, "o", "#\b# " ]
[ 24.39745, "o", "使" ]
[ 24.55360, "o", "用" ]
[ 24.70905, "o", "命" ]
[ 24.86473, "o", "名" ]
[ 25.02132, "o", "参" ]
[ 25.17624, "o", "数" ]
[ 25.22820, "o", "\u001b[?2004l\r\r\n\u001b[1m\u001b[7m#\u001b[27m\u001b[1m\u001b[0m                                                                                                   \r \r\r\u001b[0m\u001b[27m\u001b[24m\u001b[J\r\n\u001b[19491001\u001b[1;35m> \u001b[20210325\u001b[0m\u001b[K\u001b[?2004h" ]
[ 26.73209, "o", "x" ]
[ 26.78428, "o", "\bx " ]
[ 26.83601, "o", "d" ]
[ 26.88763, "o", "o" ]
[ 26.93973, "o", "g" ]
[ 26.99181, "o", "g" ]
[ 27.04399, "o", "o" ]
[ 27.09605, "o", " " ]
[ 27.14817, "o", "-" ]
[ 27.20071, "o", "t" ]
[ 27.25238, "o", " " ]
[ 27.30401, "o", "N" ]
[ 27.35567, "o", "S" ]
[ 27.40723, "o", " " ]
[ 27.45918, "o", "-" ]
[ 27.51113, "o", "n" ]
[ 27.56314, "o", " " ]
[ 27.61515, "o", "9" ]
[ 27.66700, "o", "." ]
[ 27.71916, "o", "9" ]
[ 27.77098, "o", "." ]
[ 27.82293, "o", "9" ]
[ 27.87501, "o", "." ]
[ 27.92696, "o", "9" ]
[ 27.97941, "o", " " ]
[ 28.03100, "o", "g" ]
[ 28.08332, "o", "i" ]
[ 28.13495, "o", "t" ]
[ 28.18692, "o", "h" ]
[ 28.23860, "o", "u" ]
[ 28.29079, "o", "b" ]
[ 28.34250, "o", "." ]
[ 28.39503, "o", "c" ]
[ 28.44703, "o", "o" ]
[ 28.49861, "o", "m" ]
[ 29.55294, "o", "\u001b[?2004l\r\r\n" ]
[ 29.55809, "o", "NAME       \tTYPE\tCLASS\t" ]
[ 29.55816, "o", "TTL  \tADDRESS                 \tNAMESERVER      \r\n\u001b[32;1mgithub.com.\u001b[0m\t\u001b[36;1mNS\u001b[0m  \tIN   \t1528s\tns-421.awsdns-52.com.   \t" ]
