{"version":2,"width":100,"height":26,"timestamp":1689996064,"env":{"SHELL":"","TERM":"xterm"}}
[ 0.00000, "o", "" ]
[ 0.14319, "o", "\u001b[19491001\u001b[1;35m> \u001b[20210325\u001b[0m" ]
[ 0.14345, "o", "\u001b[K\u001b[?2004h" ]
[ 0.41969, "o", "#\b# " ]
[ 0.52247, "o", "使" ]
[ 0.67736, "o", "用" ]
[ 0.72900, "o", " " ]
[ 0.78085, "o", "`" ]
[ 0.83252, "o", "x" ]
[ 0.88451, "o", " " ]
[ 0.93632, "o", "d" ]
[ 0.98797, "o", "u" ]
[ 1.04036, "o", "f" ]
[ 1.09209, "o", "`" ]
[ 1.14382, "o", " " ]
[ 1.29839, "o", "命" ]
[ 1.45355, "o", "令" ]
[ 1.61004, "o", "格" ]
[ 1.76656, "o", "式" ]
[ 1.92130, "o", "能" ]
[ 2.07646, "o", "快" ]
[ 2.23183, "o", "捷" ]
[ 2.38782, "o", "地" ]
[ 2.54361, "o", "使" ]
[ 2.69880, "o", "用" ]
[ 2.75044, "o", " " ]
[ 2.80229, "o", "`" ]
[ 2.85394, "o", "d" ]
[ 2.90551, "o", "u" ]
[ 2.95784, "o", "f" ]
[ 3.00925, "o", "`" ]
[ 3.06153, "o", " " ]
[ 3.21701, "o", "命" ]
[ 3.37277, "o", "令" ]
[ 3.42447, "o", "\u001b[?2004l\r\r\n\u001b[1m\u001b[7m#\u001b[27m\u001b[1m\u001b[0m                                                                                                   \r \r\r\u001b[0m\u001b[27m\u001b[24m\u001b[J\r\n\u001b[19491001\u001b[1;35m> \u001b[20210325\u001b[0m" ]
[ 3.42459, "o", "\u001b[K\u001b[?2004h" ]
[ 4.92744, "o", "x" ]
[ 4.97911, "o", "\bx " ]
[ 5.03092, "o", "d" ]
[ 5.08325, "o", "u" ]
[ 5.13523, "o", "f" ]
[ 5.18692, "o", " " ]
[ 5.23856, "o", "-" ]
[ 5.29040, "o", "-" ]
[ 5.34257, "o", "v" ]
[ 5.39417, "o", "e" ]
[ 5.44635, "o", "r" ]
[ 5.49810, "o", "s" ]
[ 5.54986, "o", "i" ]
[ 5.60155, "o", "o" ]
[ 5.65337, "o", "n" ]
[ 5.90729, "o", "\u001b[?2004l\r\r\n" ]
[ 5.97539, "o", "\u001b]11;?\u001b\\\u001b[6n" ]
[ 5.97692, "o", "duf 0.8.0 (0d660c3)\r\n" ]
[ 5.97752, "o", "\u001b[1m\u001b[7m#\u001b[27m\u001b[1m\u001b[0m                                                                                                   \r \r\r\u001b[0m\u001b[27m\u001b[24m\u001b[J\r\n\u001b[19491001\u001b[1;35m> \u001b[20210325\u001b[0m" ]
[ 5.97757, "o", "\u001b[K\u001b[?2004h" ]
[ 6.90931, "o", "#\b# " ]
[ 7.01299, "o", "使" ]
[ 7.16883, "o", "用" ]
[ 7.22070, "o", " " ]
[ 7.27218, "o", "`" ]
[ 7.32415, "o", "x" ]
[ 7.37559, "o", " " ]
[ 7.42762, "o", "e" ]
[ 7.47944, "o", "n" ]
[ 7.53107, "o", "v" ]
[ 7.58278, "o", " " ]
[ 7.63477, "o", "u" ]
[ 7.68636, "o", "s" ]
[ 7.73772, "o", "e" ]
[ 7.78958, "o", "`" ]
[ 7.84105, "o", " " ]
[ 7.99616, "o", "能" ]
[ 8.15239, "o", "自" ]
[ 8.30769, "o", "动" ]
[ 8.46321, "o", "安" ]
[ 8.61805, "o", "装" ]
[ 8.77282, "o", "并" ]
[ 8.92762, "o", "配" ]
[ 9.08291, "o", "置" ]
[ 9.23814, "o", "好" ]
[ 9.39279, "o", "相" ]
[ 9.54724, "o", "应" ]
[ 9.70243, "o", "的" ]
[ 9.85738, "o", "全" ]
[ 10.01306, "o", "局" ]
[ 10.16787, "o", "环" ]
[ 10.32247, "o", "境" ]
[ 10.47713, "o", "变" ]
[ 10.63244, "o", "量" ]
[ 10.68395, "o", "\u001b[?2004l\r\r\n" ]
[ 10.68413, "o", "\u001b[1m\u001b[7m#\u001b[27m\u001b[1m\u001b[0m                                                                                                   \r \r\r\u001b[0m\u001b[27m\u001b[24m\u001b[J\r\n\u001b[19491001\u001b[1;35m> \u001b[20210325\u001b[0m\u001b[K\u001b[?2004h" ]
[ 12.18729, "o", "x" ]
[ 12.23959, "o", "\bx " ]
[ 12.29161, "o", "e" ]
[ 12.34306, "o", "n" ]
[ 12.39467, "o", "v" ]
[ 12.44630, "o", " " ]
[ 12.49820, "o", "u" ]
[ 12.54990, "o", "s" ]
[ 12.60170, "o", "e" ]
[ 12.65393, "o", " " ]
[ 12.70548, "o", "d" ]
[ 12.75728, "o", "u" ]
[ 12.80883, "o", "f" ]
[ 13.06247, "o", "\u001b[?2004l\r\r\n" ]
[ 13.17149, "o", "- \u001b[32mI\u001b[0m\u001b[32m|pkg: \u001b[0mSuccessfully set link from path \u001b[0m\r\n" ]
[ 13.19326, "o", "- \u001b[32mI\u001b[0m\u001b[32m|env: \u001b[0mSuccessfully set duf=v0.0.1 in the current environment.\u001b[0m\r\n" ]
[ 13.25183, "o", "- \u001b[32mI\u001b[0m\u001b[32m|env: \u001b[0mConfig file updated to /root/.x-cmd.root/local/data/env/version\u001b[0m\r\n" ]
[ 13.25205, "o", "\u001b[1m\u001b[7m#\u001b[27m\u001b[1m\u001b[0m                                                                                                   \r \r\r\u001b[0m\u001b[27m\u001b[24m\u001b[J\r\n\u001b[19491001\u001b[1;35m> \u001b[20210325\u001b[0m\u001b[K\u001b[?2004h" ]
[ 14.06429, "o", "#\b# " ]
[ 14.16816, "o", "查" ]
[ 14.32268, "o", "看" ]
[ 14.47752, "o", "磁" ]
[ 14.63267, "o", "盘" ]
[ 14.78741, "o", "空" ]
[ 14.94277, "o", "间" ]
[ 15.09786, "o", "使" ]
[ 15.25303, "o", "用" ]
[ 15.40872, "o", "情" ]
[ 15.56400, "o", "况" ]
[ 15.72011, "o", "和" ]
[ 15.87536, "o", "磁" ]
[ 16.03053, "o", "盘" ]
[ 16.18612, "o", "文" ]
[ 16.34231, "o", "件" ]
[ 16.49739, "o", "系" ]
[ 16.65281, "o", "统" ]
[ 16.80814, "o", "信" ]
[ 16.96348, "o", "息" ]
[ 17.01541, "o", "\u001b[?2004l\r\r\n\u001b[1m\u001b[7m#\u001b[27m\u001b[1m\u001b[0m                                                                                                   \r \r" ]
[ 17.01557, "o", "\r\u001b[0m\u001b[27m\u001b[24m\u001b[J\r\n\u001b[19491001\u001b[1;35m> \u001b[20210325\u001b[0m\u001b[K\u001b[?2004h" ]
[ 18.51860, "o", "d" ]
[ 18.57040, "o", "\bdu" ]
[ 18.62180, "o", "f" ]
[ 18.87570, "o", "\u001b[?2004l\r\r\n" ]
[ 18.87733, "o", "\u001b]11;?\u001b\\\u001b[6n" ]
[ 18.87981, "o", "╭──────────────────────────────────────────────────────────────────────────────────────╮\r\n│ 4 local devices                                                                      │\r\n├─────────────────┬─────────┬───────┬────────┬─────────────────────┬──────┬────────────┤\r\n│ MOUNTED ON      │    SIZE │  USED │  AVAIL │         USE%        │ TYPE │ FILESYSTEM │\r\n├─────────────────┼─────────┼───────┼────────┼─────────────────────┼──────┼────────────┤\r\n│ /etc/hostname   │ 10" ]
[ 18.87995, "o", "06.9G │ 14.8G │ 940.9G │ [..........]   1.5% │ ext4 │ /dev/sde   │\r\n│ /etc/hosts      │ 1006.9G │ 14.8G │ 940.9G │ [..........]   1.5% │ ext4 │ /dev/sde   │\r\n│ /etc/resolv.con │ 1006.9G │ 14.8G │ 940.9G │ [..........]   1.5% │ ext4 │ /dev/sde   │\r\n│ f               │         │       │        │                     │      │            │\r\n│ /work           │ 1006.9G │  9.2G │ 946.4G │ [..........]   0.9% │ ext4 │ /dev/sdc   │\r\n╰─────────────────┴─────────┴───────┴────────┴─────────────────────┴──────┴────────────╯\r\n" ]
[ 18.88011, "o", "╭────────────────────────────────────────────────────────────────────╮\r\n│ 7 special devices                                                  │\r\n├─────────────────┬───────┬──────┬───────┬──────┬───────┬────────────┤\r\n│ MOUNTED ON      │  SIZE │ USED │ AVAIL │ USE% │ TYPE  │ FILESYSTEM │\r\n├─────────────────┼───────┼──────┼───────┼──────┼───────┼────────────┤\r\n│ /dev            │ 64.0M │   0B │ 64.0M │      │ tmpfs │ tmpfs      │\r\n│ /proc/acpi      │  3.8G │   0B │  3.8G │      │ tmpfs │ tmpfs      │\r\n│ /proc/kcore     │ 64.0M │   0B │ 64.0M" ]
[ 18.88014, "o", " │      │ tmpfs │ tmpfs      │\r\n│ /proc/keys      │ 64.0M │   0B │ 64.0M │      │ tmpfs │ tmpfs      │\r\n│ /proc/timer_lis │ 64.0M │   0B │ 64.0M │      │ tmpfs │ tmpfs      │\r\n│ t               │       │      │       │      │       │            │\r\n│ /sys/firmware   │  3.8G │   0B │  3.8G │      │ tmpfs │ tmpfs      │\r\n│ /sys/fs/cgroup  │  3.8G │   0B │  3.8G │      │ tmpfs │ tmpfs      │\r\n╰─────────────────┴───────┴──────┴───────┴──────┴───────┴────────────╯\r\n" ]
[ 18.88054, "o", "\u001b[1m\u001b[7m#\u001b[27m\u001b[1m\u001b[0m                                                                                                   \r \r\r\u001b[0m\u001b[27m\u001b[24m\u001b[J\r\n\u001b[19491001\u001b[1;35m> \u001b[20210325\u001b[0m\u001b[K\u001b[?2004h" ]
[ 20.87757, "o", "#\b# " ]
[ 20.98278, "o", "仅" ]
[ 21.13819, "o", "显" ]
[ 21.29336, "o", "示" ]
[ 21.34571, "o", " " ]
[ 21.39768, "o", "l" ]
[ 21.44928, "o", "o" ]
[ 21.50152, "o", "c" ]
[ 21.55352, "o", "a" ]
[ 21.60538, "o", "l" ]
[ 21.65686, "o", " " ]
[ 21.81239, "o", "设" ]
[ 21.96806, "o", "备" ]
[ 22.01964, "o", "\u001b[?2004l\r\r\n" ]
