{"version":2,"width":100,"height":26,"timestamp":1689846647,"env":{"SHELL":"","TERM":"xterm"}}
[ 0.00000, "o", "" ]
[ 0.15319, "o", "\u001b[19491001\u001b[1;35m> \u001b[20210325\u001b[0m" ]
[ 0.15328, "o", "\u001b[K\u001b[?2004h" ]
[ 0.40296, "o", "#\b# " ]
[ 0.50685, "o", "使" ]
[ 0.66336, "o", "用" ]
[ 0.71539, "o", " " ]
[ 0.76759, "o", "`" ]
[ 0.81976, "o", "x" ]
[ 0.87191, "o", " " ]
[ 0.92363, "o", "d" ]
[ 0.97646, "o", "u" ]
[ 1.02880, "o", "s" ]
[ 1.08095, "o", "t" ]
[ 1.13264, "o", "`" ]
[ 1.18500, "o", " " ]
[ 1.34020, "o", "命" ]
[ 1.49701, "o", "令" ]
[ 1.65251, "o", "格" ]
[ 1.80868, "o", "式" ]
[ 1.96555, "o", "能" ]
[ 2.12106, "o", "快" ]
[ 2.27755, "o", "捷" ]
[ 2.43430, "o", "地" ]
[ 2.59039, "o", "使" ]
[ 2.74587, "o", "用" ]
[ 2.79815, "o", " " ]
[ 2.85041, "o", "`" ]
[ 2.90250, "o", "d" ]
[ 2.95410, "o", "u" ]
[ 3.00634, "o", "s" ]
[ 3.05821, "o", "t" ]
[ 3.11057, "o", "`" ]
[ 3.16293, "o", " " ]
[ 3.31860, "o", "命" ]
[ 3.47498, "o", "令" ]
[ 3.52730, "o", "\u001b[?2004l\r\r\n\u001b[1m\u001b[7m#\u001b[27m\u001b[1m\u001b[0m                                                                                                   \r \r\r\u001b[0m\u001b[27m\u001b[24m\u001b[J\r\n\u001b[19491001\u001b[1;35m> \u001b[20210325\u001b[0m\u001b[K\u001b[?2004h" ]
[ 5.03081, "o", "x" ]
[ 5.08301, "o", "\bx " ]
[ 5.13521, "o", "d" ]
[ 5.18697, "o", "u" ]
[ 5.23963, "o", "s" ]
[ 5.29154, "o", "t" ]
[ 5.34451, "o", " " ]
[ 5.39646, "o", "-" ]
[ 5.44877, "o", "-" ]
[ 5.50126, "o", "v" ]
[ 5.55311, "o", "e" ]
[ 5.60520, "o", "r" ]
[ 5.65684, "o", "s" ]
[ 5.70953, "o", "i" ]
[ 5.76126, "o", "o" ]
[ 5.81354, "o", "n" ]
[ 6.06769, "o", "\u001b[?2004l\r\r\n" ]
[ 6.15861, "o", "Dust 0.6.0\r\n" ]
[ 6.15877, "o", "\u001b[1m\u001b[7m#\u001b[27m\u001b[1m\u001b[0m                                                                                                   \r \r\r\u001b[0m\u001b[27m\u001b[24m\u001b[J\r\n\u001b[19491001\u001b[1;35m> \u001b[20210325\u001b[0m\u001b[K" ]
[ 6.15889, "o", "\u001b[?2004h" ]
[ 7.07029, "o", "#" ]
[ 7.07035, "o", "\b# " ]
[ 7.17438, "o", "使" ]
[ 7.33069, "o", "用" ]
[ 7.38272, "o", " " ]
[ 7.43450, "o", "`" ]
[ 7.48661, "o", "x" ]
[ 7.53852, "o", " " ]
[ 7.59039, "o", "e" ]
[ 7.64287, "o", "n" ]
[ 7.69568, "o", "v" ]
[ 7.74776, "o", " " ]
[ 7.79977, "o", "u" ]
[ 7.85181, "o", "s" ]
[ 7.90403, "o", "e" ]
[ 7.95616, "o", "`" ]
[ 8.00801, "o", " " ]
[ 8.16430, "o", "能" ]
[ 8.32005, "o", "自" ]
[ 8.47600, "o", "动" ]
[ 8.63153, "o", "安" ]
[ 8.78790, "o", "装" ]
[ 8.94463, "o", "并" ]
[ 9.10098, "o", "配" ]
[ 9.25628, "o", "置" ]
[ 9.41228, "o", "好" ]
[ 9.56775, "o", "相" ]
[ 9.72402, "o", "应" ]
[ 9.87938, "o", "的" ]
[ 10.03683, "o", "全" ]
[ 10.19328, "o", "局" ]
[ 10.34928, "o", "环" ]
[ 10.50543, "o", "境" ]
[ 10.66160, "o", "变" ]
[ 10.81798, "o", "量" ]
[ 10.87081, "o", "\u001b[?2004l\r\r\n" ]
[ 10.87101, "o", "\u001b[1m\u001b[7m#\u001b[27m\u001b[1m\u001b[0m                                                                                                   \r \r\r\u001b[0m\u001b[27m\u001b[24m\u001b[J\r\n\u001b[19491001\u001b[1;35m> \u001b[20210325\u001b[0m\u001b[K\u001b[?2004h" ]
[ 12.37486, "o", "x" ]
[ 12.42777, "o", "\bx " ]
[ 12.47983, "o", "e" ]
[ 12.53155, "o", "n" ]
[ 12.58449, "o", "v" ]
[ 12.63636, "o", " " ]
[ 12.68908, "o", "u" ]
[ 12.74066, "o", "s" ]
[ 12.79323, "o", "e" ]
[ 12.84510, "o", " " ]
[ 12.89784, "o", "d" ]
[ 12.95012, "o", "u" ]
[ 13.00241, "o", "s" ]
[ 13.05477, "o", "t" ]
[ 13.30917, "o", "\u001b[?2004l\r\r\n" ]
[ 13.45429, "o", "- \u001b[32mI\u001b[0m\u001b[32m|pkg: \u001b[0mSuccessfully set link from path \u001b[0m\r\n" ]
[ 13.48569, "o", "- \u001b[32mI\u001b[0m\u001b[32m|env: \u001b[0mSuccessfully set dust=v0.0.1 in the current environment.\u001b[0m\r\n" ]
[ 13.56147, "o", "- \u001b[32mI\u001b[0m\u001b[32m|env: \u001b[0mConfig file updated to /root/.x-cmd.root/local/data/env/version\u001b[0m\r\n" ]
[ 13.56200, "o", "\u001b[1m\u001b[7m#\u001b[27m\u001b[1m\u001b[0m                                                                                                   \r \r\r\u001b[0m\u001b[27m\u001b[24m\u001b[J\r\n\u001b[19491001\u001b[1;35m> \u001b[20210325\u001b[0m\u001b[K\u001b[?2004h" ]
[ 14.31117, "o", "#\b# " ]
[ 14.41533, "o", "查" ]
[ 14.57196, "o", "看" ]
[ 14.72829, "o", "磁" ]
[ 14.88543, "o", "盘" ]
[ 15.04138, "o", "空" ]
[ 15.19800, "o", "间" ]
[ 15.35393, "o", "使" ]
[ 15.51021, "o", "用" ]
[ 15.66751, "o", "情" ]
[ 15.82337, "o", "况" ]
[ 15.87554, "o", "\u001b[?2004l\r\r\n\u001b[1m\u001b[7m#\u001b[27m\u001b[1m\u001b[0m                                                                                                   \r \r\r\u001b[0m\u001b[27m\u001b[24m\u001b[J\r\n\u001b[19491001\u001b[1;35m> \u001b[20210325\u001b[0m\u001b[K" ]
[ 15.87567, "o", "\u001b[?2004h" ]
[ 17.37939, "o", "d" ]
[ 17.43169, "o", "\bdu" ]
[ 17.48452, "o", "s" ]
[ 17.53645, "o", "t" ]
[ 17.79066, "o", "\u001b[?2004l\r\r\n" ]
[ 17.79309, "o", " 4.0K   ┌── demo.asciinema.yml│                                                      ████████ │  12%\r\n 4.0K   ├── meta.yml          │                                                      ████████ │  12%\r\n 4.0K   ├── version.yml       │                                                      ████████ │  12%\r\n" ]
[ 17.79339, "o", " 4.0K   │ ┌── post-apply      │                              ░░░░░░░░░░░░░░░░░░░░░░░░████████ │  12%\r\n 4.0K   │ ├── pre-apply       │                              ░░░░░░░░░░░░░░░░░░░░░░░░████████ │  12%\r\n\u001b[31m 4.0K\u001b[0m   │ ├── smoke.sh        │                              ░░░░░░░░░░░░░░░░░░░░░░░░████████ │  12%\r\n\u001b[31m  16K\u001b[0m   ├─┴ \u001b[1;34m.x-cmd            \u001b[0m│                              ████████████████████████████████ │  50%\r\n\u001b[31m  32K\u001b[0m ┌─┴ \u001b[1;34m.                   \u001b[0m│██████████████████████████████████████████████████████████████ │ 100%\r\n" ]
[ 17.79355, "o", "\u001b[1m\u001b[7m#\u001b[27m\u001b[1m\u001b[0m                                                                                                   \r \r\r\u001b[0m\u001b[27m\u001b[24m\u001b[J\r\n\u001b[19491001\u001b[1;35m> \u001b[20210325\u001b[0m\u001b[K" ]
[ 17.79361, "o", "\u001b[?2004h" ]
[ 19.79319, "o", "#\b# " ]
[ 19.89723, "o", "显" ]
[ 20.05375, "o", "示" ]
[ 20.20948, "o", "第" ]
[ 20.36610, "o", "一" ]
[ 20.52313, "o", "层" ]
[ 20.68040, "o", "目" ]
[ 20.83654, "o", "录" ]
[ 20.88842, "o", "\u001b[?2004l\r\r\n" ]
[ 20.88857, "o", "\u001b[1m\u001b[7m#\u001b[27m\u001b[1m\u001b[0m                                                                                                   \r \r\r\u001b[0m\u001b[27m\u001b[24m\u001b[J\r\n\u001b[19491001\u001b[1;35m> \u001b[20210325\u001b[0m\u001b[K\u001b[?2004h" ]
[ 22.39291, "o", "d" ]
[ 22.44500, "o", "\bdu" ]
[ 22.49707, "o", "s" ]
[ 22.54888, "o", "t" ]
[ 22.60155, "o", " " ]
[ 22.65343, "o", "-" ]
[ 22.70560, "o", "b" ]
[ 22.75764, "o", "d" ]
[ 22.81000, "o", " " ]
[ 22.86175, "o", "1" ]
[ 23.11613, "o", "\u001b[?2004l\r\r\n" ]
[ 23.11883, "o", " 4.0K   ┌── demo.asciinema.yml\r\n 4.0K   ├── meta.yml\r\n 4.0K   ├── version.yml\r\n\u001b[31m  16K\u001b[0m   ├── \u001b[1;34m.x-cmd\u001b[0m\r\n\u001b[31m  32K\u001b[0m ┌─┴ \u001b[1;34m.\u001b[0m\r\n" ]
[ 23.11942, "o", "\u001b[1m\u001b[7m#\u001b[27m\u001b[1m\u001b[0m                                                                                                   \r \r\r\u001b[0m\u001b[27m\u001b[24m\u001b[J\r\n\u001b[19491001\u001b[1;35m> \u001b[20210325\u001b[0m" ]
[ 23.11957, "o", "\u001b[K\u001b[?2004h" ]
[ 24.11857, "o", "e" ]
[ 24.17027, "o", "\bex" ]
[ 24.22224, "o", "i" ]
[ 24.27443, "o", "t" ]
[ 24.52841, "o", "\u001b[?2004l\r\r" ]
