{"version":2,"width":100,"height":26,"timestamp":1689846709,"env":{"SHELL":"","TERM":"xterm"}}
[ 0.00000, "o", "" ]
[ 0.15084, "o", "\u001b[19491001\u001b[1;35m> \u001b[20210325\u001b[0m\u001b[K" ]
[ 0.15089, "o", "\u001b[?2004h" ]
[ 0.41381, "o", "#" ]
[ 0.41399, "o", "\b# " ]
[ 0.51802, "o", "使" ]
[ 0.67485, "o", "用" ]
[ 0.72721, "o", " " ]
[ 0.77894, "o", "`" ]
[ 0.83117, "o", "x" ]
[ 0.88329, "o", " " ]
[ 0.93531, "o", "f" ]
[ 0.98764, "o", "d" ]
[ 1.04027, "o", "`" ]
[ 1.09266, "o", " " ]
[ 1.24845, "o", "命" ]
[ 1.40450, "o", "令" ]
[ 1.56000, "o", "格" ]
[ 1.71627, "o", "式" ]
[ 1.87265, "o", "能" ]
[ 2.02908, "o", "快" ]
[ 2.18439, "o", "捷" ]
[ 2.34092, "o", "地" ]
[ 2.49679, "o", "使" ]
[ 2.65213, "o", "用" ]
[ 2.70412, "o", " " ]
[ 2.75592, "o", "`" ]
[ 2.80818, "o", "f" ]
[ 2.86026, "o", "d" ]
[ 2.91220, "o", "`" ]
[ 2.96414, "o", " " ]
[ 3.11926, "o", "命" ]
[ 3.27606, "o", "令" ]
[ 3.32792, "o", "\u001b[?2004l\r\r\n" ]
[ 3.32796, "o", "\u001b[1m\u001b[7m#\u001b[27m\u001b[1m\u001b[0m                                                                                                   \r \r\r\u001b[0m\u001b[27m\u001b[24m\u001b[J\r\n\u001b[19491001\u001b[1;35m> \u001b[20210325\u001b[0m\u001b[K\u001b[?2004h" ]
[ 4.83221, "o", "x" ]
[ 4.88404, "o", "\bx " ]
[ 4.93643, "o", "f" ]
[ 4.98847, "o", "d" ]
[ 5.04059, "o", " " ]
[ 5.09269, "o", "-" ]
[ 5.14462, "o", "-" ]
[ 5.19686, "o", "v" ]
[ 5.24889, "o", "e" ]
[ 5.30109, "o", "r" ]
[ 5.35327, "o", "s" ]
[ 5.40574, "o", "i" ]
[ 5.45805, "o", "o" ]
[ 5.50996, "o", "n" ]
[ 5.76449, "o", "\u001b[?2004l\r\r\n" ]
[ 5.84532, "o", "\u001b[0mfd 8.7.0\r\n\u001b[0m" ]
[ 5.84568, "o", "\u001b[1m\u001b[7m#\u001b[27m\u001b[1m\u001b[0m                                                                                                   \r \r\r\u001b[0m\u001b[27m\u001b[24m\u001b[J\r\n\u001b[19491001\u001b[1;35m> \u001b[20210325\u001b[0m" ]
[ 5.84571, "o", "\u001b[K\u001b[?2004h" ]
[ 6.76734, "o", "#\b# " ]
[ 6.87191, "o", "使" ]
[ 7.02746, "o", "用" ]
[ 7.07998, "o", " " ]
[ 7.13249, "o", "`" ]
[ 7.18650, "o", "x" ]
[ 7.23954, "o", " " ]
[ 7.29182, "o", "e" ]
[ 7.34453, "o", "n" ]
[ 7.39641, "o", "v" ]
[ 7.44855, "o", " " ]
[ 7.50060, "o", "u" ]
[ 7.55238, "o", "s" ]
[ 7.60418, "o", "e" ]
[ 7.65665, "o", "`" ]
[ 7.70913, "o", " " ]
[ 7.86483, "o", "能" ]
[ 8.02066, "o", "自" ]
[ 8.17706, "o", "动" ]
[ 8.33576, "o", "安" ]
[ 8.49161, "o", "装" ]
[ 8.64846, "o", "并" ]
[ 8.80538, "o", "配" ]
[ 8.96135, "o", "置" ]
[ 9.11730, "o", "好" ]
[ 9.27230, "o", "相" ]
[ 9.42857, "o", "应" ]
[ 9.58408, "o", "的" ]
[ 9.74200, "o", "全" ]
[ 9.89838, "o", "局" ]
[ 10.05420, "o", "环" ]
[ 10.21017, "o", "境" ]
[ 10.36557, "o", "变" ]
[ 10.52102, "o", "量" ]
[ 10.57288, "o", "\u001b[?2004l\r\r\n" ]
[ 10.57302, "o", "\u001b[1m\u001b[7m#\u001b[27m\u001b[1m\u001b[0m                                                                                                   \r \r\r\u001b[0m\u001b[27m\u001b[24m\u001b[J\r\n\u001b[19491001\u001b[1;35m> \u001b[20210325\u001b[0m\u001b[K\u001b[?2004h" ]
[ 12.07652, "o", "x" ]
[ 12.12841, "o", "\bx " ]
[ 12.18015, "o", "e" ]
[ 12.23207, "o", "n" ]
[ 12.28380, "o", "v" ]
[ 12.33565, "o", " " ]
[ 12.38745, "o", "u" ]
[ 12.43956, "o", "s" ]
[ 12.49168, "o", "e" ]
[ 12.54377, "o", " " ]
[ 12.59552, "o", "f" ]
[ 12.64740, "o", "d" ]
[ 12.90173, "o", "\u001b[?2004l\r\r\n" ]
[ 13.02970, "o", "- \u001b[32mI\u001b[0m\u001b[32m|pkg: \u001b[0mSuccessfully set link from path \u001b[0m\r\n" ]
[ 13.05854, "o", "- \u001b[32mI\u001b[0m\u001b[32m|env: \u001b[0mSuccessfully set fd=v0.0.1 in the current environment.\u001b[0m\r\n" ]
[ 13.12722, "o", "- \u001b[32mI\u001b[0m\u001b[32m|env: \u001b[0mConfig file updated to /root/.x-cmd.root/local/data/env/version\u001b[0m\r\n" ]
[ 13.12747, "o", "\u001b[1m\u001b[7m#\u001b[27m\u001b[1m\u001b[0m                                                                                                   \r \r\r\u001b[0m\u001b[27m\u001b[24m\u001b[J\r\n\u001b[19491001\u001b[1;35m> \u001b[20210325\u001b[0m\u001b[K" ]
[ 13.12757, "o", "\u001b[?2004h" ]
[ 13.90406, "o", "#\b# " ]
[ 14.00759, "o", "搜" ]
[ 14.16401, "o", "索" ]
[ 14.32090, "o", "文" ]
[ 14.47672, "o", "件" ]
[ 14.63340, "o", "名" ]
[ 14.78979, "o", "字" ]
[ 14.94546, "o", "包" ]
[ 15.10218, "o", "含" ]
[ 15.15469, "o", " " ]
[ 15.20752, "o", "m" ]
[ 15.25935, "o", "o" ]
[ 15.31117, "o", "d" ]
[ 15.36379, "o", " " ]
[ 15.51950, "o", "的" ]
[ 15.67477, "o", "条" ]
[ 15.83018, "o", "目" ]
[ 15.88215, "o", "\u001b[?2004l\r\r\n" ]
[ 15.88230, "o", "\u001b[1m\u001b[7m#\u001b[27m\u001b[1m\u001b[0m                                                                                                   \r \r\r\u001b[0m\u001b[27m\u001b[24m\u001b[J\r\n\u001b[19491001\u001b[1;35m> \u001b[20210325\u001b[0m\u001b[K\u001b[?2004h" ]
[ 17.38680, "o", "f" ]
[ 17.43882, "o", "\bfd" ]
[ 17.49092, "o", " " ]
[ 17.54274, "o", "m" ]
[ 17.59470, "o", "o" ]
[ 17.64660, "o", "d" ]
[ 18.20041, "o", "\u001b[?2004l\r\r\n" ]
[ 18.22066, "o", "\u001b[1;34mmod\u001b[0m\u001b[1;34m/\u001b[0m\r\n\u001b[1;34mmod/boot/lib/\u001b[0mmod\r\n\u001b[1;34mmod/csv/lib/awk/\u001b[0mheader_mod.awk\r\n\u001b[1;34mmod/git/lib/\u001b[0m\u001b[1;34msubmodule\u001b[0m\u001b[1;34m/\u001b[0m\r\n\u001b[1;34mmod/scotty/lib/\u001b[0m\u001b[1;34mmod\u001b[0m\u001b[1;34m/\u001b[0m\r\n\u001b[1;34mmod/tui/lib/\u001b[0mmodel.awk\r\n" ]
[ 18.22348, "o", "\u001b[1m\u001b[7m#\u001b[27m\u001b[1m\u001b[0m                                                                                                   \r \r\r\u001b[0m\u001b[27m\u001b[24m\u001b[J\r\n\u001b[19491001\u001b[1;35m> \u001b[20210325\u001b[0m\u001b[K" ]
[ 18.22365, "o", "\u001b[?2004h" ]
[ 19.20231, "o", "#" ]
[ 19.20248, "o", "\b# " ]
[ 19.30626, "o", "搜" ]
[ 19.46285, "o", "索" ]
[ 19.51478, "o", " " ]
[ 19.56644, "o", "." ]
[ 19.61836, "o", "m" ]
[ 19.67058, "o", "d" ]
[ 19.72302, "o", " " ]
[ 19.87939, "o", "类" ]
[ 20.03508, "o", "型" ]
[ 20.19158, "o", "文" ]
[ 20.34803, "o", "件" ]
[ 20.40000, "o", "\u001b[?2004l\r\r\n" ]
[ 20.40012, "o", "\u001b[1m\u001b[7m#\u001b[27m\u001b[1m\u001b[0m                                                                                                   \r \r\r\u001b[0m\u001b[27m\u001b[24m\u001b[J\r\n\u001b[19491001\u001b[1;35m> \u001b[20210325\u001b[0m\u001b[K\u001b[?2004h" ]
[ 21.90414, "o", "f" ]
[ 21.95665, "o", "\bfd" ]
[ 22.00941, "o", " " ]
[ 22.06168, "o", "-" ]
[ 22.11393, "o", "e" ]
[ 22.16565, "o", " " ]
[ 22.21768, "o", "m" ]
[ 22.26974, "o", "d" ]
[ 22.82441, "o", "\u001b[?2004l\r\r\n" ]
[ 22.85096, "o", "\u001b[1m\u001b[7m#\u001b[27m\u001b[1m\u001b[0m                                                                                                   \r \r" ]
[ 22.85117, "o", "\r\u001b[0m\u001b[27m\u001b[24m\u001b[J\r\n\u001b[19491001\u001b[1;35m> \u001b[20210325\u001b[0m\u001b[K\u001b[?2004h" ]
[ 23.82672, "o", "#\b# " ]
[ 23.93057, "o", "为" ]
[ 24.08643, "o", "搜" ]
[ 24.24287, "o", "索" ]
[ 24.39890, "o", "结" ]
[ 24.55518, "o", "果" ]
[ 24.71211, "o", "执" ]
[ 24.86770, "o", "行" ]
[ 24.92010, "o", " " ]
[ 24.97209, "o", "w" ]
[ 25.02408, "o", "c" ]
[ 25.07646, "o", " " ]
[ 25.23226, "o", "命" ]
[ 25.38856, "o", "令" ]
[ 25.44064, "o", "\u001b[?2004l\r\r\n" ]
[ 25.44079, "o", "\u001b[1m\u001b[7m#\u001b[27m\u001b[1m\u001b[0m                                                                                                   \r \r\r\u001b[0m\u001b[27m\u001b[24m\u001b[J\r\n\u001b[19491001\u001b[1;35m> \u001b[20210325\u001b[0m\u001b[K\u001b[?2004h" ]
[ 26.94486, "o", "f" ]
[ 26.99640, "o", "\bfd" ]
[ 27.04818, "o", " " ]
[ 27.10004, "o", "-" ]
[ 27.15178, "o", "e" ]
[ 27.20413, "o", " " ]
[ 27.25646, "o", "j" ]
[ 27.30851, "o", "s" ]
[ 27.36023, "o", "o" ]
[ 27.41289, "o", "n" ]
[ 27.46495, "o", " " ]
[ 27.51691, "o", "-" ]
[ 27.56901, "o", "-" ]
[ 27.62103, "o", "e" ]
[ 27.67297, "o", "x" ]
[ 27.72462, "o", "e" ]
[ 27.77641, "o", "c" ]
[ 27.82861, "o", " " ]
[ 27.88090, "o", "w" ]
[ 27.93261, "o", "c" ]
[ 27.98532, "o", " " ]
[ 28.03736, "o", "-" ]
