{"version":2,"width":100,"height":26,"timestamp":1690612083,"env":{"SHELL":"","TERM":"xterm"}}
[ 0.00000, "o", "" ]
[ 0.12932, "o", "\u001b[19491001\u001b[1;35m> \u001b[20210325\u001b[0m\u001b[K\u001b[?2004h" ]
[ 0.42045, "o", "#\b# " ]
[ 0.52433, "o", "使" ]
[ 0.67922, "o", "用" ]
[ 0.73115, "o", " " ]
[ 0.78312, "o", "`" ]
[ 0.83501, "o", "x" ]
[ 0.88663, "o", " " ]
[ 0.93845, "o", "g" ]
[ 0.99018, "o", "i" ]
[ 1.04215, "o", "t" ]
[ 1.09396, "o", "l" ]
[ 1.14584, "o", "e" ]
[ 1.19736, "o", "a" ]
[ 1.24904, "o", "k" ]
[ 1.30118, "o", "s" ]
[ 1.35281, "o", "`" ]
[ 1.40457, "o", " " ]
[ 1.56045, "o", "命" ]
[ 1.71501, "o", "令" ]
[ 1.87071, "o", "格" ]
[ 2.02607, "o", "式" ]
[ 2.18182, "o", "能" ]
[ 2.33788, "o", "快" ]
[ 2.49378, "o", "捷" ]
[ 2.64902, "o", "地" ]
[ 2.81429, "o", "使" ]
[ 2.95925, "o", "用" ]
[ 3.01182, "o", " " ]
[ 3.06441, "o", "`" ]
[ 3.11640, "o", "g" ]
[ 3.16833, "o", "i" ]
[ 3.22027, "o", "t" ]
[ 3.27172, "o", "l" ]
[ 3.32349, "o", "e" ]
[ 3.37545, "o", "a" ]
[ 3.42759, "o", "k" ]
[ 3.47925, "o", "s" ]
[ 3.53132, "o", "`" ]
[ 3.58293, "o", " " ]
[ 3.73771, "o", "命" ]
[ 3.89307, "o", "令" ]
[ 3.94498, "o", "\u001b[?2004l\r\r\n\u001b[1m\u001b[7m#\u001b[27m\u001b[1m\u001b[0m                                                                                                   \r \r" ]
[ 3.94504, "o", "\r\u001b[0m\u001b[27m\u001b[24m\u001b[J\r\n\u001b[19491001\u001b[1;35m> \u001b[20210325\u001b[0m\u001b[K\u001b[?2004h" ]
[ 5.44869, "o", "x" ]
[ 5.50030, "o", "\bx " ]
[ 5.55292, "o", "g" ]
[ 5.60470, "o", "i" ]
[ 5.65661, "o", "t" ]
[ 5.70924, "o", "l" ]
[ 5.76104, "o", "e" ]
[ 5.81289, "o", "a" ]
[ 5.86479, "o", "k" ]
[ 5.91647, "o", "s" ]
[ 5.96823, "o", " " ]
[ 6.02059, "o", "v" ]
[ 6.07250, "o", "e" ]
[ 6.12426, "o", "r" ]
[ 6.17614, "o", "s" ]
[ 6.22760, "o", "i" ]
[ 6.27942, "o", "o" ]
[ 6.33084, "o", "n" ]
[ 6.58416, "o", "\u001b[?2004l\r\r\n" ]
[ 6.66889, "o", "8.16.2\r\n" ]
[ 6.66957, "o", "\u001b[1m\u001b[7m#\u001b[27m\u001b[1m\u001b[0m                                                                                                   \r \r" ]
[ 6.66986, "o", "\r\u001b[0m\u001b[27m\u001b[24m\u001b[J\r\n\u001b[19491001\u001b[1;35m> \u001b[20210325\u001b[0m\u001b[K\u001b[?2004h" ]
[ 8.58586, "o", "#\b# " ]
[ 8.68932, "o", "使" ]
[ 8.84585, "o", "用" ]
[ 8.89764, "o", " " ]
[ 8.94926, "o", "`" ]
[ 9.00075, "o", "x" ]
[ 9.05256, "o", " " ]
[ 9.10444, "o", "e" ]
[ 9.15648, "o", "n" ]
[ 9.20863, "o", "v" ]
[ 9.26092, "o", " " ]
[ 9.31250, "o", "u" ]
[ 9.36435, "o", "s" ]
[ 9.41582, "o", "e" ]
[ 9.46771, "o", "`" ]
[ 9.51946, "o", " " ]
[ 9.67568, "o", "能" ]
[ 9.83095, "o", "自" ]
[ 9.98569, "o", "动" ]
[ 10.14088, "o", "安" ]
[ 10.29550, "o", "装" ]
[ 10.45054, "o", "并" ]
[ 10.60661, "o", "配" ]
[ 10.76197, "o", "置" ]
[ 10.91768, "o", "好" ]
[ 11.07334, "o", "相" ]
[ 11.22903, "o", "应" ]
[ 11.38427, "o", "的" ]
[ 11.53960, "o", "全" ]
[ 11.69505, "o", "局" ]
[ 11.85078, "o", "环" ]
[ 12.00679, "o", "境" ]
[ 12.16219, "o", "变" ]
[ 12.31868, "o", "量" ]
[ 12.37024, "o", "\u001b[?2004l\r\r\n" ]
[ 12.37034, "o", "\u001b[1m\u001b[7m#\u001b[27m\u001b[1m\u001b[0m                                                                                                   \r \r\r\u001b[0m\u001b[27m\u001b[24m\u001b[J\r\n\u001b[19491001\u001b[1;35m> \u001b[20210325\u001b[0m\u001b[K\u001b[?2004h" ]
[ 13.87458, "o", "x" ]
[ 13.92656, "o", "\bx " ]
[ 13.97848, "o", "e" ]
[ 14.03011, "o", "n" ]
[ 14.08199, "o", "v" ]
[ 14.13366, "o", " " ]
[ 14.18555, "o", "u" ]
[ 14.23712, "o", "s" ]
[ 14.28913, "o", "e" ]
[ 14.34082, "o", " " ]
[ 14.39240, "o", "g" ]
[ 14.44403, "o", "i" ]
[ 14.49556, "o", "t" ]
[ 14.54732, "o", "l" ]
[ 14.59891, "o", "e" ]
[ 14.65087, "o", "a" ]
[ 14.70239, "o", "k" ]
[ 14.75394, "o", "s" ]
[ 15.00817, "o", "\u001b[?2004l\r\r\n" ]
[ 15.13702, "o", "- \u001b[32mI\u001b[0m\u001b[32m|pkg: \u001b[0mSuccessfully set link from path \u001b[0m\r\n" ]
[ 15.16734, "o", "- \u001b[32mI\u001b[0m\u001b[32m|env: \u001b[0mSuccessfully set gitleaks=v0.0.1 in the current environment.\u001b[0m\r\n" ]
[ 15.22873, "o", "- \u001b[32mI\u001b[0m\u001b[32m|env: \u001b[0mConfig file updated to /root/.x-cmd.root/local/data/env/version\u001b[0m\r\n" ]
[ 15.22893, "o", "\u001b[1m\u001b[7m#\u001b[27m\u001b[1m\u001b[0m                                                                                                   \r \r\r\u001b[0m\u001b[27m\u001b[24m\u001b[J\r\n\u001b[19491001\u001b[1;35m> \u001b[20210325\u001b[0m\u001b[K\u001b[?2004h" ]
[ 17.01004, "o", "#\b# " ]
[ 17.11413, "o", "进" ]
[ 17.26924, "o", "入" ]
[ 17.42431, "o", "本" ]
[ 17.57954, "o", "地" ]
[ 17.63158, "o", " " ]
[ 17.68337, "o", "g" ]
[ 17.73494, "o", "i" ]
[ 17.78690, "o", "t" ]
[ 17.83911, "o", " " ]
[ 17.89119, "o", "r" ]
[ 17.94320, "o", "e" ]
[ 17.99492, "o", "p" ]
[ 18.04655, "o", "o" ]
[ 18.09839, "o", " " ]
[ 18.25422, "o", "目" ]
[ 18.41063, "o", "录" ]
[ 18.46260, "o", "\u001b[?2004l\r\r\n\u001b[1m\u001b[7m#\u001b[27m\u001b[1m\u001b[0m                                                                                                   \r \r\r\u001b[0m\u001b[27m\u001b[24m\u001b[J\r\n\u001b[19491001\u001b[1;35m> \u001b[20210325\u001b[0m\u001b[K" ]
[ 18.46277, "o", "\u001b[?2004h" ]
[ 18.96450, "o", "x" ]
[ 19.01650, "o", "\bx " ]
[ 19.06828, "o", "e" ]
[ 19.12004, "o", "x" ]
[ 19.17243, "o", "a" ]
[ 19.22410, "o", " " ]
[ 19.27547, "o", "-" ]
[ 19.32753, "o", "-" ]
[ 19.37969, "o", "t" ]
[ 19.43112, "o", "r" ]
[ 19.48300, "o", "e" ]
[ 19.53512, "o", "e" ]
[ 19.58732, "o", " " ]
[ 19.64002, "o", "-" ]
[ 19.69148, "o", "-" ]
[ 19.74324, "o", "l" ]
[ 19.79519, "o", "e" ]
[ 19.84737, "o", "v" ]
[ 19.89876, "o", "e" ]
[ 19.95068, "o", "l" ]
[ 20.00236, "o", "=" ]
[ 20.05469, "o", "1" ]
[ 20.10644, "o", " " ]
[ 20.15818, "o", "&" ]
[ 20.21003, "o", "&" ]
[ 20.26176, "o", " " ]
[ 20.31365, "o", "c" ]
[ 20.36579, "o", "d" ]
[ 20.41844, "o", " " ]
[ 20.47054, "o", "g" ]
[ 20.52207, "o", "i" ]
[ 20.57397, "o", "t" ]
[ 20.62548, "o", "l" ]
[ 20.67750, "o", "e" ]
[ 20.72904, "o", "a" ]
[ 20.78100, "o", "k" ]
[ 20.83311, "o", "s" ]
[ 20.88476, "o", "/" ]
[ 21.93895, "o", "\u001b[?2004l\r\r\n" ]
[ 22.01221, "o", "\u001b[1;34m.\u001b[0m\r\n\u001b[38;5;244m└──\u001b[0m \u001b[1;34mgitleaks\u001b[0m\r\n" ]
[ 22.01256, "o", "\u001b[1m\u001b[7m#\u001b[27m\u001b[1m\u001b[0m                                                                                                   \r \r" ]
[ 22.01272, "o", "\r\u001b[0m\u001b[27m\u001b[24m\u001b[J\r\n\u001b[19491001\u001b[1;35m> \u001b[20210325\u001b[0m\u001b[K\u001b[?2004h" ]
[ 23.94079, "o", "#\b# " ]
[ 24.04399, "o", "检" ]
[ 24.19944, "o", "测" ]
[ 24.35613, "o", "代" ]
[ 24.51120, "o", "码" ]
[ 24.66689, "o", "中" ]
[ 24.82190, "o", "的" ]
[ 24.87336, "o", " " ]
[ 24.92561, "o", "s" ]
[ 24.97722, "o", "e" ]
[ 25.02926, "o", "c" ]
[ 25.08110, "o", "r" ]
[ 25.13326, "o", "e" ]
[ 25.18526, "o", "t" ]
[ 25.23711, "o", "s" ]
[ 25.28905, "o", "\u001b[?2004l\r\r\n\u001b[1m\u001b[7m#\u001b[27m\u001b[1m\u001b[0m                                                                                                   \r \r\r\u001b[0m\u001b[27m\u001b[24m\u001b[J\r\n\u001b[19491001\u001b[1;35m> \u001b[20210325\u001b[0m\u001b[K\u001b[?2004h" ]
[ 26.79296, "o", "g" ]
[ 26.84483, "o", "\bgi" ]
[ 26.89643, "o", "t" ]
[ 26.94834, "o", "l" ]
[ 26.99997, "o", "e" ]
[ 27.05178, "o", "a" ]
[ 27.10352, "o", "k" ]
[ 27.15575, "o", "s" ]
[ 27.20782, "o", " " ]
[ 27.25928, "o", "d" ]
[ 27.31139, "o", "e" ]
[ 27.36301, "o", "t" ]
[ 27.41473, "o", "e" ]
[ 27.46642, "o", "c" ]
[ 27.51841, "o", "t" ]
[ 27.77203, "o", "\u001b[?2004l\r\r\n" ]
[ 27.77438, "o", "\r\n    ○\r\n    │╲\r\n    │ ○\r\n    ○ ░\r\n    ░    gitleaks\r\n\r\n" ]
[ 28.70232, "o", "\u001b[90m6:28AM\u001b[0m \u001b[32mINF\u001b[0m 785 commits scanned.\r\n\u001b[90m6:28AM\u001b[0m \u001b[32mINF\u001b[0m scan completed in 909ms\r\n\u001b[90m6:28AM\u001b[0m \u001b[31mWRN\u001b[0m leaks found: 23\r\n" ]
