{"version":2,"width":100,"height":26,"timestamp":1689841069,"env":{"SHELL":"","TERM":"xterm"}}
[ 0.00000, "o", "" ]
[ 0.15374, "o", "\u001b[19491001\u001b[1;35m> \u001b[20210325\u001b[0m\u001b[K\u001b[?2004h" ]
[ 0.40845, "o", "#\b# " ]
[ 0.51269, "o", "使" ]
[ 0.66789, "o", "用" ]
[ 0.72014, "o", " " ]
[ 0.77162, "o", "`" ]
[ 0.82351, "o", "x" ]
[ 0.87559, "o", " " ]
[ 0.92801, "o", "g" ]
[ 0.97995, "o", "r" ]
[ 1.03192, "o", "e" ]
[ 1.08419, "o", "x" ]
[ 1.13676, "o", "`" ]
[ 1.18851, "o", " " ]
[ 1.34501, "o", "命" ]
[ 1.50053, "o", "令" ]
[ 1.65646, "o", "格" ]
[ 1.81307, "o", "式" ]
[ 1.96914, "o", "能" ]
[ 2.12495, "o", "快" ]
[ 2.28141, "o", "捷" ]
[ 2.43680, "o", "地" ]
[ 2.59389, "o", "使" ]
[ 2.74922, "o", "用" ]
[ 2.80095, "o", " " ]
[ 2.85283, "o", "`" ]
[ 2.90538, "o", "g" ]
[ 2.95732, "o", "r" ]
[ 3.00916, "o", "e" ]
[ 3.06226, "o", "x" ]
[ 3.11443, "o", "`" ]
[ 3.16685, "o", " " ]
[ 3.32232, "o", "命" ]
[ 3.47892, "o", "令" ]
[ 3.53207, "o", "\u001b[?2004l\r\r\n" ]
[ 3.53216, "o", "\u001b[1m\u001b[7m#\u001b[27m\u001b[1m\u001b[0m                                                                                                   \r \r\r\u001b[0m\u001b[27m\u001b[24m\u001b[J\r\n\u001b[19491001\u001b[1;35m> \u001b[20210325\u001b[0m\u001b[K\u001b[?2004h" ]
[ 5.03641, "o", "x" ]
[ 5.08811, "o", "\bx " ]
[ 5.13977, "o", "g" ]
[ 5.19207, "o", "r" ]
[ 5.24378, "o", "e" ]
[ 5.29637, "o", "x" ]
[ 5.34857, "o", " " ]
[ 5.40048, "o", "-" ]
[ 5.45260, "o", "-" ]
[ 5.50444, "o", "v" ]
[ 5.55658, "o", "e" ]
[ 5.60878, "o", "r" ]
[ 5.66053, "o", "s" ]
[ 5.71270, "o", "i" ]
[ 5.76514, "o", "o" ]
[ 5.81736, "o", "n" ]
[ 6.07153, "o", "\u001b[?2004l\r\r\n" ]
[ 6.14694, "o", "\u001b[0mgrex 1.4.1\r\n\u001b[0m" ]
[ 6.14717, "o", "\u001b[1m\u001b[7m#\u001b[27m\u001b[1m\u001b[0m                                                                                                   \r \r\r\u001b[0m\u001b[27m\u001b[24m\u001b[J\r\n\u001b[19491001\u001b[1;35m> \u001b[20210325\u001b[0m\u001b[K\u001b[?2004h" ]
[ 8.07384, "o", "#\b# " ]
[ 8.17862, "o", "使" ]
[ 8.33454, "o", "用" ]
[ 8.38740, "o", " " ]
[ 8.43910, "o", "`" ]
[ 8.49117, "o", "x" ]
[ 8.54414, "o", " " ]
[ 8.59638, "o", "e" ]
[ 8.64841, "o", "n" ]
[ 8.70034, "o", "v" ]
[ 8.75237, "o", " " ]
[ 8.80435, "o", "u" ]
[ 8.85601, "o", "s" ]
[ 8.90817, "o", "e" ]
[ 8.96058, "o", "`" ]
[ 9.01259, "o", " " ]
[ 9.16826, "o", "能" ]
[ 9.32542, "o", "自" ]
[ 9.48183, "o", "动" ]
[ 9.63772, "o", "安" ]
[ 9.79351, "o", "装" ]
[ 9.94946, "o", "并" ]
[ 10.10463, "o", "配" ]
[ 10.26175, "o", "置" ]
[ 10.41865, "o", "好" ]
[ 10.57530, "o", "相" ]
[ 10.73152, "o", "应" ]
[ 10.88718, "o", "的" ]
[ 11.04335, "o", "全" ]
[ 11.20046, "o", "局" ]
[ 11.35588, "o", "环" ]
[ 11.51188, "o", "境" ]
[ 11.66814, "o", "变" ]
[ 11.82430, "o", "量" ]
[ 11.87600, "o", "\u001b[?2004l\r\r\n" ]
[ 11.87620, "o", "\u001b[1m\u001b[7m#\u001b[27m\u001b[1m\u001b[0m                                                                                                   \r \r\r\u001b[0m\u001b[27m\u001b[24m\u001b[J\r\n\u001b[19491001\u001b[1;35m> \u001b[20210325\u001b[0m\u001b[K\u001b[?2004h" ]
[ 13.38099, "o", "x" ]
[ 13.43324, "o", "\bx " ]
[ 13.48533, "o", "e" ]
[ 13.53698, "o", "n" ]
[ 13.58963, "o", "v" ]
[ 13.64164, "o", " " ]
[ 13.69376, "o", "u" ]
[ 13.74569, "o", "s" ]
[ 13.79772, "o", "e" ]
[ 13.85011, "o", " " ]
[ 13.90171, "o", "g" ]
[ 13.95423, "o", "r" ]
[ 14.00582, "o", "e" ]
[ 14.05902, "o", "x" ]
[ 14.31261, "o", "\u001b[?2004l\r\r\n" ]
[ 14.43305, "o", "- \u001b[32mI\u001b[0m\u001b[32m|pkg: \u001b[0mSuccessfully set link from path \u001b[0m\r\n" ]
[ 14.45955, "o", "- \u001b[32mI\u001b[0m\u001b[32m|env: \u001b[0mSuccessfully set grex=v0.0.1 in the current environment.\u001b[0m\r\n" ]
[ 14.52122, "o", "- \u001b[32mI\u001b[0m\u001b[32m|env: \u001b[0mConfig file updated to /root/.x-cmd.root/local/data/env/version\u001b[0m\r\n" ]
[ 14.52133, "o", "\u001b[1m\u001b[7m#\u001b[27m\u001b[1m\u001b[0m                                                                                                   \r \r" ]
[ 14.52145, "o", "\r\u001b[0m\u001b[27m\u001b[24m\u001b[J\r\n\u001b[19491001\u001b[1;35m> \u001b[20210325\u001b[0m\u001b[K\u001b[?2004h" ]
[ 16.31515, "o", "#\b# " ]
[ 16.41938, "o", "生" ]
[ 16.57557, "o", "成" ]
[ 16.73070, "o", "字" ]
[ 16.88660, "o", "母" ]
[ 16.93857, "o", " " ]
[ 16.99102, "o", "a" ]
[ 17.04305, "o", "-" ]
[ 17.09540, "o", "f" ]
[ 17.14727, "o", " " ]
[ 17.30285, "o", "的" ]
[ 17.45960, "o", "正" ]
[ 17.61527, "o", "则" ]
[ 17.77131, "o", "表" ]
[ 17.92770, "o", "达" ]
[ 18.08401, "o", "式" ]
[ 18.13570, "o", "\u001b[?2004l\r\r\n" ]
[ 18.13587, "o", "\u001b[1m\u001b[7m#\u001b[27m\u001b[1m\u001b[0m                                                                                                   \r \r\r\u001b[0m\u001b[27m\u001b[24m\u001b[J\r\n\u001b[19491001\u001b[1;35m> \u001b[20210325\u001b[0m\u001b[K\u001b[?2004h" ]
[ 19.63973, "o", "g" ]
[ 19.69178, "o", "\bgr" ]
[ 19.74366, "o", "e" ]
[ 19.79571, "o", "x" ]
[ 19.84765, "o", " " ]
[ 19.89951, "o", "a" ]
[ 19.95156, "o", " " ]
[ 20.00357, "o", "b" ]
[ 20.05591, "o", " " ]
[ 20.10865, "o", "c" ]
[ 20.16023, "o", " " ]
[ 20.21300, "o", "d" ]
[ 20.26478, "o", " " ]
[ 20.31687, "o", "e" ]
[ 20.36914, "o", " " ]
[ 20.42114, "o", "f" ]
[ 20.67576, "o", "\u001b[?2004l\r\r\n" ]
[ 20.67702, "o", "^[a-f]$\r\n" ]
[ 20.67727, "o", "\u001b[1m\u001b[7m#\u001b[27m\u001b[1m\u001b[0m                                                                                                   \r \r\r\u001b[0m\u001b[27m\u001b[24m\u001b[J\r\n\u001b[19491001\u001b[1;35m> \u001b[20210325\u001b[0m\u001b[K\u001b[?2004h" ]
[ 22.67874, "o", "#\b# " ]
[ 22.78292, "o", "检" ]
[ 22.93921, "o", "测" ]
[ 23.09497, "o", "重" ]
[ 23.25073, "o", "复" ]
[ 23.40598, "o", "的" ]
[ 23.56210, "o", "非" ]
[ 23.71870, "o", "重" ]
[ 23.87407, "o", "叠" ]
[ 24.03000, "o", "子" ]
[ 24.18589, "o", "字" ]
[ 24.34261, "o", "符" ]
[ 24.49791, "o", "串" ]
[ 24.65366, "o", "并" ]
[ 24.81063, "o", "将" ]
[ 24.96658, "o", "其" ]
[ 25.12263, "o", "转" ]
[ 25.27843, "o", "换" ]
[ 25.43471, "o", "为" ]
[ 25.59013, "o", "量" ]
[ 25.74606, "o", "词" ]
[ 25.90269, "o", "表" ]
[ 26.05821, "o", "示" ]
[ 26.21406, "o", "法" ]
[ 26.26605, "o", "\u001b[?2004l\r\r\n\u001b[1m\u001b[7m#\u001b[27m\u001b[1m\u001b[0m                                                                                                   \r \r\r\u001b[0m\u001b[27m\u001b[24m\u001b[J\r\n\u001b[19491001\u001b[1;35m> \u001b[20210325\u001b[0m" ]
[ 26.26610, "o", "\u001b[K\u001b[?2004h" ]
[ 27.77014, "o", "g" ]
[ 27.82235, "o", "\bgr" ]
[ 27.87457, "o", "e" ]
[ 27.92652, "o", "x" ]
[ 27.97884, "o", " " ]
[ 28.03119, "o", "-" ]
[ 28.08300, "o", "c" ]
[ 28.13500, "o", "r" ]
[ 28.18682, "o", " " ]
[ 28.23883, "o", "\"" ]
[ 28.29067, "o", "%" ]
[ 28.34298, "o", "2" ]
[ 28.39478, "o", "c" ]
[ 28.44691, "o", "*" ]
[ 28.49898, "o", "\"" ]
[ 28.55075, "o", " " ]
[ 28.60275, "o", "\"" ]
[ 28.65500, "o", "b" ]
[ 28.70705, "o", "b" ]
[ 28.75871, "o", "c" ]
[ 28.81092, "o", " " ]
[ 28.86270, "o", "D" ]
[ 28.91485, "o", "D" ]
[ 28.96693, "o", "d" ]
[ 29.01860, "o", "a" ]
[ 29.07068, "o", "s" ]
[ 29.12240, "o", "\"" ]
[ 29.37604, "o", "\u001b[?2004l\r\r\n" ]
[ 29.37717, "o", "\u001b[1;33m^\u001b[0m\u001b[1;32m(?:\u001b[0mb\u001b[104;37m{2}\u001b[0mc D\u001b[104;37m{2}\u001b[0mdas\u001b[1;31m|\u001b[0m%2c\\*\u001b[1;32m)\u001b[0m\u001b[1;33m$\u001b[0m\r\n" ]
[ 29.37731, "o", "\u001b[1m\u001b[7m#\u001b[27m\u001b[1m\u001b[0m                                                                                                   \r \r" ]
[ 29.37737, "o", "\r\u001b[0m\u001b[27m\u001b[24m\u001b[J\r\n\u001b[19491001\u001b[1;35m> \u001b[20210325\u001b[0m\u001b[K\u001b[?2004h" ]
[ 31.37871, "o", "#\b# " ]
[ 31.48276, "o", "在" ]
[ 31.63853, "o", "详" ]
[ 31.79441, "o", "细" ]
[ 31.94991, "o", "模" ]
[ 32.10659, "o", "式" ]
[ 32.26197, "o", "下" ]
[ 32.41719, "o", "生" ]
[ 32.57399, "o", "成" ]
[ 32.72944, "o", "外" ]
[ 32.88515, "o", "观" ]
[ 33.04224, "o", "更" ]
[ 33.19767, "o", "好" ]
