{"version":2,"width":100,"height":26,"timestamp":1689339504,"env":{"SHELL":"","TERM":"xterm"}}
[ 0.00000, "o", "" ]
[ 0.10798, "o", "\u001b[19491001\u001b[1;35m> \u001b[20210325\u001b[0m\u001b[K\u001b[?2004h" ]
[ 0.91282, "o", "#\b# " ]
[ 1.01713, "o", "使" ]
[ 1.17355, "o", "用" ]
[ 1.22550, "o", " " ]
[ 1.27755, "o", "`" ]
[ 1.32964, "o", "x" ]
[ 1.38216, "o", " " ]
[ 1.43402, "o", "g" ]
[ 1.48696, "o", "u" ]
[ 1.53916, "o", "m" ]
[ 1.59137, "o", "`" ]
[ 1.64334, "o", " " ]
[ 1.79851, "o", "命" ]
[ 1.95443, "o", "令" ]
[ 2.11084, "o", "格" ]
[ 2.26611, "o", "式" ]
[ 2.42204, "o", "能" ]
[ 2.57854, "o", "快" ]
[ 2.73415, "o", "捷" ]
[ 2.89050, "o", "地" ]
[ 3.04626, "o", "使" ]
[ 3.20250, "o", "用" ]
[ 3.25473, "o", " " ]
[ 3.30690, "o", "`" ]
[ 3.35900, "o", "g" ]
[ 3.41112, "o", "u" ]
[ 3.46318, "o", "m" ]
[ 3.51555, "o", "`" ]
[ 3.56756, "o", " " ]
[ 3.72363, "o", "命" ]
[ 3.87948, "o", "令" ]
[ 3.93113, "o", "\u001b[?2004l\r\r\n" ]
[ 3.93131, "o", "\u001b[1m\u001b[7m#\u001b[27m\u001b[1m\u001b[0m                                                                                                   \r \r\r\u001b[0m\u001b[27m\u001b[24m\u001b[J\r\n\u001b[19491001\u001b[1;35m> \u001b[20210325\u001b[0m\u001b[K\u001b[?2004h" ]
[ 5.43557, "o", "x" ]
[ 5.48752, "o", "\bx " ]
[ 5.54166, "o", "g" ]
[ 5.59356, "o", "u" ]
[ 5.64549, "o", "m" ]
[ 5.69724, "o", " " ]
[ 5.74921, "o", "-" ]
[ 5.80110, "o", "-" ]
[ 5.85373, "o", "v" ]
[ 5.90598, "o", "e" ]
[ 5.95863, "o", "r" ]
[ 6.01062, "o", "s" ]
[ 6.06218, "o", "i" ]
[ 6.11415, "o", "o" ]
[ 6.16569, "o", "n" ]
[ 6.41929, "o", "\u001b[?2004l\r\r\n" ]
[ 6.53176, "o", "gum version v0.10.0 (0f0f8e9)\r\n" ]
[ 6.53262, "o", "\u001b[1m\u001b[7m#\u001b[27m\u001b[1m\u001b[0m                                                                                                   \r \r\r\u001b[0m\u001b[27m\u001b[24m\u001b[J\r\n\u001b[19491001\u001b[1;35m> \u001b[20210325\u001b[0m\u001b[K\u001b[?2004h" ]
[ 8.92345, "o", "#\b# " ]
[ 9.02838, "o", "使" ]
[ 9.18463, "o", "用" ]
[ 9.23626, "o", " " ]
[ 9.28836, "o", "`" ]
[ 9.34096, "o", "x" ]
[ 9.39384, "o", " " ]
[ 9.44640, "o", "e" ]
[ 9.49871, "o", "n" ]
[ 9.55076, "o", "v" ]
[ 9.60247, "o", " " ]
[ 9.65460, "o", "u" ]
[ 9.70623, "o", "s" ]
[ 9.75805, "o", "e" ]
[ 9.80974, "o", "`" ]
[ 9.86235, "o", " " ]
[ 10.01877, "o", "能" ]
[ 10.17366, "o", "自" ]
[ 10.32927, "o", "动" ]
[ 10.48469, "o", "安" ]
[ 10.64032, "o", "装" ]
[ 10.79618, "o", "并" ]
[ 10.95248, "o", "配" ]
[ 11.10790, "o", "置" ]
[ 11.26407, "o", "好" ]
[ 11.42066, "o", "相" ]
[ 11.57698, "o", "应" ]
[ 11.73288, "o", "的" ]
[ 11.88893, "o", "全" ]
[ 12.04439, "o", "局" ]
[ 12.20026, "o", "环" ]
[ 12.35617, "o", "境" ]
[ 12.51240, "o", "变" ]
[ 12.66754, "o", "量" ]
[ 12.71951, "o", "\u001b[?2004l\r\r\n\u001b[1m\u001b[7m#\u001b[27m\u001b[1m\u001b[0m                                                                                                   \r \r\r\u001b[0m\u001b[27m\u001b[24m\u001b[J\r\n\u001b[19491001\u001b[1;35m> \u001b[20210325\u001b[0m\u001b[K\u001b[?2004h" ]
[ 14.22346, "o", "x" ]
[ 14.27578, "o", "\bx " ]
[ 14.32737, "o", "e" ]
[ 14.37942, "o", "n" ]
[ 14.43107, "o", "v" ]
[ 14.48353, "o", " " ]
[ 14.53499, "o", "u" ]
[ 14.58773, "o", "s" ]
[ 14.63988, "o", "e" ]
[ 14.69160, "o", " " ]
[ 14.74383, "o", "g" ]
[ 14.79550, "o", "u" ]
[ 14.84790, "o", "m" ]
[ 15.10157, "o", "\u001b[?2004l\r\r\n" ]
[ 15.23183, "o", "- \u001b[32mI\u001b[0m\u001b[32m|pkg: \u001b[0mSuccessfully set link from path \u001b[0m\r\n" ]
[ 15.26131, "o", "- \u001b[32mI\u001b[0m\u001b[32m|env: \u001b[0mSuccessfully set gum=v0.0.1 in the current environment.\u001b[0m\r\n" ]
[ 15.32125, "o", "- \u001b[32mI\u001b[0m\u001b[32m|env: \u001b[0mConfig file updated to /root/.x-cmd.root/local/data/env/version\u001b[0m\r\n" ]
[ 15.32145, "o", "\u001b[1m\u001b[7m#\u001b[27m\u001b[1m\u001b[0m                                                                                                   \r \r\r\u001b[0m\u001b[27m\u001b[24m\u001b[J\r\n\u001b[19491001\u001b[1;35m> \u001b[20210325\u001b[0m\u001b[K\u001b[?2004h" ]
[ 17.60592, "o", "#" ]
[ 17.60599, "o", "\b# " ]
[ 17.71106, "o", "在" ]
[ 17.86638, "o", "命" ]
[ 18.02335, "o", "令" ]
[ 18.17860, "o", "行" ]
[ 18.33383, "o", "中" ]
[ 18.48963, "o", "构" ]
[ 18.64588, "o", "建" ]
[ 18.80151, "o", "选" ]
[ 18.95702, "o", "项" ]
[ 19.11288, "o", "列" ]
[ 19.26784, "o", "表" ]
[ 19.42394, "o", "界" ]
[ 19.57969, "o", "面" ]
[ 19.63141, "o", "\u001b[?2004l\r\r\n" ]
[ 19.63154, "o", "\u001b[1m\u001b[7m#\u001b[27m\u001b[1m\u001b[0m                                                                                                   \r \r\r\u001b[0m\u001b[27m\u001b[24m\u001b[J\r\n\u001b[19491001\u001b[1;35m> \u001b[20210325\u001b[0m\u001b[K\u001b[?2004h" ]
[ 21.13568, "o", "g" ]
[ 21.18788, "o", "\bgu" ]
[ 21.24005, "o", "m" ]
[ 21.29172, "o", " " ]
[ 21.34425, "o", "c" ]
[ 21.39642, "o", "h" ]
[ 21.44854, "o", "o" ]
[ 21.50065, "o", "o" ]
[ 21.55267, "o", "s" ]
[ 21.60496, "o", "e" ]
[ 21.65666, "o", " " ]
[ 21.70837, "o", "\"" ]
[ 21.76002, "o", "1" ]
[ 21.81172, "o", "\"" ]
[ 21.86322, "o", " " ]
[ 21.91536, "o", "\"" ]
[ 21.96712, "o", "2" ]
[ 22.01891, "o", "\"" ]
[ 22.07130, "o", " " ]
[ 22.12293, "o", "\"" ]
[ 22.17476, "o", "3" ]
[ 22.22674, "o", "\"" ]
[ 22.48086, "o", "\u001b[?2004l\r\r\n" ]
[ 22.50444, "o", "\u001b]11;?\u001b\\\u001b[6n" ]
[ 22.50648, "o", "\u001b]11;?\u001b\\\u001b[6n" ]
[ 22.50816, "o", "\u001b]10;?\u001b\\\u001b[6n" ]
[ 22.50978, "o", "\u001b]11;?\u001b\\\u001b[6n" ]
[ 22.51100, "o", "\u001b[?25l" ]
[ 22.52871, "o", "> 1\r\r\n  2\r\r\n  3\r\r\n\u001b[100D" ]
[ 24.49533, "o", "\u001b[1A\u001b[1A\u001b[2K\u001b[1A\u001b[100D\u001b[2K  1\r\r\n> 2\r\r\n\u001b[1B\u001b[100D" ]
[ 25.48571, "o", "\u001b[2K\u001b[1A\u001b[2K\u001b[1A\u001b[2K\u001b[1A\u001b[100D\u001b[2K \u001b[100D\u001b[2K\u001b[?25h\u001b[?1002l\u001b[?1003l2\r\n" ]
[ 25.48697, "o", "\u001b[1m\u001b[7m#\u001b[27m\u001b[1m\u001b[0m                                                                                                   \r \r\r\u001b[0m\u001b[27m\u001b[24m\u001b[J\r\n\u001b[19491001\u001b[1;35m> \u001b[20210325\u001b[0m\u001b[K\u001b[?2004h" ]
[ 27.98932, "o", "#" ]
[ 27.98937, "o", "\b# " ]
[ 28.09303, "o", "在" ]
[ 28.24874, "o", "命" ]
[ 28.40534, "o", "令" ]
[ 28.56081, "o", "行" ]
[ 28.71583, "o", "中" ]
[ 28.87102, "o", "构" ]
[ 29.02687, "o", "建" ]
[ 29.18247, "o", "确" ]
[ 29.33790, "o", "认" ]
[ 29.49422, "o", "界" ]
[ 29.65032, "o", "面" ]
[ 29.70244, "o", "\u001b[?2004l\r\r\n\u001b[1m\u001b[7m#\u001b[27m\u001b[1m\u001b[0m                                                                                                   \r \r\r\u001b[0m\u001b[27m\u001b[24m\u001b[J\r\n\u001b[19491001\u001b[1;35m> \u001b[20210325\u001b[0m\u001b[K\u001b[?2004h" ]
[ 31.20612, "o", "g" ]
[ 31.25868, "o", "\bgu" ]
[ 31.31050, "o", "m" ]
[ 31.36208, "o", " " ]
[ 31.41370, "o", "c" ]
[ 31.46526, "o", "o" ]
[ 31.51692, "o", "n" ]
[ 31.56883, "o", "f" ]
[ 31.62101, "o", "i" ]
[ 31.67253, "o", "r" ]
[ 31.72528, "o", "m" ]
[ 31.77729, "o", " " ]
[ 31.82899, "o", "&" ]
[ 31.88127, "o", "&" ]
[ 31.93310, "o", " " ]
[ 31.98547, "o", "e" ]
[ 32.03710, "o", "c" ]
[ 32.08904, "o", "h" ]
[ 32.14056, "o", "o" ]
[ 32.19294, "o", " " ]
[ 32.24541, "o", "\"" ]
[ 32.29746, "o", "C" ]
[ 32.34957, "o", "o" ]
[ 32.40127, "o", "n" ]
[ 32.45349, "o", "f" ]
[ 32.50513, "o", "i" ]
[ 32.55766, "o", "r" ]
[ 32.60941, "o", "m" ]
[ 32.66200, "o", "\"" ]
[ 32.71419, "o", " " ]
[ 32.76570, "o", "|" ]
[ 32.81790, "o", "|" ]
[ 32.87000, "o", " " ]
[ 32.92204, "o", "e" ]
[ 32.97370, "o", "c" ]
[ 33.02576, "o", "h" ]
[ 33.07729, "o", "o" ]
[ 33.12979, "o", " " ]
[ 33.18198, "o", "\"" ]
[ 33.23367, "o", "C" ]
[ 33.28643, "o", "a" ]
[ 33.33833, "o", "n" ]
[ 33.39045, "o", "c" ]
[ 33.44219, "o", "e" ]
[ 33.49444, "o", "l" ]
[ 33.54682, "o", "\"" ]
[ 33.80007, "o", "\u001b[?2004l\r\r\n" ]
[ 33.82458, "o", "\u001b]10;?\u001b\\\u001b[6n" ]
[ 33.82638, "o", "\u001b]11;?\u001b\\\u001b[6n" ]
[ 33.82758, "o", "\u001b[?25l" ]
