{"version":2,"width":100,"height":26,"timestamp":1690611523,"env":{"SHELL":"","TERM":"xterm"}}
[ 0.00000, "o", "" ]
[ 0.13702, "o", "\u001b[19491001\u001b[1;35m> \u001b[20210325\u001b[0m" ]
[ 0.13712, "o", "\u001b[K\u001b[?2004h" ]
[ 0.42279, "o", "#\b# " ]
[ 0.52670, "o", "使" ]
[ 0.68150, "o", "用" ]
[ 0.73358, "o", " " ]
[ 0.78557, "o", "`" ]
[ 0.83705, "o", "x" ]
[ 0.88967, "o", " " ]
[ 0.94198, "o", "j" ]
[ 0.99413, "o", "q" ]
[ 1.04558, "o", "`" ]
[ 1.09753, "o", " " ]
[ 1.25418, "o", "命" ]
[ 1.40871, "o", "令" ]
[ 1.56390, "o", "格" ]
[ 1.71899, "o", "式" ]
[ 1.87345, "o", "能" ]
[ 2.02991, "o", "快" ]
[ 2.18564, "o", "捷" ]
[ 2.34099, "o", "地" ]
[ 2.49673, "o", "使" ]
[ 2.65224, "o", "用" ]
[ 2.70380, "o", " " ]
[ 2.75572, "o", "`" ]
[ 2.80732, "o", "j" ]
[ 2.85943, "o", "q" ]
[ 2.91145, "o", "`" ]
[ 2.96352, "o", " " ]
[ 3.11916, "o", "命" ]
[ 3.27480, "o", "令" ]
[ 3.32697, "o", "\u001b[?2004l\r\r\n\u001b[1m\u001b[7m#\u001b[27m\u001b[1m\u001b[0m                                                                                                   \r \r\r\u001b[0m\u001b[27m\u001b[24m\u001b[J\r\n\u001b[19491001\u001b[1;35m> \u001b[20210325\u001b[0m\u001b[K" ]
[ 3.32704, "o", "\u001b[?2004h" ]
[ 4.83053, "o", "x" ]
[ 4.88288, "o", "\bx " ]
[ 4.93459, "o", "j" ]
[ 4.98697, "o", "q" ]
[ 5.03892, "o", " " ]
[ 5.09032, "o", "-" ]
[ 5.14223, "o", "-" ]
[ 5.19362, "o", "v" ]
[ 5.24581, "o", "e" ]
[ 5.29779, "o", "r" ]
[ 5.34962, "o", "s" ]
[ 5.40156, "o", "i" ]
[ 5.45356, "o", "o" ]
[ 5.50528, "o", "n" ]
[ 5.75858, "o", "\u001b[?2004l\r\r\n" ]
[ 5.82462, "o", "jq-1.6\r\n" ]
[ 5.82476, "o", "\u001b[1m\u001b[7m#\u001b[27m\u001b[1m\u001b[0m                                                                                                   \r \r" ]
[ 5.82486, "o", "\r\u001b[0m\u001b[27m\u001b[24m\u001b[J\r\n\u001b[19491001\u001b[1;35m> \u001b[20210325\u001b[0m\u001b[K\u001b[?2004h" ]
[ 7.76102, "o", "#\b# " ]
[ 7.86487, "o", "使" ]
[ 8.01951, "o", "用" ]
[ 8.07162, "o", " " ]
[ 8.12350, "o", "`" ]
[ 8.17548, "o", "x" ]
[ 8.22731, "o", " " ]
[ 8.27945, "o", "e" ]
[ 8.33110, "o", "n" ]
[ 8.38243, "o", "v" ]
[ 8.43434, "o", " " ]
[ 8.48589, "o", "u" ]
[ 8.53794, "o", "s" ]
[ 8.58995, "o", "e" ]
[ 8.64187, "o", "`" ]
[ 8.69374, "o", " " ]
[ 8.84866, "o", "能" ]
[ 9.00384, "o", "自" ]
[ 9.15973, "o", "动" ]
[ 9.31500, "o", "安" ]
[ 9.47106, "o", "装" ]
[ 9.62587, "o", "并" ]
[ 9.78042, "o", "配" ]
[ 9.93575, "o", "置" ]
[ 10.09157, "o", "好" ]
[ 10.24734, "o", "相" ]
[ 10.40338, "o", "应" ]
[ 10.55885, "o", "的" ]
[ 10.71468, "o", "全" ]
[ 10.87005, "o", "局" ]
[ 11.02575, "o", "环" ]
[ 11.18177, "o", "境" ]
[ 11.33726, "o", "变" ]
[ 11.49249, "o", "量" ]
[ 11.54474, "o", "\u001b[?2004l\r\r\n" ]
[ 11.54493, "o", "\u001b[1m\u001b[7m#\u001b[27m\u001b[1m\u001b[0m                                                                                                   \r \r\r\u001b[0m\u001b[27m\u001b[24m\u001b[J\r\n\u001b[19491001\u001b[1;35m> \u001b[20210325\u001b[0m\u001b[K\u001b[?2004h" ]
[ 13.04903, "o", "x" ]
[ 13.10057, "o", "\bx " ]
[ 13.15273, "o", "e" ]
[ 13.20431, "o", "n" ]
[ 13.25674, "o", "v" ]
[ 13.30863, "o", " " ]
[ 13.36032, "o", "u" ]
[ 13.41209, "o", "s" ]
[ 13.46384, "o", "e" ]
[ 13.51564, "o", " " ]
[ 13.56704, "o", "j" ]
[ 13.61922, "o", "q" ]
[ 13.87335, "o", "\u001b[?2004l\r\r\n" ]
[ 13.98287, "o", "- \u001b[32mI\u001b[0m\u001b[32m|pkg: \u001b[0mSuccessfully set link from path \u001b[0m\r\n" ]
[ 14.00446, "o", "- \u001b[32mI\u001b[0m\u001b[32m|env: \u001b[0mSuccessfully set jq=v0.0.1 in the current environment.\u001b[0m\r\n" ]
[ 14.06156, "o", "- \u001b[32mI\u001b[0m\u001b[32m|env: \u001b[0mConfig file updated to /root/.x-cmd.root/local/data/env/version\u001b[0m\r\n" ]
[ 14.06213, "o", "\u001b[1m\u001b[7m#\u001b[27m\u001b[1m\u001b[0m                                                                                                   \r \r\r\u001b[0m\u001b[27m\u001b[24m\u001b[J\r\n\u001b[19491001\u001b[1;35m> \u001b[20210325\u001b[0m\u001b[K\u001b[?2004h" ]
[ 15.87567, "o", "#\b# " ]
[ 15.97969, "o", "从" ]
[ 16.03167, "o", " " ]
[ 16.08417, "o", "j" ]
[ 16.13571, "o", "s" ]
[ 16.18734, "o", "o" ]
[ 16.23924, "o", "n" ]
[ 16.29059, "o", " " ]
[ 16.44586, "o", "数" ]
[ 16.60066, "o", "据" ]
[ 16.75540, "o", "中" ]
[ 16.91094, "o", "获" ]
[ 17.06677, "o", "取" ]
[ 17.22163, "o", "指" ]
[ 17.37754, "o", "定" ]
[ 17.53250, "o", "字" ]
[ 17.68788, "o", "段" ]
[ 17.84257, "o", "的" ]
[ 17.99801, "o", "值" ]
[ 18.04957, "o", "\u001b[?2004l\r\r\n" ]
[ 18.04970, "o", "\u001b[1m\u001b[7m#\u001b[27m\u001b[1m\u001b[0m                                                                                                   \r \r\r\u001b[0m\u001b[27m\u001b[24m\u001b[J\r\n\u001b[19491001\u001b[1;35m> \u001b[20210325\u001b[0m\u001b[K\u001b[?2004h" ]
[ 19.55321, "o", "e" ]
[ 19.60502, "o", "\bec" ]
[ 19.65691, "o", "h" ]
[ 19.70849, "o", "o" ]
[ 19.76037, "o", " " ]
[ 19.81221, "o", "'" ]
[ 19.86423, "o", "{" ]
[ 19.91611, "o", " " ]
[ 19.96758, "o", "\"" ]
[ 20.01948, "o", "n" ]
[ 20.07123, "o", "a" ]
[ 20.12324, "o", "m" ]
[ 20.17483, "o", "e" ]
[ 20.22632, "o", "\"" ]
[ 20.27818, "o", ":" ]
[ 20.32961, "o", "\"" ]
[ 20.38158, "o", "B" ]
[ 20.43306, "o", "o" ]
[ 20.48494, "o", "d" ]
[ 20.53642, "o", "\"" ]
[ 20.58856, "o", "," ]
[ 20.64059, "o", " " ]
[ 20.69198, "o", "\"" ]
[ 20.74387, "o", "a" ]
[ 20.79556, "o", "g" ]
[ 20.84744, "o", "e" ]
[ 20.89893, "o", "\"" ]
[ 20.95081, "o", ":" ]
[ 21.00247, "o", "1" ]
[ 21.05521, "o", "8" ]
[ 21.10730, "o", " " ]
[ 21.15955, "o", "}" ]
[ 21.21184, "o", "'" ]
[ 21.26370, "o", " " ]
[ 21.31567, "o", "|" ]
[ 21.36794, "o", " " ]
[ 21.41934, "o", "j" ]
[ 21.47124, "o", "q" ]
[ 21.52286, "o", " " ]
[ 21.57486, "o", "'" ]
[ 21.62665, "o", "." ]
[ 21.67864, "o", "n" ]
[ 21.73005, "o", "a" ]
[ 21.78192, "o", "m" ]
[ 21.83343, "o", "e" ]
[ 21.88546, "o", "'" ]
[ 22.13911, "o", "\u001b[?2004l\r\r\n" ]
[ 22.16430, "o", "\u001b[0;32m\"Bod\"\u001b[0m\r\n" ]
[ 22.16450, "o", "\u001b[1m\u001b[7m#\u001b[27m\u001b[1m\u001b[0m                                                                                                   \r \r\r\u001b[0m\u001b[27m\u001b[24m\u001b[J\r\n\u001b[19491001\u001b[1;35m> \u001b[20210325\u001b[0m\u001b[K\u001b[?2004h" ]
[ 24.14152, "o", "#\b# " ]
[ 24.24522, "o", "修" ]
[ 24.40098, "o", "改" ]
[ 24.55549, "o", "指" ]
[ 24.71022, "o", "定" ]
[ 24.86555, "o", "字" ]
[ 25.02059, "o", "段" ]
[ 25.17527, "o", "的" ]
[ 25.33116, "o", "值" ]
[ 25.38262, "o", "\u001b[?2004l\r\r\n" ]
[ 25.38275, "o", "\u001b[1m\u001b[7m#\u001b[27m\u001b[1m\u001b[0m                                                                                                   \r \r\r\u001b[0m\u001b[27m\u001b[24m\u001b[J\r\n\u001b[19491001\u001b[1;35m> \u001b[20210325\u001b[0m\u001b[K\u001b[?2004h" ]
[ 26.88622, "o", "e" ]
[ 26.93790, "o", "\bec" ]
[ 26.98966, "o", "h" ]
[ 27.04174, "o", "o" ]
[ 27.09341, "o", " " ]
[ 27.14477, "o", "'" ]
[ 27.19730, "o", "{" ]
[ 27.24930, "o", " " ]
[ 27.30079, "o", "\"" ]
[ 27.35272, "o", "n" ]
[ 27.40422, "o", "a" ]
[ 27.45613, "o", "m" ]
[ 27.50755, "o", "e" ]
[ 27.55951, "o", "\"" ]
[ 27.61103, "o", ":" ]
[ 27.66324, "o", "\"" ]
[ 27.71514, "o", "B" ]
[ 27.76706, "o", "o" ]
[ 27.81905, "o", "d" ]
[ 27.87048, "o", "\"" ]
[ 27.92242, "o", "," ]
[ 27.97394, "o", " " ]
[ 28.02599, "o", "\"" ]
[ 28.07792, "o", "a" ]
[ 28.12999, "o", "g" ]
[ 28.18220, "o", "e" ]
[ 28.23436, "o", "\"" ]
[ 28.28634, "o", ":" ]
[ 28.33775, "o", "1" ]
[ 28.38971, "o", "8" ]
[ 28.44128, "o", " " ]
[ 28.49361, "o", "}" ]
[ 28.54569, "o", "'" ]
[ 28.59721, "o", " " ]
[ 28.64899, "o", "|" ]
[ 28.70085, "o", " " ]
[ 28.75321, "o", "j" ]
[ 28.80462, "o", "q" ]
[ 28.85678, "o", " " ]
[ 28.90870, "o", "'" ]
[ 28.96067, "o", "." ]
[ 29.01265, "o", "n" ]
[ 29.06456, "o", "a" ]
[ 29.11701, "o", "m" ]
[ 29.16871, "o", "e" ]
[ 29.22107, "o", "=" ]
[ 29.27273, "o", "\"" ]
[ 29.32473, "o", "t" ]
[ 29.37692, "o", "o" ]
[ 29.42884, "o", "m" ]
[ 29.48075, "o", "\"" ]
[ 29.53237, "o", "'" ]
