{"version":2,"width":100,"height":26,"timestamp":1689851854,"env":{"SHELL":"","TERM":"xterm"}}
[ 0.00000, "o", "" ]
[ 0.15263, "o", "\u001b[19491001\u001b[1;35m> \u001b[20210325\u001b[0m\u001b[K\u001b[?2004h" ]
[ 0.41476, "o", "#\b# " ]
[ 0.51858, "o", "使" ]
[ 0.67562, "o", "用" ]
[ 0.72842, "o", " " ]
[ 0.78034, "o", "`" ]
[ 0.83188, "o", "x" ]
[ 0.88372, "o", " " ]
[ 0.93550, "o", "e" ]
[ 0.98762, "o", "n" ]
[ 1.03955, "o", "v" ]
[ 1.09220, "o", " " ]
[ 1.14454, "o", "u" ]
[ 1.19669, "o", "s" ]
[ 1.24894, "o", "e" ]
[ 1.30114, "o", "`" ]
[ 1.35330, "o", " " ]
[ 1.50972, "o", "能" ]
[ 1.66541, "o", "自" ]
[ 1.82165, "o", "动" ]
[ 1.97733, "o", "安" ]
[ 2.13410, "o", "装" ]
[ 2.29036, "o", "并" ]
[ 2.44701, "o", "配" ]
[ 2.60303, "o", "置" ]
[ 2.75990, "o", "好" ]
[ 2.91651, "o", "相" ]
[ 3.07297, "o", "应" ]
[ 3.22954, "o", "的" ]
[ 3.38598, "o", "全" ]
[ 3.54234, "o", "局" ]
[ 3.69801, "o", "环" ]
[ 3.85438, "o", "境" ]
[ 4.01083, "o", "变" ]
[ 4.16702, "o", "量" ]
[ 4.22032, "o", "\u001b[?2004l\r\r\n\u001b[1m\u001b[7m#\u001b[27m\u001b[1m\u001b[0m                                                                                                   \r \r" ]
[ 4.22056, "o", "\r\u001b[0m\u001b[27m\u001b[24m\u001b[J\r\n\u001b[19491001\u001b[1;35m> \u001b[20210325\u001b[0m\u001b[K\u001b[?2004h" ]
[ 5.72471, "o", "x" ]
[ 5.77658, "o", "\bx " ]
[ 5.82907, "o", "e" ]
[ 5.88124, "o", "n" ]
[ 5.93371, "o", "v" ]
[ 5.98621, "o", " " ]
[ 6.03805, "o", "u" ]
[ 6.09044, "o", "s" ]
[ 6.14275, "o", "e" ]
[ 6.19489, "o", " " ]
[ 6.24673, "o", "m" ]
[ 6.29900, "o", "a" ]
[ 6.35080, "o", "w" ]
[ 6.40267, "o", "k" ]
[ 6.65680, "o", "\u001b[?2004l\r\r\n" ]
[ 6.76825, "o", "- \u001b[32mI\u001b[0m\u001b[32m|pkg: \u001b[0mSuccessfully set link from path \u001b[0m\r\n" ]
[ 6.79414, "o", "- \u001b[32mI\u001b[0m\u001b[32m|env: \u001b[0mSuccessfully set mawk=v0.0.1 in the current environment.\u001b[0m\r\n" ]
[ 6.85684, "o", "- \u001b[32mI\u001b[0m\u001b[32m|env: \u001b[0mConfig file updated to /root/.x-cmd.root/local/data/env/version\u001b[0m\r\n" ]
[ 6.85697, "o", "\u001b[1m\u001b[7m#\u001b[27m\u001b[1m\u001b[0m                                                                                                   \r \r\r\u001b[0m\u001b[27m\u001b[24m\u001b[J\r\n\u001b[19491001\u001b[1;35m> \u001b[20210325\u001b[0m\u001b[K\u001b[?2004h" ]
[ 7.65890, "o", "#\b# " ]
[ 7.76385, "o", "读" ]
[ 7.92031, "o", "取" ]
[ 8.07708, "o", "文" ]
[ 8.23352, "o", "件" ]
[ 8.39043, "o", "的" ]
[ 8.54689, "o", "数" ]
[ 8.70373, "o", "据" ]
[ 8.86021, "o", "，" ]
[ 9.01652, "o", "并" ]
[ 9.17333, "o", "输" ]
[ 9.33030, "o", "出" ]
[ 9.38262, "o", " " ]
[ 9.43446, "o", "s" ]
[ 9.48699, "o", "t" ]
[ 9.53902, "o", "d" ]
[ 9.59107, "o", "o" ]
[ 9.64336, "o", "u" ]
[ 9.69611, "o", "t" ]
[ 9.74843, "o", "\u001b[?2004l\r\r\n\u001b[1m\u001b[7m#\u001b[27m\u001b[1m\u001b[0m                                                                                                   \r \r\r\u001b[0m\u001b[27m\u001b[24m\u001b[J\r\n\u001b[19491001\u001b[1;35m> \u001b[20210325\u001b[0m\u001b[K\u001b[?2004h" ]
[ 11.25291, "o", "<" ]
[ 11.30529, "o", "\b< " ]
[ 11.35764, "o", "d" ]
[ 11.41028, "o", "a" ]
[ 11.46243, "o", "t" ]
[ 11.51446, "o", "a" ]
[ 11.56637, "o", "." ]
[ 11.61880, "o", "t" ]
[ 11.67085, "o", "x" ]
[ 11.72348, "o", "t" ]
[ 11.77556, "o", " " ]
[ 11.82783, "o", "m" ]
[ 11.88006, "o", "a" ]
[ 11.93274, "o", "w" ]
[ 11.98472, "o", "k" ]
[ 12.03665, "o", " " ]
[ 12.08924, "o", "'" ]
[ 12.14104, "o", "{" ]
[ 12.19389, "o", " " ]
[ 12.24650, "o", "p" ]
[ 12.29885, "o", "r" ]
[ 12.35084, "o", "i" ]
[ 12.40285, "o", "n" ]
[ 12.45498, "o", "t" ]
[ 12.50690, "o", " " ]
[ 12.55929, "o", "$" ]
[ 12.61122, "o", "0" ]
[ 12.66325, "o", " " ]
[ 12.71537, "o", "}" ]
[ 12.76761, "o", "'" ]
[ 13.02175, "o", "\u001b[?2004l\r\r\n" ]
[ 13.02286, "o", "ID  name    gender  age  email          phone\r\n1   Bob     male    28   abc@qq.com     18023394012\r\n2   Alice   female  24   def@gmail.com  18084925203\r\n3   Tony    male    21   aaa@163.com    17048792503\r\n4   Kevin   male    21   bbb@189.com    17023929033\r\n5   Alex    male    18   ccc@xyz.com    18185904230\r\n6   Andy    female  22   ddd@139.com    18923902352\r\n7   Jerry   female  25   exdsa@189.com  18785234906\r\n8   Peter   male    20   bax@qq.com     17729348758\r\n9   Steven  female  23   bc@sohu.com    15947893212\r\n10  Bruce   female  27   bcbd@139.com   13942943905\r\n" ]
[ 13.02301, "o", "\u001b[1m\u001b[7m#\u001b[27m\u001b[1m\u001b[0m                                                                                                   \r \r" ]
[ 13.02313, "o", "\r\u001b[0m\u001b[27m\u001b[24m\u001b[J\r\n\u001b[19491001\u001b[1;35m> \u001b[20210325\u001b[0m\u001b[K\u001b[?2004h" ]
[ 15.02380, "o", "#" ]
[ 15.02400, "o", "\b# " ]
[ 15.12868, "o", "使" ]
[ 15.28524, "o", "用" ]
[ 15.44178, "o", "分" ]
[ 15.59820, "o", "隔" ]
[ 15.75431, "o", "符" ]
[ 15.90974, "o", "号" ]
[ 16.06602, "o", "处" ]
[ 16.22274, "o", "理" ]
[ 16.37947, "o", "数" ]
[ 16.53522, "o", "据" ]
[ 16.58725, "o", "\u001b[?2004l\r\r\n\u001b[1m\u001b[7m#\u001b[27m\u001b[1m\u001b[0m                                                                                                   \r \r\r\u001b[0m\u001b[27m\u001b[24m\u001b[J\r\n\u001b[19491001\u001b[1;35m> \u001b[20210325\u001b[0m\u001b[K\u001b[?2004h" ]
[ 18.09186, "o", "e" ]
[ 18.14485, "o", "\bec" ]
[ 18.19735, "o", "h" ]
[ 18.24949, "o", "o" ]
[ 18.30126, "o", " " ]
[ 18.35337, "o", "'" ]
[ 18.40510, "o", "h" ]
[ 18.45740, "o", "e" ]
[ 18.50965, "o", "l" ]
[ 18.56182, "o", "l" ]
[ 18.61444, "o", "o" ]
[ 18.66642, "o", ":" ]
[ 18.71855, "o", "t" ]
[ 18.77027, "o", "h" ]
[ 18.82283, "o", "e" ]
[ 18.87490, "o", ":" ]
[ 18.92786, "o", "w" ]
[ 18.98048, "o", "o" ]
[ 19.03245, "o", "r" ]
[ 19.08412, "o", "d" ]
[ 19.13687, "o", "'" ]
[ 19.18907, "o", " " ]
[ 19.24092, "o", "|" ]
[ 19.29298, "o", " " ]
[ 19.34522, "o", "m" ]
[ 19.39737, "o", "a" ]
[ 19.44955, "o", "w" ]
[ 19.50133, "o", "k" ]
[ 19.55361, "o", " " ]
[ 19.60578, "o", "'" ]
[ 19.65800, "o", "B" ]
[ 19.70976, "o", "E" ]
[ 19.76262, "o", "G" ]
[ 19.81470, "o", "I" ]
[ 19.86774, "o", "N" ]
[ 19.92030, "o", "{" ]
[ 19.97286, "o", "F" ]
[ 20.02474, "o", "S" ]
[ 20.07675, "o", "=" ]
[ 20.12878, "o", "\"" ]
[ 20.18088, "o", "\\" ]
[ 20.23319, "o", "n" ]
[ 20.28554, "o", "\"" ]
[ 20.33798, "o", ";" ]
[ 20.39020, "o", " " ]
[ 20.44262, "o", "R" ]
[ 20.49483, "o", "S" ]
[ 20.54698, "o", "=" ]
[ 20.59910, "o", "\"" ]
[ 20.65101, "o", ":" ]
[ 20.70312, "o", "\"" ]
[ 20.75493, "o", "}" ]
[ 20.80708, "o", " " ]
[ 20.85907, "o", "{" ]
[ 20.91121, "o", "p" ]
[ 20.96380, "o", "r" ]
[ 21.01564, "o", "i" ]
[ 21.06814, "o", "n" ]
[ 21.11999, "o", "t" ]
[ 21.17274, "o", " " ]
[ 21.22493, "o", "$" ]
[ 21.27747, "o", "1" ]
[ 21.33006, "o", "," ]
[ 21.38258, "o", "$" ]
[ 21.43484, "o", "2" ]
[ 21.48712, "o", "," ]
[ 21.53961, "o", "$" ]
[ 21.59180, "o", "3" ]
[ 21.64405, "o", "}" ]
[ 21.69677, "o", "'" ]
[ 21.95020, "o", "\u001b[?2004l\r\r\n" ]
[ 21.95195, "o", "hello  \r\nthe  \r\nword  \r\n" ]
[ 21.95214, "o", "\u001b[1m\u001b[7m#\u001b[27m\u001b[1m\u001b[0m                                                                                                   \r \r" ]
[ 21.95228, "o", "\r\u001b[0m\u001b[27m\u001b[24m\u001b[J\r\n\u001b[19491001\u001b[1;35m> \u001b[20210325\u001b[0m\u001b[K\u001b[?2004h" ]
[ 23.95247, "o", "#" ]
[ 23.95254, "o", "\b# " ]
[ 24.05749, "o", "将" ]
[ 24.21391, "o", "变" ]
[ 24.37029, "o", "量" ]
[ 24.52726, "o", "值" ]
[ 24.68409, "o", "传" ]
[ 24.84048, "o", "递" ]
[ 24.99665, "o", "到" ]
[ 25.04850, "o", " " ]
[ 25.10048, "o", "m" ]
[ 25.15254, "o", "a" ]
[ 25.20447, "o", "w" ]
[ 25.25623, "o", "k" ]
[ 25.30812, "o", " " ]
[ 25.46485, "o", "中" ]
[ 25.62067, "o", "输" ]
[ 25.77706, "o", "出" ]
[ 25.82910, "o", "\u001b[?2004l\r\r\n\u001b[1m\u001b[7m#\u001b[27m\u001b[1m\u001b[0m                                                                                                   \r \r" ]
