{"version":2,"width":100,"height":26,"timestamp":1689583600,"env":{"SHELL":"","TERM":"xterm"}}
[ 0.00000, "o", "" ]
[ 0.15026, "o", "\u001b[19491001\u001b[1;35m> \u001b[20210325\u001b[0m" ]
[ 0.15044, "o", "\u001b[K\u001b[?2004h" ]
[ 0.40838, "o", "#" ]
[ 0.40851, "o", "\b# " ]
[ 0.51251, "o", "使" ]
[ 0.66812, "o", "用" ]
[ 0.71988, "o", " " ]
[ 0.77242, "o", "`" ]
[ 0.82523, "o", "x" ]
[ 0.87725, "o", " " ]
[ 0.92889, "o", "m" ]
[ 0.98085, "o", "o" ]
[ 1.03304, "o", "s" ]
[ 1.08484, "o", "q" ]
[ 1.13674, "o", "u" ]
[ 1.18871, "o", "i" ]
[ 1.24092, "o", "t" ]
[ 1.29281, "o", "t" ]
[ 1.34480, "o", "o" ]
[ 1.39688, "o", "`" ]
[ 1.44871, "o", " " ]
[ 1.60485, "o", "命" ]
[ 1.76067, "o", "令" ]
[ 1.91633, "o", "格" ]
[ 2.07171, "o", "式" ]
[ 2.22698, "o", "能" ]
[ 2.38298, "o", "快" ]
[ 2.53863, "o", "捷" ]
[ 2.69422, "o", "地" ]
[ 2.84965, "o", "使" ]
[ 3.00555, "o", "用" ]
[ 3.05834, "o", " " ]
[ 3.10999, "o", "`" ]
[ 3.16274, "o", "m" ]
[ 3.21446, "o", "o" ]
[ 3.26725, "o", "s" ]
[ 3.31962, "o", "q" ]
[ 3.37137, "o", "u" ]
[ 3.42352, "o", "i" ]
[ 3.47509, "o", "t" ]
[ 3.52701, "o", "t" ]
[ 3.57883, "o", "o" ]
[ 3.63098, "o", "`" ]
[ 3.68316, "o", " " ]
[ 3.83972, "o", "命" ]
[ 3.99628, "o", "令" ]
[ 4.04806, "o", "\u001b[?2004l\r\r\n" ]
[ 4.04818, "o", "\u001b[1m\u001b[7m#\u001b[27m\u001b[1m\u001b[0m                                                                                                   \r \r\r\u001b[0m\u001b[27m\u001b[24m\u001b[J\r\n\u001b[19491001\u001b[1;35m> \u001b[20210325\u001b[0m\u001b[K\u001b[?2004h" ]
[ 5.55270, "o", "x" ]
[ 5.60440, "o", "\bx " ]
[ 5.65696, "o", "m" ]
[ 5.70950, "o", "o" ]
[ 5.76167, "o", "s" ]
[ 5.81370, "o", "q" ]
[ 5.86628, "o", "u" ]
[ 5.91834, "o", "i" ]
[ 5.97078, "o", "t" ]
[ 6.02311, "o", "t" ]
[ 6.07527, "o", "o" ]
[ 6.12745, "o", " " ]
[ 6.17900, "o", "-" ]
[ 6.23141, "o", "h" ]
[ 6.28328, "o", " " ]
[ 6.33582, "o", "|" ]
[ 6.38796, "o", " " ]
[ 6.44048, "o", "h" ]
[ 6.49256, "o", "e" ]
[ 6.54512, "o", "a" ]
[ 6.59746, "o", "d" ]
[ 6.64939, "o", " " ]
[ 6.70172, "o", "-" ]
[ 6.75348, "o", "n" ]
[ 6.80595, "o", " " ]
[ 6.85786, "o", "4" ]
[ 7.11127, "o", "\u001b[?2004l\r\r\n" ]
[ 7.19375, "o", "mosquitto version 2.1.0\r\n\r\nmosquitto is an MQTT v5.0/v3.1.1/v3.1 broker.\r\n\r\n" ]
[ 7.19403, "o", "\u001b[1m\u001b[7m#\u001b[27m\u001b[1m\u001b[0m                                                                                                   \r \r\r\u001b[0m\u001b[27m\u001b[24m\u001b[J\r\n\u001b[19491001\u001b[1;35m> \u001b[20210325\u001b[0m\u001b[K" ]
[ 7.19412, "o", "\u001b[?2004h" ]
[ 8.11410, "o", "#\b# " ]
[ 8.21886, "o", "使" ]
[ 8.37569, "o", "用" ]
[ 8.42759, "o", " " ]
[ 8.47995, "o", "`" ]
[ 8.53186, "o", "x" ]
[ 8.58409, "o", " " ]
[ 8.63600, "o", "e" ]
[ 8.68869, "o", "n" ]
[ 8.74115, "o", "v" ]
[ 8.79295, "o", " " ]
[ 8.84507, "o", "u" ]
[ 8.89698, "o", "s" ]
[ 8.94929, "o", "e" ]
[ 9.00104, "o", "`" ]
[ 9.05340, "o", " " ]
[ 9.21082, "o", "能" ]
[ 9.36701, "o", "自" ]
[ 9.52377, "o", "动" ]
[ 9.67994, "o", "安" ]
[ 9.83586, "o", "装" ]
[ 9.99147, "o", "并" ]
[ 10.14784, "o", "配" ]
[ 10.30318, "o", "置" ]
[ 10.45941, "o", "好" ]
[ 10.61523, "o", "相" ]
[ 10.77052, "o", "应" ]
[ 10.92716, "o", "的" ]
[ 11.08340, "o", "全" ]
[ 11.23906, "o", "局" ]
[ 11.39616, "o", "环" ]
[ 11.55247, "o", "境" ]
[ 11.70823, "o", "变" ]
[ 11.86431, "o", "量" ]
[ 11.91630, "o", "\u001b[?2004l\r\r\n\u001b[1m\u001b[7m#\u001b[27m\u001b[1m\u001b[0m                                                                                                   \r \r\r\u001b[0m\u001b[27m\u001b[24m\u001b[J\r\n\u001b[19491001\u001b[1;35m> \u001b[20210325\u001b[0m\u001b[K\u001b[?2004h" ]
[ 13.42056, "o", "x" ]
[ 13.47313, "o", "\bx " ]
[ 13.52528, "o", "e" ]
[ 13.57735, "o", "n" ]
[ 13.62903, "o", "v" ]
[ 13.68131, "o", " " ]
[ 13.73293, "o", "u" ]
[ 13.78559, "o", "s" ]
[ 13.83743, "o", "e" ]
[ 13.88989, "o", " " ]
[ 13.94193, "o", "m" ]
[ 13.99413, "o", "o" ]
[ 14.04646, "o", "s" ]
[ 14.09851, "o", "q" ]
[ 14.15065, "o", "u" ]
[ 14.20275, "o", "i" ]
[ 14.25476, "o", "t" ]
[ 14.30640, "o", "t" ]
[ 14.35911, "o", "o" ]
[ 14.61337, "o", "\u001b[?2004l\r\r\n" ]
[ 14.74288, "o", "- \u001b[32mI\u001b[0m\u001b[32m|pkg: \u001b[0mSuccessfully set link from path \u001b[0m\r\n" ]
[ 14.76791, "o", "- \u001b[32mI\u001b[0m\u001b[32m|env: \u001b[0mSuccessfully set mosquitto=v0.0.1 in the current environment.\u001b[0m\r\n" ]
[ 14.83332, "o", "- \u001b[32mI\u001b[0m\u001b[32m|env: \u001b[0mConfig file updated to /root/.x-cmd.root/local/data/env/version\u001b[0m\r\n" ]
[ 14.83393, "o", "\u001b[1m\u001b[7m#\u001b[27m\u001b[1m\u001b[0m                                                                                                   \r \r\r\u001b[0m\u001b[27m\u001b[24m\u001b[J\r\n\u001b[19491001\u001b[1;35m> \u001b[20210325\u001b[0m\u001b[K\u001b[?2004h" ]
[ 16.61614, "o", "#\b# " ]
[ 16.72039, "o", "启" ]
[ 16.87627, "o", "动" ]
[ 16.92814, "o", " " ]
[ 16.98017, "o", "m" ]
[ 17.03213, "o", "o" ]
[ 17.08428, "o", "s" ]
[ 17.13612, "o", "q" ]
[ 17.18849, "o", "u" ]
[ 17.24091, "o", "i" ]
[ 17.29280, "o", "t" ]
[ 17.34516, "o", "t" ]
[ 17.39689, "o", "o" ]
[ 17.44953, "o", " " ]
[ 17.60537, "o", "服" ]
[ 17.76141, "o", "务" ]
[ 17.91723, "o", "器" ]
[ 17.96903, "o", "\u001b[?2004l\r\r\n" ]
[ 17.96915, "o", "\u001b[1m\u001b[7m#\u001b[27m\u001b[1m\u001b[0m                                                                                                   \r \r\r\u001b[0m\u001b[27m\u001b[24m\u001b[J\r\n\u001b[19491001\u001b[1;35m> \u001b[20210325\u001b[0m\u001b[K\u001b[?2004h" ]
[ 20.47275, "o", "x" ]
[ 20.52507, "o", "\bx " ]
[ 20.57687, "o", "m" ]
[ 20.62883, "o", "o" ]
[ 20.68074, "o", "s" ]
[ 20.73328, "o", "q" ]
[ 20.78561, "o", "u" ]
[ 20.83744, "o", "i" ]
[ 20.89000, "o", "t" ]
[ 20.94256, "o", "t" ]
[ 20.99494, "o", "o" ]
[ 21.04700, "o", " " ]
[ 21.09914, "o", "-" ]
[ 21.15095, "o", "d" ]
[ 21.40532, "o", "\u001b[?2004l\r\r\n" ]
[ 21.47882, "o", "\u001b[1m\u001b[7m#\u001b[27m\u001b[1m\u001b[0m                                                                                                   \r \r\r\u001b[0m\u001b[27m\u001b[24m\u001b[J\r\n\u001b[19491001\u001b[1;35m> \u001b[20210325\u001b[0m" ]
[ 21.47898, "o", "\u001b[K\u001b[?2004h" ]
[ 23.40753, "o", "#\b# " ]
[ 23.51350, "o", "启" ]
[ 23.67393, "o", "动" ]
[ 23.83284, "o", "一" ]
[ 23.98940, "o", "个" ]
[ 24.04179, "o", " " ]
[ 24.09424, "o", "t" ]
[ 24.14624, "o", "m" ]
[ 24.19801, "o", "u" ]
[ 24.25095, "o", "x" ]
[ 24.30288, "o", " " ]
[ 24.45985, "o", "窗" ]
[ 24.61965, "o", "口" ]
[ 24.67237, "o", "\u001b[?2004l\r\r\n" ]
[ 24.67255, "o", "\u001b[1m\u001b[7m#\u001b[27m\u001b[1m\u001b[0m                                                                                                   \r \r\r\u001b[0m\u001b[27m\u001b[24m\u001b[J\r\n\u001b[19491001\u001b[1;35m> \u001b[20210325\u001b[0m\u001b[K\u001b[?2004h" ]
[ 26.17706, "o", "x" ]
[ 26.22903, "o", "\bx " ]
[ 26.28121, "o", "t" ]
[ 26.33303, "o", "m" ]
[ 26.38590, "o", "u" ]
[ 26.43904, "o", "x" ]
[ 27.49472, "o", "\u001b[?2004l\r" ]
[ 27.49648, "o", "\r\n" ]
[ 27.64047, "o", "\u001b[?1049h\u001b[22;0;0t\u001b[?1h\u001b=\u001b[H\u001b[2J\u001b[?12l\u001b[?25h\u001b[?1000l\u001b[?1002l\u001b[?1003l\u001b[?1006l\u001b[?1005l\u001b(B\u001b[m\u001b[?12l\u001b[?25h\u001b[?1006l\u001b[?1000l\u001b[?1002l\u001b[?1003l\u001b[?2004l\u001b[1;1H\u001b[1;26r\u001b[>c\u001b[>q\u001b[1;1H" ]
