{"version":2,"width":100,"height":26,"timestamp":1689847860,"env":{"SHELL":"","TERM":"xterm"}}
[ 0.00000, "o", "" ]
[ 0.16737, "o", "\u001b[19491001\u001b[1;35m> \u001b[20210325\u001b[0m\u001b[K" ]
[ 0.16744, "o", "\u001b[?2004h" ]
[ 0.40503, "o", "#\b# " ]
[ 0.50987, "o", "使" ]
[ 0.66504, "o", "用" ]
[ 0.71715, "o", " " ]
[ 0.76949, "o", "`" ]
[ 0.82231, "o", "x" ]
[ 0.87484, "o", " " ]
[ 0.92740, "o", "n" ]
[ 0.97938, "o", "o" ]
[ 1.03194, "o", "d" ]
[ 1.08387, "o", "e" ]
[ 1.13575, "o", "`" ]
[ 1.18773, "o", " " ]
[ 1.34451, "o", "命" ]
[ 1.50077, "o", "令" ]
[ 1.65744, "o", "格" ]
[ 1.81458, "o", "式" ]
[ 1.97090, "o", "能" ]
[ 2.12692, "o", "快" ]
[ 2.28269, "o", "捷" ]
[ 2.43911, "o", "地" ]
[ 2.59554, "o", "使" ]
[ 2.75167, "o", "用" ]
[ 2.80351, "o", " " ]
[ 2.85527, "o", "`" ]
[ 2.90784, "o", "n" ]
[ 2.95971, "o", "o" ]
[ 3.01183, "o", "d" ]
[ 3.06400, "o", "e" ]
[ 3.11612, "o", "`" ]
[ 3.16797, "o", " " ]
[ 3.32479, "o", "命" ]
[ 3.48100, "o", "令" ]
[ 3.53387, "o", "\u001b[?2004l\r\r\n\u001b[1m\u001b[7m#\u001b[27m\u001b[1m\u001b[0m                                                                                                   \r \r" ]
[ 3.53406, "o", "\r\u001b[0m\u001b[27m\u001b[24m\u001b[J\r\n\u001b[19491001\u001b[1;35m> \u001b[20210325\u001b[0m\u001b[K\u001b[?2004h" ]
[ 5.03826, "o", "x" ]
[ 5.09032, "o", "\bx " ]
[ 5.14211, "o", "n" ]
[ 5.19407, "o", "o" ]
[ 5.24606, "o", "d" ]
[ 5.29822, "o", "e" ]
[ 5.35053, "o", " " ]
[ 5.40249, "o", "-" ]
[ 5.45450, "o", "-" ]
[ 5.50707, "o", "v" ]
[ 5.55964, "o", "e" ]
[ 5.61171, "o", "r" ]
[ 5.66381, "o", "s" ]
[ 5.71555, "o", "i" ]
[ 5.76755, "o", "o" ]
[ 5.81953, "o", "n" ]
[ 6.07328, "o", "\u001b[?2004l\r\r\n" ]
[ 6.08002, "o", "v18.4.0\r\n" ]
[ 6.08147, "o", "\u001b[1m\u001b[7m#\u001b[27m\u001b[1m\u001b[0m                                                                                                   \r \r\r\u001b[0m\u001b[27m\u001b[24m\u001b[J\r\n\u001b[19491001\u001b[1;35m> \u001b[20210325\u001b[0m\u001b[K\u001b[?2004h" ]
[ 8.07479, "o", "#" ]
[ 8.07485, "o", "\b# " ]
[ 8.17873, "o", "使" ]
[ 8.33408, "o", "用" ]
[ 8.38619, "o", " " ]
[ 8.43811, "o", "`" ]
[ 8.49042, "o", "x" ]
[ 8.54250, "o", " " ]
[ 8.59421, "o", "e" ]
[ 8.64595, "o", "n" ]
[ 8.69784, "o", "v" ]
[ 8.75005, "o", " " ]
[ 8.80212, "o", "u" ]
[ 8.85433, "o", "s" ]
[ 8.90609, "o", "e" ]
[ 8.95855, "o", "`" ]
[ 9.01049, "o", " " ]
[ 9.16756, "o", "能" ]
[ 9.32274, "o", "自" ]
[ 9.47784, "o", "动" ]
[ 9.63385, "o", "安" ]
[ 9.78934, "o", "装" ]
[ 9.94478, "o", "并" ]
[ 10.10208, "o", "配" ]
[ 10.25778, "o", "置" ]
[ 10.41321, "o", "好" ]
[ 10.57049, "o", "相" ]
[ 10.72686, "o", "应" ]
[ 10.88326, "o", "的" ]
[ 11.04002, "o", "全" ]
[ 11.19652, "o", "局" ]
[ 11.35251, "o", "环" ]
[ 11.50821, "o", "境" ]
[ 11.66527, "o", "变" ]
[ 11.82288, "o", "量" ]
[ 11.87505, "o", "\u001b[?2004l\r\r\n\u001b[1m\u001b[7m#\u001b[27m\u001b[1m\u001b[0m                                                                                                   \r \r" ]
[ 11.87523, "o", "\r\u001b[0m\u001b[27m\u001b[24m\u001b[J\r\n\u001b[19491001\u001b[1;35m> \u001b[20210325\u001b[0m\u001b[K\u001b[?2004h" ]
[ 13.37970, "o", "x" ]
[ 13.43177, "o", "\bx " ]
[ 13.48352, "o", "e" ]
[ 13.53611, "o", "n" ]
[ 13.58864, "o", "v" ]
[ 13.64077, "o", " " ]
[ 13.69304, "o", "u" ]
[ 13.74480, "o", "s" ]
[ 13.79705, "o", "e" ]
[ 13.84881, "o", " " ]
[ 13.90145, "o", "n" ]
[ 13.95401, "o", "o" ]
[ 14.00617, "o", "d" ]
[ 14.05835, "o", "e" ]
[ 14.31230, "o", "\u001b[?2004l\r\r\n" ]
[ 15.15780, "o", "- \u001b[32mI\u001b[0m\u001b[32m|pkg: \u001b[0mSuccessfully set link from path \u001b[0m\r\n" ]
[ 15.18628, "o", "- \u001b[1;33m\u001b[7mW\u001b[0m\u001b[1;33m|pkg: Other sessions need to boot  'x env boot node v18.4.0' \u001b[0m\r\n" ]
[ 15.18674, "o", "- \u001b[32mI\u001b[0m\u001b[32m|env: \u001b[0mSuccessfully set node=v18.4.0 in the current environment.\u001b[0m\r\n" ]
[ 15.25456, "o", "- \u001b[32mI\u001b[0m\u001b[32m|env: \u001b[0mConfig file updated to /root/.x-cmd.root/local/data/env/version\u001b[0m\r\n" ]
[ 15.25485, "o", "\u001b[1m\u001b[7m#\u001b[27m\u001b[1m\u001b[0m                                                                                                   \r \r\r\u001b[0m\u001b[27m\u001b[24m\u001b[J\r\n\u001b[19491001\u001b[1;35m> \u001b[20210325\u001b[0m\u001b[K\u001b[?2004h" ]
[ 16.31467, "o", "#\b# " ]
[ 16.41959, "o", "运" ]
[ 16.57541, "o", "行" ]
[ 16.62774, "o", " " ]
[ 16.67957, "o", "n" ]
[ 16.73187, "o", "o" ]
[ 16.78412, "o", "d" ]
[ 16.83629, "o", "e" ]
[ 16.88889, "o", " " ]
[ 17.04460, "o", "脚" ]
[ 17.20093, "o", "本" ]
[ 17.25278, "o", "\u001b[?2004l\r\r\n" ]
[ 17.25293, "o", "\u001b[1m\u001b[7m#\u001b[27m\u001b[1m\u001b[0m                                                                                                   \r \r\r\u001b[0m\u001b[27m\u001b[24m\u001b[J\r\n\u001b[19491001\u001b[1;35m> \u001b[20210325\u001b[0m\u001b[K\u001b[?2004h" ]
[ 18.75729, "o", "x" ]
[ 18.80943, "o", "\bx " ]
[ 18.86151, "o", "c" ]
[ 18.91324, "o", "a" ]
[ 18.96576, "o", "t" ]
[ 19.01809, "o", " " ]
[ 19.07033, "o", "h" ]
[ 19.12259, "o", "e" ]
[ 19.17459, "o", "l" ]
[ 19.22733, "o", "l" ]
[ 19.27941, "o", "o" ]
[ 19.33133, "o", "-" ]
[ 19.38360, "o", "w" ]
[ 19.43566, "o", "o" ]
[ 19.48812, "o", "r" ]
[ 19.53991, "o", "l" ]
[ 19.59226, "o", "d" ]
[ 19.64430, "o", "." ]
[ 19.69637, "o", "j" ]
[ 19.74948, "o", "s" ]
[ 20.00409, "o", "\u001b[?2004l\r\r\n" ]
[ 20.14528, "o", "\r\u001b[38;5;238m───────┬────────────────────────────────────────────────────────────────────────────────────────────\u001b[0m\u001b[m\r\n       \u001b[38;5;238m│ \u001b[0mFile: \u001b[1mhello-world.js\u001b[0m\u001b[m\r\n\u001b[38;5;238m───────┼────────────────────────────────────────────────────────────────────────────────────────────\u001b[0m\u001b[m\r\n\u001b[38;5;238m   1\u001b[0m   \u001b[38;5;238m│\u001b[0m \u001b[38;5;149mconsole\u001b[0m\u001b[38;5;231m.\u001b[0m\u001b[38;5;81mlog\u001b[0m\u001b[38;5;231m(\u001b[0m\u001b[38;5;186m\"\u001b[0m\u001b[38;5;186mhello world\u001b[0m\u001b[38;5;186m\"\u001b[0m\u001b[38;5;231m)\u001b[0m\u001b[38;5;231m;\u001b[0m\u001b[m\r\n\u001b[38;5;238m───────┴───────────────────────────" ]
[ 20.14542, "o", "─────────────────────────────────────────────────────────────────\u001b[0m\u001b[m\r\n\r\u001b[K" ]
[ 20.15148, "o", "\u001b[1m\u001b[7m#\u001b[27m\u001b[1m\u001b[0m                                                                                                   \r \r\r\u001b[0m\u001b[27m\u001b[24m\u001b[J\r\n\u001b[19491001\u001b[1;35m> \u001b[20210325\u001b[0m\u001b[K\u001b[?2004h" ]
[ 22.00621, "o", "x" ]
[ 22.05838, "o", "\bx " ]
[ 22.11016, "o", "n" ]
[ 22.16236, "o", "o" ]
[ 22.21420, "o", "d" ]
[ 22.26612, "o", "e" ]
[ 22.31900, "o", " " ]
[ 22.37079, "o", "h" ]
[ 22.42313, "o", "e" ]
[ 22.47509, "o", "l" ]
[ 22.52703, "o", "l" ]
[ 22.57924, "o", "o" ]
[ 22.63179, "o", "-" ]
[ 22.68416, "o", "w" ]
[ 22.73613, "o", "o" ]
[ 22.78798, "o", "r" ]
[ 22.83965, "o", "l" ]
[ 22.89139, "o", "d" ]
[ 22.94322, "o", "." ]
[ 22.99507, "o", "j" ]
[ 23.04689, "o", "s" ]
[ 23.30080, "o", "\u001b[?2004l\r\r\n" ]
[ 23.34545, "o", "hello world\r\n" ]
[ 23.35019, "o", "\u001b[1m\u001b[7m#\u001b[27m\u001b[1m\u001b[0m                                                                                                   \r \r\r\u001b[0m\u001b[27m\u001b[24m\u001b[J\r\n\u001b[19491001\u001b[1;35m> \u001b[20210325\u001b[0m\u001b[K\u001b[?2004h" ]
[ 25.30287, "o", "#\b# " ]
[ 25.40728, "o", "使" ]
[ 25.56440, "o", "用" ]
[ 25.61679, "o", " " ]
[ 25.66908, "o", "n" ]
[ 25.72170, "o", "o" ]
[ 25.77354, "o", "d" ]
[ 25.82632, "o", "e" ]
[ 25.87829, "o", " " ]
[ 26.03458, "o", "从" ]
[ 26.08729, "o", " " ]
[ 26.13909, "o", "s" ]
[ 26.19177, "o", "t" ]
[ 26.24365, "o", "d" ]
[ 26.29624, "o", "i" ]
[ 26.34840, "o", "n" ]
[ 26.40101, "o", " " ]
[ 26.55792, "o", "读" ]
[ 26.71380, "o", "取" ]
[ 26.87059, "o", "数" ]
[ 27.02618, "o", "据" ]
[ 27.18225, "o", "并" ]
[ 27.33918, "o", "进" ]
[ 27.49552, "o", "行" ]
