{"version":2,"width":100,"height":26,"timestamp":1689067472,"env":{"SHELL":"","TERM":"xterm"}}
[ 0.00000, "o", "" ]
[ 0.09037, "o", "\u001b[19491001\u001b[1;35m> \u001b[20210325\u001b[0m" ]
[ 0.49477, "o", "# " ]
[ 0.59887, "o", "使" ]
[ 0.75466, "o", "用" ]
[ 0.80678, "o", " " ]
[ 0.85866, "o", "`" ]
[ 0.91088, "o", "x" ]
[ 0.96310, "o", " " ]
[ 1.01535, "o", "o" ]
[ 1.06751, "o", "p" ]
[ 1.11926, "o", "e" ]
[ 1.17163, "o", "n" ]
[ 1.22378, "o", "s" ]
[ 1.27593, "o", "s" ]
[ 1.32834, "o", "l" ]
[ 1.38013, "o", "`" ]
[ 1.43221, "o", " " ]
[ 1.58784, "o", "命" ]
[ 1.74390, "o", "令" ]
[ 1.90014, "o", "格" ]
[ 2.05584, "o", "式" ]
[ 2.21314, "o", "能" ]
[ 2.36957, "o", "快" ]
[ 2.52529, "o", "捷" ]
[ 2.68111, "o", "地" ]
[ 2.83651, "o", "使" ]
[ 2.99209, "o", "用" ]
[ 3.04450, "o", " " ]
[ 3.09621, "o", "`" ]
[ 3.14828, "o", "o" ]
[ 3.20090, "o", "p" ]
[ 3.25339, "o", "e" ]
[ 3.30586, "o", "n" ]
[ 3.35758, "o", "s" ]
[ 3.40984, "o", "s" ]
[ 3.46173, "o", "l" ]
[ 3.51470, "o", "`" ]
[ 3.56645, "o", " " ]
[ 3.72205, "o", "命" ]
[ 3.87801, "o", "令" ]
[ 3.92972, "o", "\r\n\u001b[?2004l\r" ]
[ 3.92973, "o", "\u001b[?2004h\r\n\u001b[19491001\u001b[1;35m> \u001b[20210325\u001b[0m" ]
[ 4.93215, "o", "x" ]
[ 4.98460, "o", " " ]
[ 5.03702, "o", "o" ]
[ 5.08966, "o", "p" ]
[ 5.14121, "o", "e" ]
[ 5.19324, "o", "n" ]
[ 5.24504, "o", "s" ]
[ 5.29694, "o", "s" ]
[ 5.34877, "o", "l" ]
[ 5.40105, "o", " " ]
[ 5.45353, "o", "v" ]
[ 5.50576, "o", "e" ]
[ 5.55805, "o", "r" ]
[ 5.61056, "o", "s" ]
[ 5.66245, "o", "i" ]
[ 5.71425, "o", "o" ]
[ 5.76657, "o", "n" ]
[ 6.02098, "o", "\r\n\u001b[?2004l\r" ]
[ 6.11984, "o", "OpenSSL 3.0.0 7 sep 2021 (Library: OpenSSL 3.0.0 7 sep 2021)\r\n" ]
[ 6.12031, "o", "\u001b[?2004h\r\n\u001b[19491001\u001b[1;35m> \u001b[20210325\u001b[0m" ]
[ 7.02331, "o", "# " ]
[ 7.12687, "o", "使" ]
[ 7.28236, "o", "用" ]
[ 7.33480, "o", " " ]
[ 7.38721, "o", "`" ]
[ 7.43991, "o", "x" ]
[ 7.49165, "o", " " ]
[ 7.54380, "o", "e" ]
[ 7.59559, "o", "n" ]
[ 7.64784, "o", "v" ]
[ 7.69967, "o", " " ]
[ 7.75184, "o", "u" ]
[ 7.80392, "o", "s" ]
[ 7.85623, "o", "e" ]
[ 7.90853, "o", "`" ]
[ 7.96022, "o", " " ]
[ 8.11613, "o", "能" ]
[ 8.27235, "o", "自" ]
[ 8.42728, "o", "动" ]
[ 8.58319, "o", "安" ]
[ 8.73939, "o", "装" ]
[ 8.89521, "o", "并" ]
[ 9.05042, "o", "配" ]
[ 9.20691, "o", "置" ]
[ 9.36216, "o", "好" ]
[ 9.51913, "o", "相" ]
[ 9.67488, "o", "应" ]
[ 9.83017, "o", "的" ]
[ 9.98692, "o", "全" ]
[ 10.14278, "o", "局" ]
[ 10.29837, "o", "环" ]
[ 10.45408, "o", "境" ]
[ 10.60908, "o", "变" ]
[ 10.76495, "o", "量" ]
[ 10.81685, "o", "\r\n\u001b[?2004l\r" ]
[ 10.81686, "o", "\u001b[?2004h\r\n\u001b[19491001\u001b[1;35m> \u001b[20210325\u001b[0m" ]
[ 11.81861, "o", "x" ]
[ 11.87049, "o", " " ]
[ 11.92410, "o", "e" ]
[ 11.97650, "o", "n" ]
[ 12.02868, "o", "v" ]
[ 12.08039, "o", " " ]
[ 12.13224, "o", "u" ]
[ 12.18379, "o", "s" ]
[ 12.23550, "o", "e" ]
[ 12.28809, "o", " " ]
[ 12.34028, "o", "o" ]
[ 12.39293, "o", "p" ]
[ 12.44450, "o", "e" ]
[ 12.49659, "o", "n" ]
[ 12.54944, "o", "s" ]
[ 12.60196, "o", "s" ]
[ 12.65461, "o", "l" ]
[ 12.90902, "o", "\r\n\u001b[?2004l\r" ]
[ 13.07136, "o", "- \u001b[32mI\u001b[0m\u001b[32m|pkg: \u001b[0mSuccessfully set link from path \u001b[0m\r\n" ]
[ 13.09618, "o", "- \u001b[32mI\u001b[0m\u001b[32m|env: \u001b[0mSuccessfully set openssl=v0.0.1 in the current environment.\u001b[0m\r\n" ]
[ 13.16682, "o", "- \u001b[32mI\u001b[0m\u001b[32m|env: \u001b[0mConfig file updated to /root/.x-cmd.root/local/data/env/version\u001b[0m\r\n" ]
[ 13.16701, "o", "\u001b[?2004h\r\n\u001b[19491001\u001b[1;35m> \u001b[20210325\u001b[0m" ]
[ 13.91094, "o", "# b" ]
[ 13.96285, "o", "a" ]
[ 14.01496, "o", "s" ]
[ 14.06668, "o", "e" ]
[ 14.11823, "o", "6" ]
[ 14.17020, "o", "4" ]
[ 14.22214, "o", " " ]
[ 14.37814, "o", "解" ]
[ 14.53518, "o", "码" ]
[ 14.58722, "o", "\r\n\u001b[?2004l\r" ]
[ 14.58731, "o", "\u001b[?2004h\r\n\u001b[19491001\u001b[1;35m> \u001b[20210325\u001b[0m" ]
[ 15.58982, "o", "e" ]
[ 15.64151, "o", "c" ]
[ 15.69396, "o", "h" ]
[ 15.74570, "o", "o" ]
[ 15.79791, "o", " " ]
[ 15.84959, "o", "\"" ]
[ 15.90139, "o", "d" ]
[ 15.95370, "o", "3" ]
[ 16.00592, "o", "V" ]
[ 16.05817, "o", "o" ]
[ 16.10984, "o", "c" ]
[ 16.16176, "o", "w" ]
[ 16.21362, "o", "o" ]
[ 16.26590, "o", "=" ]
[ 16.31785, "o", "\"" ]
[ 16.37056, "o", " " ]
[ 16.42248, "o", "|" ]
[ 16.47420, "o", " " ]
[ 16.52657, "o", "o" ]
[ 16.57838, "o", "p" ]
[ 16.63013, "o", "e" ]
[ 16.68239, "o", "n" ]
[ 16.73422, "o", "s" ]
[ 16.78620, "o", "s" ]
[ 16.83814, "o", "l" ]
[ 16.89017, "o", " " ]
[ 16.94194, "o", "b" ]
[ 16.99411, "o", "a" ]
[ 17.04596, "o", "s" ]
[ 17.09755, "o", "e" ]
[ 17.14975, "o", "6" ]
[ 17.20193, "o", "4" ]
[ 17.25435, "o", " " ]
[ 17.30683, "o", "-" ]
[ 17.35922, "o", "d" ]
[ 17.61312, "o", "\r\n\u001b[?2004l\r" ]
[ 17.61505, "o", "wuhs\r\n" ]
[ 17.61536, "o", "\u001b[?2004h\r\n" ]
[ 17.61537, "o", "\u001b[19491001\u001b[1;35m> \u001b[20210325\u001b[0m" ]
[ 18.61580, "o", "# m" ]
[ 18.66825, "o", "d" ]
[ 18.72033, "o", "5" ]
[ 18.77227, "o", " " ]
[ 18.92713, "o", "摘" ]
[ 19.08388, "o", "要" ]
[ 19.24550, "o", "计" ]
[ 19.40107, "o", "算" ]
[ 19.45343, "o", "\r\n\u001b[?2004l\r" ]
[ 19.45345, "o", "\u001b[?2004h\r\n\u001b[19491001\u001b[1;35m> \u001b[20210325\u001b[0m" ]
[ 20.45548, "o", "e" ]
[ 20.50793, "o", "c" ]
[ 20.56021, "o", "h" ]
[ 20.61254, "o", "o" ]
[ 20.66494, "o", " " ]
[ 20.71678, "o", "w" ]
[ 20.76902, "o", "u" ]
[ 20.82078, "o", "h" ]
[ 20.87329, "o", "s" ]
[ 20.92572, "o", " " ]
[ 20.97786, "o", "|" ]
[ 21.03035, "o", " " ]
[ 21.08271, "o", "o" ]
[ 21.13460, "o", "p" ]
[ 21.18613, "o", "e" ]
[ 21.23780, "o", "n" ]
[ 21.28990, "o", "s" ]
[ 21.34244, "o", "s" ]
[ 21.39482, "o", "l" ]
[ 21.44680, "o", " " ]
[ 21.49879, "o", "m" ]
[ 21.55114, "o", "d" ]
[ 21.60297, "o", "5" ]
[ 21.85776, "o", "\r\n\u001b[?2004l\r" ]
[ 21.86003, "o", "MD5(stdin)= 4cdb1fbd6a34ff27dc8c10913fab3e7e\r\n" ]
[ 21.86058, "o", "\u001b[?2004h\r\n\u001b[19491001\u001b[1;35m> \u001b[20210325\u001b[0m" ]
[ 22.86037, "o", "# " ]
[ 22.96434, "o", "生" ]
[ 23.12124, "o", "成" ]
[ 23.27763, "o", "使" ]
[ 23.43286, "o", "用" ]
[ 23.48502, "o", " " ]
[ 23.53649, "o", "a" ]
[ 23.58891, "o", "e" ]
[ 23.64146, "o", "s" ]
[ 23.69360, "o", "2" ]
[ 23.74578, "o", "5" ]
[ 23.79809, "o", "6" ]
[ 23.85038, "o", " " ]
[ 24.00595, "o", "加" ]
[ 24.16264, "o", "密" ]
[ 24.31884, "o", "的" ]
[ 24.37095, "o", " " ]
[ 24.42337, "o", "R" ]
[ 24.47558, "o", "S" ]
[ 24.52836, "o", "A" ]
[ 24.58084, "o", " " ]
[ 24.73636, "o", "私" ]
[ 24.89296, "o", "钥" ]
[ 25.04893, "o", "，" ]
[ 25.20424, "o", "并" ]
[ 25.36017, "o", "使" ]
[ 25.51691, "o", "用" ]
[ 25.56941, "o", " " ]
[ 25.62153, "o", "p" ]
[ 25.67351, "o", "a" ]
[ 25.72575, "o", "s" ]
[ 25.77834, "o", "s" ]
[ 25.83010, "o", "o" ]
[ 25.88248, "o", "u" ]
[ 25.93487, "o", "t" ]
[ 25.98672, "o", " " ]
[ 26.14231, "o", "代" ]
[ 26.29849, "o", "替" ]
[ 26.35060, "o", " " ]
[ 26.40372, "o", "s" ]
[ 26.45542, "o", "h" ]
[ 26.50720, "o", "e" ]
[ 26.55877, "o", "l" ]
[ 26.61022, "o", "l" ]
[ 26.66240, "o", " " ]
[ 26.81860, "o", "进" ]
[ 26.97401, "o", "行" ]
[ 27.12898, "o", "密 \r" ]
[ 27.28471, "o", "码" ]
[ 27.43999, "o", "输" ]
[ 27.59530, "o", "入" ]
[ 27.64727, "o", "\r\n\u001b[?2004l\r" ]
[ 27.64729, "o", "\u001b[?2004h\r\n\u001b[19491001\u001b[1;35m> \u001b[20210325\u001b[0m" ]
[ 28.64984, "o", "o" ]
[ 28.70210, "o", "p" ]
[ 28.75379, "o", "e" ]
[ 28.80609, "o", "n" ]
[ 28.85803, "o", "s" ]
[ 28.91041, "o", "s" ]
[ 28.96268, "o", "l" ]
[ 29.01508, "o", " " ]
[ 29.06751, "o", "g" ]
[ 29.11982, "o", "e" ]
[ 29.17186, "o", "n" ]
[ 29.22369, "o", "r" ]
[ 29.27558, "o", "s" ]
[ 29.32774, "o", "a" ]
[ 29.38045, "o", " " ]
[ 29.43227, "o", "-" ]
[ 29.48490, "o", "a" ]
[ 29.53698, "o", "e" ]
[ 29.58932, "o", "s" ]
[ 29.64176, "o", "2" ]
[ 29.69346, "o", "5" ]
[ 29.74552, "o", "6" ]
[ 29.79778, "o", " " ]
[ 29.84977, "o", "-" ]
[ 29.90219, "o", "p" ]
[ 29.95466, "o", "a" ]
[ 30.00675, "o", "s" ]
[ 30.05856, "o", "s" ]
[ 30.11034, "o", "o" ]
[ 30.16201, "o", "u" ]
[ 30.21443, "o", "t" ]
