{"version":2,"width":100,"height":26,"timestamp":1690895382,"env":{"SHELL":"","TERM":"xterm"}}
[ 0.00000, "o", "" ]
[ 0.16107, "o", "\u001b[19491001\u001b[1;35m> \u001b[20210325\u001b[0m" ]
[ 0.16121, "o", "\u001b[K\u001b[?2004h" ]
[ 0.41373, "o", "#\b# " ]
[ 0.51750, "o", "使" ]
[ 0.67308, "o", "用" ]
[ 0.72553, "o", " " ]
[ 0.77704, "o", "`" ]
[ 0.82915, "o", "x" ]
[ 0.88114, "o", " " ]
[ 0.93311, "o", "o" ]
[ 0.98513, "o", "s" ]
[ 1.03827, "o", "q" ]
[ 1.09059, "o", "u" ]
[ 1.14254, "o", "e" ]
[ 1.19488, "o", "r" ]
[ 1.24672, "o", "y" ]
[ 1.29883, "o", "`" ]
[ 1.35042, "o", " " ]
[ 1.50687, "o", "命" ]
[ 1.66318, "o", "令" ]
[ 1.81889, "o", "格" ]
[ 1.97502, "o", "式" ]
[ 2.13131, "o", "能" ]
[ 2.28764, "o", "快" ]
[ 2.44346, "o", "捷" ]
[ 2.59867, "o", "地" ]
[ 2.75523, "o", "使" ]
[ 2.91156, "o", "用" ]
[ 2.96357, "o", " " ]
[ 3.01559, "o", "`" ]
[ 3.06742, "o", "o" ]
[ 3.11904, "o", "s" ]
[ 3.17124, "o", "q" ]
[ 3.22335, "o", "u" ]
[ 3.27606, "o", "e" ]
[ 3.32818, "o", "r" ]
[ 3.38006, "o", "y" ]
[ 3.43203, "o", "`" ]
[ 3.48377, "o", " " ]
[ 3.64128, "o", "命" ]
[ 3.79763, "o", "令" ]
[ 3.85014, "o", "\u001b[?2004l\r\r\n\u001b[1m\u001b[7m#\u001b[27m\u001b[1m\u001b[0m                                                                                                   \r \r" ]
[ 3.85036, "o", "\r\u001b[0m\u001b[27m\u001b[24m\u001b[J\r\n\u001b[19491001\u001b[1;35m> \u001b[20210325\u001b[0m\u001b[K\u001b[?2004h" ]
[ 5.35442, "o", "x" ]
[ 5.40916, "o", "\bx " ]
[ 5.46132, "o", "o" ]
[ 5.51316, "o", "s" ]
[ 5.56498, "o", "q" ]
[ 5.61693, "o", "u" ]
[ 5.66883, "o", "e" ]
[ 5.72086, "o", "r" ]
[ 5.77458, "o", "y" ]
[ 5.82660, "o", " " ]
[ 5.87902, "o", "-" ]
[ 5.93099, "o", "-" ]
[ 5.98331, "o", "v" ]
[ 6.03545, "o", "e" ]
[ 6.08766, "o", "r" ]
[ 6.14164, "o", "s" ]
[ 6.19394, "o", "i" ]
[ 6.24661, "o", "o" ]
[ 6.29883, "o", "n" ]
[ 6.55310, "o", "\u001b[?2004l\r\r\n" ]
[ 6.82250, "o", "osqueryd version 5.9.1\r\n" ]
[ 6.82537, "o", "\u001b[1m\u001b[7m#\u001b[27m\u001b[1m\u001b[0m                                                                                                   \r \r\r\u001b[0m\u001b[27m\u001b[24m\u001b[J\r\n\u001b[19491001\u001b[1;35m> \u001b[20210325\u001b[0m\u001b[K\u001b[?2004h" ]
[ 8.55604, "o", "#" ]
[ 8.55637, "o", "\b# " ]
[ 8.66249, "o", "使" ]
[ 8.81842, "o", "用" ]
[ 8.87037, "o", " " ]
[ 8.92279, "o", "`" ]
[ 8.97514, "o", "x" ]
[ 9.02746, "o", " " ]
[ 9.07932, "o", "e" ]
[ 9.13113, "o", "n" ]
[ 9.18374, "o", "v" ]
[ 9.23631, "o", " " ]
[ 9.28862, "o", "u" ]
[ 9.34125, "o", "s" ]
[ 9.39340, "o", "e" ]
[ 9.44585, "o", "`" ]
[ 9.49806, "o", " " ]
[ 9.65443, "o", "能" ]
[ 9.81106, "o", "自" ]
[ 9.96839, "o", "动" ]
[ 10.12560, "o", "安" ]
[ 10.28077, "o", "装" ]
[ 10.43807, "o", "并" ]
[ 10.59644, "o", "配" ]
[ 10.75178, "o", "置" ]
[ 10.90918, "o", "好" ]
[ 11.06507, "o", "相" ]
[ 11.22221, "o", "应" ]
[ 11.38062, "o", "的" ]
[ 11.53630, "o", "全" ]
[ 11.69346, "o", "局" ]
[ 11.84942, "o", "环" ]
[ 12.00647, "o", "境" ]
[ 12.16331, "o", "变" ]
[ 12.31854, "o", "量" ]
[ 12.37113, "o", "\u001b[?2004l\r\r\n\u001b[1m\u001b[7m#\u001b[27m\u001b[1m\u001b[0m                                                                                                   \r \r" ]
[ 12.37128, "o", "\r\u001b[0m\u001b[27m\u001b[24m\u001b[J\r\n\u001b[19491001\u001b[1;35m> \u001b[20210325\u001b[0m\u001b[K\u001b[?2004h" ]
[ 13.87727, "o", "x" ]
[ 13.92929, "o", "\bx " ]
[ 13.98112, "o", "e" ]
[ 14.03354, "o", "n" ]
[ 14.08656, "o", "v" ]
[ 14.13933, "o", " " ]
[ 14.19140, "o", "u" ]
[ 14.24368, "o", "s" ]
[ 14.29627, "o", "e" ]
[ 14.34796, "o", " " ]
[ 14.39983, "o", "o" ]
[ 14.45175, "o", "s" ]
[ 14.50588, "o", "q" ]
[ 14.55807, "o", "u" ]
[ 14.61140, "o", "e" ]
[ 14.66332, "o", "r" ]
[ 14.71544, "o", "y" ]
[ 14.96943, "o", "\u001b[?2004l\r\r\n" ]
[ 15.43291, "o", "- \u001b[32mI\u001b[0m\u001b[32m|pkg: \u001b[0mSuccessfully set link from path \u001b[0m\r\n" ]
[ 15.46165, "o", "- \u001b[32mI\u001b[0m\u001b[32m|env: \u001b[0mSuccessfully set osquery=5.9.1 in the current environment.\u001b[0m\r\n" ]
[ 15.53680, "o", "- \u001b[32mI\u001b[0m\u001b[32m|env: \u001b[0mConfig file updated to /root/.x-cmd.root/local/data/env/version\u001b[0m\r\n" ]
[ 15.53706, "o", "\u001b[1m\u001b[7m#\u001b[27m\u001b[1m\u001b[0m                                                                                                   \r \r\r\u001b[0m\u001b[27m\u001b[24m\u001b[J\r\n\u001b[19491001\u001b[1;35m> \u001b[20210325\u001b[0m\u001b[K\u001b[?2004h" ]
[ 16.97262, "o", "#\b# " ]
[ 17.07743, "o", "启" ]
[ 17.23350, "o", "动" ]
[ 17.28570, "o", " " ]
[ 17.33762, "o", "o" ]
[ 17.38959, "o", "s" ]
[ 17.44174, "o", "q" ]
[ 17.49420, "o", "u" ]
[ 17.54680, "o", "e" ]
[ 17.59909, "o", "r" ]
[ 17.65153, "o", "y" ]
[ 17.70431, "o", " " ]
[ 17.85935, "o", "的" ]
[ 18.01485, "o", "交" ]
[ 18.17136, "o", "互" ]
[ 18.32809, "o", "式" ]
[ 18.38035, "o", " " ]
[ 18.43227, "o", "U" ]
[ 18.48420, "o", "I" ]
[ 18.53646, "o", "\u001b[?2004l\r\r\n\u001b[1m\u001b[7m#\u001b[27m\u001b[1m\u001b[0m                                                                                                   \r \r" ]
[ 18.53660, "o", "\r\u001b[0m\u001b[27m\u001b[24m\u001b[J\r\n\u001b[19491001\u001b[1;35m> \u001b[20210325\u001b[0m\u001b[K\u001b[?2004h" ]
[ 20.04110, "o", "o" ]
[ 20.09283, "o", "\bos" ]
[ 20.14498, "o", "q" ]
[ 20.19689, "o", "u" ]
[ 20.24865, "o", "e" ]
[ 20.30056, "o", "r" ]
[ 20.35301, "o", "y" ]
[ 20.40535, "o", "i" ]
[ 20.65887, "o", "\u001b[?2004l\r\r\n" ]
[ 20.68235, "o", "Using a \u001b[1mvirtual database\u001b[0m. Need help, type '.help'\r\n" ]
[ 20.68251, "o", "osquery> " ]
[ 21.66175, "o", "." ]
[ 21.71398, "o", "t" ]
[ 21.76611, "o", "a" ]
[ 21.81935, "o", "b" ]
[ 21.87181, "o", "l" ]
[ 21.92422, "o", "e" ]
[ 21.97614, "o", "s" ]
[ 22.02793, "o", " " ]
[ 22.08044, "o", "u" ]
[ 22.13229, "o", "s" ]
[ 22.18611, "o", "e" ]
[ 22.23787, "o", "r" ]
[ 22.49218, "o", "\u001b[10G\u001b[J.tables user\u001b[22G\r\n" ]
[ 22.49241, "o", "  => user_events\r\n  => user_groups\r\n  => user_ssh_keys\r\n  => users\r\nosquery> " ]
[ 25.49619, "o", "." ]
[ 25.54816, "o", "s" ]
[ 25.60033, "o", "c" ]
[ 25.65341, "o", "h" ]
[ 25.70521, "o", "e" ]
[ 25.75729, "o", "m" ]
[ 25.80905, "o", "a" ]
[ 25.86111, "o", " " ]
[ 25.91399, "o", "u" ]
[ 25.96713, "o", "s" ]
[ 26.02087, "o", "e" ]
[ 26.07332, "o", "r" ]
[ 26.12557, "o", "s" ]
[ 26.37953, "o", "\u001b[10G\u001b[J.schema users\u001b[23G\r\n" ]
[ 26.37982, "o", "CREATE TABLE users(`uid` BIGINT, `gid` BIGINT, `uid_signed` BIGINT, `gid_signed` BIGINT, `username` TEXT, `description` TEXT, `directory` TEXT, `shell` TEXT, `uuid` TEXT, `type` TEXT HIDDEN, `is_hidden` INTEGER HIDDEN, `pid_with_namespace` INTEGER HIDDEN, PRIMARY KEY (`uid`, `username`, `uuid`, `pid_with_namespace`)) WITHOUT ROWID;\r\nosquery> " ]
[ 29.38491, "o", "." ]
[ 29.43720, "o", "m" ]
[ 29.49037, "o", "o" ]
[ 29.54308, "o", "d" ]
[ 29.59479, "o", "e" ]
[ 29.64673, "o", " " ]
[ 29.69855, "o", "l" ]
[ 29.75102, "o", "i" ]
[ 29.80282, "o", "n" ]
[ 29.85474, "o", "e" ]
[ 30.10912, "o", "\u001b[10G\u001b[J.mode line\u001b[20G\r\nosquery> " ]
[ 32.11144, "o", "S" ]
[ 32.16362, "o", "E" ]
[ 32.21579, "o", "L" ]
[ 32.26825, "o", "E" ]
[ 32.32025, "o", "C" ]
[ 32.37259, "o", "T" ]
[ 32.42472, "o", " " ]
[ 32.47674, "o", "p" ]
[ 32.52847, "o", "i" ]
[ 32.58073, "o", "d" ]
[ 32.63297, "o", "," ]
[ 32.68505, "o", " " ]
[ 32.73693, "o", "n" ]
[ 32.78871, "o", "a" ]
[ 32.84102, "o", "m" ]
[ 32.89293, "o", "e" ]
[ 32.94491, "o", "," ]
[ 32.99673, "o", " " ]
[ 33.04869, "o", "p" ]
[ 33.10064, "o", "a" ]
[ 33.15252, "o", "t" ]
[ 33.20443, "o", "h" ]
[ 33.25661, "o", " " ]
[ 33.30875, "o", "F" ]
[ 33.36055, "o", "R" ]
[ 33.41320, "o", "O" ]
[ 33.46495, "o", "M" ]
[ 33.51731, "o", " " ]
[ 33.56943, "o", "p" ]
[ 33.62166, "o", "r" ]
[ 33.67366, "o", "o" ]
[ 33.72545, "o", "c" ]
[ 33.77752, "o", "e" ]
[ 33.82941, "o", "s" ]
[ 33.88134, "o", "s" ]
[ 33.93383, "o", "e" ]
[ 33.98591, "o", "s" ]
[ 34.03787, "o", " " ]
[ 34.08949, "o", "L" ]
[ 34.14144, "o", "I" ]
