{"version":2,"width":100,"height":26,"timestamp":1689583171,"env":{"SHELL":"","TERM":"xterm"}}
[ 0.00000, "o", "" ]
[ 0.19908, "o", "\u001b[19491001\u001b[1;35m> \u001b[20210325\u001b[0m" ]
[ 0.49558, "o", "# " ]
[ 0.60023, "o", "使" ]
[ 0.75644, "o", "用" ]
[ 0.80834, "o", " " ]
[ 0.86052, "o", "`" ]
[ 0.91259, "o", "x" ]
[ 0.96464, "o", " " ]
[ 1.01652, "o", "p" ]
[ 1.06813, "o", "d" ]
[ 1.12086, "o", "f" ]
[ 1.17271, "o", "c" ]
[ 1.22465, "o", "p" ]
[ 1.27647, "o", "u" ]
[ 1.32887, "o", "`" ]
[ 1.38077, "o", " " ]
[ 1.53787, "o", "命" ]
[ 1.69425, "o", "令" ]
[ 1.85072, "o", "格" ]
[ 2.00619, "o", "式" ]
[ 2.16196, "o", "能" ]
[ 2.31797, "o", "快" ]
[ 2.47356, "o", "捷" ]
[ 2.62941, "o", "地" ]
[ 2.78611, "o", "使" ]
[ 2.94236, "o", "用" ]
[ 2.99494, "o", " " ]
[ 3.04675, "o", "`" ]
[ 3.09932, "o", "p" ]
[ 3.15157, "o", "d" ]
[ 3.20335, "o", "f" ]
[ 3.25548, "o", "c" ]
[ 3.30795, "o", "p" ]
[ 3.36026, "o", "u" ]
[ 3.41247, "o", "`" ]
[ 3.46455, "o", " " ]
[ 3.62040, "o", "命" ]
[ 3.77533, "o", "令" ]
[ 3.82773, "o", "\r\n\u001b[?2004l\r\u001b[?2004h\r\n\u001b[19491001\u001b[1;35m> \u001b[20210325\u001b[0m" ]
[ 5.33181, "o", "x" ]
[ 5.38391, "o", " " ]
[ 5.43592, "o", "p" ]
[ 5.48795, "o", "d" ]
[ 5.53995, "o", "f" ]
[ 5.59242, "o", "c" ]
[ 5.64462, "o", "p" ]
[ 5.69710, "o", "u" ]
[ 5.74904, "o", " " ]
[ 5.80157, "o", "v" ]
[ 5.85400, "o", "e" ]
[ 5.90611, "o", "r" ]
[ 5.95831, "o", "s" ]
[ 6.01032, "o", "i" ]
[ 6.06221, "o", "o" ]
[ 6.11391, "o", "n" ]
[ 6.36789, "o", "\r\n\u001b[?2004l\r" ]
[ 6.48427, "o", "pdfcpu: v0.4.1 dev\r\nbuild : 2023-05-06T21:02:34Z\r\ncommit: 0342a83\r\n" ]
[ 6.48485, "o", "\u001b[?2004h\r\n\u001b[19491001\u001b[1;35m> \u001b[20210325\u001b[0m" ]
[ 8.36982, "o", "# " ]
[ 8.47378, "o", "使" ]
[ 8.62970, "o", "用" ]
[ 8.68233, "o", " " ]
[ 8.73406, "o", "`" ]
[ 8.78647, "o", "x" ]
[ 8.83858, "o", " " ]
[ 8.89097, "o", "e" ]
[ 8.94311, "o", "n" ]
[ 8.99549, "o", "v" ]
[ 9.04791, "o", " " ]
[ 9.09987, "o", "u" ]
[ 9.15181, "o", "s" ]
[ 9.20389, "o", "e" ]
[ 9.25566, "o", "`" ]
[ 9.30734, "o", " " ]
[ 9.46431, "o", "能" ]
[ 9.62090, "o", "自" ]
[ 9.77625, "o", "动" ]
[ 9.93348, "o", "安" ]
[ 10.08970, "o", "装" ]
[ 10.24606, "o", "并" ]
[ 10.40338, "o", "配" ]
[ 10.55979, "o", "置" ]
[ 10.71535, "o", "好" ]
[ 10.87196, "o", "相" ]
[ 11.02785, "o", "应" ]
[ 11.18312, "o", "的" ]
[ 11.33931, "o", "全" ]
[ 11.49531, "o", "局" ]
[ 11.65135, "o", "环" ]
[ 11.80705, "o", "境" ]
[ 11.96329, "o", "变" ]
[ 12.11997, "o", "量" ]
[ 12.17202, "o", "\r\n\u001b[?2004l\r" ]
[ 12.17204, "o", "\u001b[?2004h\r\n" ]
[ 12.17208, "o", "\u001b[19491001\u001b[1;35m> \u001b[20210325\u001b[0m" ]
[ 13.67582, "o", "x" ]
[ 13.72873, "o", " " ]
[ 13.78068, "o", "e" ]
[ 13.83324, "o", "n" ]
[ 13.88585, "o", "v" ]
[ 13.93778, "o", " " ]
[ 13.99025, "o", "u" ]
[ 14.04206, "o", "s" ]
[ 14.09471, "o", "e" ]
[ 14.14650, "o", " " ]
[ 14.19911, "o", "p" ]
[ 14.25116, "o", "d" ]
[ 14.30312, "o", "f" ]
[ 14.35529, "o", "c" ]
[ 14.40770, "o", "p" ]
[ 14.46010, "o", "u" ]
[ 14.71413, "o", "\r\n\u001b[?2004l\r" ]
[ 14.90598, "o", "- \u001b[32mI\u001b[0m\u001b[32m|pkg: \u001b[0mSuccessfully set link from path \u001b[0m\r\n" ]
[ 14.93444, "o", "- \u001b[32mI\u001b[0m\u001b[32m|env: \u001b[0mSuccessfully set pdfcpu=0.4.1 in the current environment.\u001b[0m\r\n" ]
[ 15.01099, "o", "- \u001b[32mI\u001b[0m\u001b[32m|env: \u001b[0mConfig file updated to /root/.x-cmd.root/local/data/env/version\u001b[0m\r\n" ]
[ 15.01112, "o", "\u001b[?2004h\r\n\u001b[19491001\u001b[1;35m> \u001b[20210325\u001b[0m" ]
[ 16.71666, "o", "x" ]
[ 16.76856, "o", " " ]
[ 16.82104, "o", "e" ]
[ 16.87282, "o", "x" ]
[ 16.92561, "o", "a" ]
[ 16.97786, "o", " " ]
[ 17.02993, "o", "-" ]
[ 17.08256, "o", "l" ]
[ 17.13470, "o", "h" ]
[ 17.18646, "o", "T" ]
[ 17.44009, "o", "\r\n\u001b[?2004l\r" ]
[ 17.55286, "o", "\u001b[4mPermissions\u001b[0m \u001b[4mSize\u001b[0m \u001b[4mUser\u001b[0m \u001b[4mDate Modified\u001b[0m \u001b[4mName\u001b[0m\r\n\u001b[1;34md\u001b[33mr\u001b[31mw\u001b[32mx\u001b[0m\u001b[33mr\u001b[38;5;244m-\u001b[32mx\u001b[33mr\u001b[38;5;244m-\u001b[32mx\u001b[0m     \u001b[38;5;244m-\u001b[0m \u001b[1;33mroot\u001b[0m \u001b[34m17 Jul 08:39\u001b[0m  \u001b[1;34m.\u001b[0m\r\n.\u001b[1;33mr\u001b[31mw\u001b[0m\u001b[38;5;244m-\u001b[33mr\u001b[38;5;244m--\u001b[33mr\u001b[38;5;244m--\u001b[0m   \u001b[1;32m97\u001b[0m\u001b[32mk\u001b[0m \u001b[1;33mroot\u001b[0m \u001b[34m17 Jul 08:39\u001b[0m  \u001b[38;5;244m└──\u001b[0m \u001b[38;5;105mtest.pdf\u001b[0m\r\n" ]
[ 17.55343, "o", "\u001b[?2004h\r\n\u001b[19491001\u001b[1;35m> \u001b[20210325\u001b[0m" ]
[ 19.44305, "o", "# " ]
[ 19.54723, "o", "验" ]
[ 19.70317, "o", "证" ]
[ 19.75572, "o", " " ]
[ 19.80755, "o", "P" ]
[ 19.86019, "o", "D" ]
[ 19.91266, "o", "F" ]
[ 19.96522, "o", " " ]
[ 20.12160, "o", "文" ]
[ 20.27873, "o", "件" ]
[ 20.43507, "o", "是" ]
[ 20.59215, "o", "否" ]
[ 20.74840, "o", "有" ]
[ 20.90465, "o", "效" ]
[ 20.95673, "o", "\r\n\u001b[?2004l\r" ]
[ 20.95674, "o", "\u001b[?2004h\r\n\u001b[19491001\u001b[1;35m> \u001b[20210325\u001b[0m" ]
[ 22.46149, "o", "p" ]
[ 22.51407, "o", "d" ]
[ 22.56577, "o", "f" ]
[ 22.61796, "o", "c" ]
[ 22.67013, "o", "p" ]
[ 22.72259, "o", "u" ]
[ 22.77443, "o", " " ]
[ 22.82663, "o", "v" ]
[ 22.87924, "o", "a" ]
[ 22.93119, "o", "l" ]
[ 22.98357, "o", "i" ]
[ 23.03616, "o", "d" ]
[ 23.08850, "o", "a" ]
[ 23.14048, "o", "t" ]
[ 23.19288, "o", "e" ]
[ 23.24492, "o", " " ]
[ 23.29816, "o", "t" ]
[ 23.35126, "o", "e" ]
[ 23.40360, "o", "s" ]
[ 23.45593, "o", "t" ]
[ 23.50786, "o", "." ]
[ 23.56043, "o", "p" ]
[ 23.61290, "o", "d" ]
[ 23.66595, "o", "f" ]
[ 24.22001, "o", "\r\n\u001b[?2004l\r" ]
[ 24.22323, "o", "validating(mode=relaxed) test.pdf ...\r\n" ]
[ 24.22775, "o", "validation ok\r\n" ]
[ 24.22821, "o", "\u001b[?2004h\r\n" ]
[ 24.22822, "o", "\u001b[19491001\u001b[1;35m> \u001b[20210325\u001b[0m" ]
[ 26.22262, "o", "# " ]
[ 26.32690, "o", "将" ]
[ 26.37941, "o", " " ]
[ 26.43134, "o", "P" ]
[ 26.48406, "o", "D" ]
[ 26.53655, "o", "F" ]
[ 26.58894, "o", " " ]
[ 26.74444, "o", "文" ]
[ 26.90035, "o", "件" ]
[ 27.05717, "o", "拆" ]
[ 27.21340, "o", "分" ]
[ 27.36931, "o", "为" ]
[ 27.52617, "o", "多" ]
[ 27.68246, "o", "个" ]
[ 27.83821, "o", "单" ]
[ 27.99524, "o", "页" ]
[ 28.04738, "o", " " ]
[ 28.09914, "o", "P" ]
[ 28.15172, "o", "D" ]
[ 28.20406, "o", "F" ]
[ 28.25689, "o", " " ]
[ 28.41402, "o", "文" ]
[ 28.57080, "o", "件" ]
[ 28.62260, "o", "\r\n\u001b[?2004l\r" ]
[ 28.62276, "o", "\u001b[?2004h\r\n\u001b[19491001\u001b[1;35m> \u001b[20210325\u001b[0m" ]
[ 30.12643, "o", "p" ]
[ 30.17926, "o", "d" ]
[ 30.23117, "o", "f" ]
[ 30.28331, "o", "c" ]
[ 30.33527, "o", "p" ]
[ 30.38859, "o", "u" ]
[ 30.44052, "o", " " ]
[ 30.49234, "o", "s" ]
[ 30.54482, "o", "p" ]
[ 30.59672, "o", "l" ]
[ 30.64893, "o", "i" ]
[ 30.70063, "o", "t" ]
[ 30.75255, "o", " " ]
[ 30.80441, "o", "t" ]
[ 30.85705, "o", "e" ]
[ 30.90903, "o", "s" ]
[ 30.96167, "o", "t" ]
[ 31.01406, "o", "." ]
[ 31.06578, "o", "p" ]
[ 31.11822, "o", "d" ]
[ 31.17047, "o", "f" ]
[ 31.22299, "o", " " ]
[ 31.27490, "o", "." ]
[ 31.32733, "o", "/" ]
[ 31.88195, "o", "\r\n\u001b[?2004l\r" ]
[ 31.88507, "o", "splitting test.pdf to .//...\r\n" ]
[ 31.89209, "o", "writing test_1.pdf...\r\n" ]
[ 31.89386, "o", "writing test_2.pdf...\r\n" ]
[ 31.89526, "o", "writing test_3.pdf...\r\n" ]
[ 31.89662, "o", "writing test_4.pdf...\r\n" ]
[ 31.89773, "o", "writing test_5.pdf...\r\n" ]
[ 31.89888, "o", "writing test_6.pdf...\r\n" ]
[ 31.89969, "o", "\u001b[?2004h\r\n\u001b[19491001\u001b[1;35m> \u001b[20210325\u001b[0m" ]
[ 32.88426, "o", "x" ]
[ 32.93635, "o", " " ]
[ 32.98873, "o", "e" ]
[ 33.04128, "o", "x" ]
[ 33.09332, "o", "a" ]
[ 33.14535, "o", " " ]
[ 33.19738, "o", "-" ]
[ 33.24975, "o", "l" ]
[ 33.30217, "o", "h" ]
[ 33.35487, "o", "T" ]
[ 34.40890, "o", "\r\n\u001b[?2004l\r" ]
