{"version":2,"width":100,"height":26,"timestamp":1689995977,"env":{"SHELL":"","TERM":"xterm"}}
[ 0.00000, "o", "" ]
[ 0.13794, "o", "\u001b[19491001\u001b[1;35m> \u001b[20210325\u001b[0m\u001b[K\u001b[?2004h" ]
[ 0.42078, "o", "#\b# " ]
[ 0.52379, "o", "使" ]
[ 0.67846, "o", "用" ]
[ 0.73039, "o", " " ]
[ 0.78208, "o", "`" ]
[ 0.83394, "o", "x" ]
[ 0.88541, "o", " " ]
[ 0.93740, "o", "q" ]
[ 0.98900, "o", "r" ]
[ 1.04142, "o", "e" ]
[ 1.09314, "o", "n" ]
[ 1.14489, "o", "c" ]
[ 1.19677, "o", "o" ]
[ 1.24886, "o", "d" ]
[ 1.30060, "o", "e" ]
[ 1.35262, "o", "`" ]
[ 1.40455, "o", " " ]
[ 1.56214, "o", "命" ]
[ 1.71650, "o", "令" ]
[ 1.87125, "o", "格" ]
[ 2.02636, "o", "式" ]
[ 2.18136, "o", "能" ]
[ 2.33732, "o", "快" ]
[ 2.49265, "o", "捷" ]
[ 2.64719, "o", "地" ]
[ 2.80259, "o", "使" ]
[ 2.95713, "o", "用" ]
[ 3.00896, "o", " " ]
[ 3.06046, "o", "`" ]
[ 3.11208, "o", "q" ]
[ 3.16388, "o", "r" ]
[ 3.21591, "o", "e" ]
[ 3.26758, "o", "n" ]
[ 3.31954, "o", "c" ]
[ 3.37154, "o", "o" ]
[ 3.42345, "o", "d" ]
[ 3.47489, "o", "e" ]
[ 3.52687, "o", "`" ]
[ 3.57851, "o", " " ]
[ 3.73306, "o", "命" ]
[ 3.88801, "o", "令" ]
[ 3.93964, "o", "\u001b[?2004l\r\r\n\u001b[1m\u001b[7m#\u001b[27m\u001b[1m\u001b[0m                                                                                                   \r \r" ]
[ 3.93993, "o", "\r\u001b[0m\u001b[27m\u001b[24m\u001b[J\r\n\u001b[19491001\u001b[1;35m> \u001b[20210325\u001b[0m\u001b[K\u001b[?2004h" ]
[ 5.44369, "o", "x" ]
[ 5.49558, "o", "\bx " ]
[ 5.54698, "o", "q" ]
[ 5.59852, "o", "r" ]
[ 5.65104, "o", "e" ]
[ 5.70298, "o", "n" ]
[ 5.75454, "o", "c" ]
[ 5.80646, "o", "o" ]
[ 5.85783, "o", "d" ]
[ 5.90979, "o", "e" ]
[ 5.96136, "o", " " ]
[ 6.01336, "o", "-" ]
[ 6.06523, "o", "-" ]
[ 6.11795, "o", "v" ]
[ 6.16996, "o", "e" ]
[ 6.22182, "o", "r" ]
[ 6.27376, "o", "s" ]
[ 6.32511, "o", "i" ]
[ 6.37693, "o", "o" ]
[ 6.42852, "o", "n" ]
[ 6.68154, "o", "\u001b[?2004l\r\r\n" ]
[ 6.74976, "o", "qrencode version 4.1.1\r\nCopyright (C) 2006-2017 Kentaro Fukuchi\r\n" ]
[ 6.75002, "o", "\u001b[1m\u001b[7m#\u001b[27m\u001b[1m\u001b[0m                                                                                                   \r \r\r\u001b[0m\u001b[27m\u001b[24m\u001b[J\r\n\u001b[19491001\u001b[1;35m> \u001b[20210325\u001b[0m\u001b[K\u001b[?2004h" ]
[ 8.68327, "o", "#\b# " ]
[ 8.78667, "o", "使" ]
[ 8.94264, "o", "用" ]
[ 8.99441, "o", " " ]
[ 9.04600, "o", "`" ]
[ 9.09766, "o", "x" ]
[ 9.14916, "o", " " ]
[ 9.20111, "o", "e" ]
[ 9.25303, "o", "n" ]
[ 9.30536, "o", "v" ]
[ 9.35736, "o", " " ]
[ 9.40935, "o", "u" ]
[ 9.46146, "o", "s" ]
[ 9.51287, "o", "e" ]
[ 9.56475, "o", "`" ]
[ 9.61625, "o", " " ]
[ 9.77212, "o", "能" ]
[ 9.92780, "o", "自" ]
[ 10.08282, "o", "动" ]
[ 10.23773, "o", "安" ]
[ 10.39334, "o", "装" ]
[ 10.54805, "o", "并" ]
[ 10.70363, "o", "配" ]
[ 10.85876, "o", "置" ]
[ 11.01421, "o", "好" ]
[ 11.16934, "o", "相" ]
[ 11.32537, "o", "应" ]
[ 11.48095, "o", "的" ]
[ 11.63647, "o", "全" ]
[ 11.79206, "o", "局" ]
[ 11.94778, "o", "环" ]
[ 12.10269, "o", "境" ]
[ 12.25863, "o", "变" ]
[ 12.41342, "o", "量" ]
[ 12.46479, "o", "\u001b[?2004l\r\r\n" ]
[ 12.46493, "o", "\u001b[1m\u001b[7m#\u001b[27m\u001b[1m\u001b[0m                                                                                                   \r \r\r\u001b[0m\u001b[27m\u001b[24m\u001b[J\r\n\u001b[19491001\u001b[1;35m> \u001b[20210325\u001b[0m\u001b[K\u001b[?2004h" ]
[ 13.96820, "o", "x" ]
[ 14.02046, "o", "\bx " ]
[ 14.07228, "o", "e" ]
[ 14.12359, "o", "n" ]
[ 14.17539, "o", "v" ]
[ 14.22705, "o", " " ]
[ 14.27879, "o", "u" ]
[ 14.33076, "o", "s" ]
[ 14.38233, "o", "e" ]
[ 14.43447, "o", " " ]
[ 14.48606, "o", "q" ]
[ 14.53824, "o", "r" ]
[ 14.58981, "o", "e" ]
[ 14.64168, "o", "n" ]
[ 14.69330, "o", "c" ]
[ 14.74523, "o", "o" ]
[ 14.79717, "o", "d" ]
[ 14.84880, "o", "e" ]
[ 15.10261, "o", "\u001b[?2004l\r\r\n" ]
[ 15.21195, "o", "- \u001b[32mI\u001b[0m\u001b[32m|pkg: \u001b[0mSuccessfully set link from path \u001b[0m\r\n" ]
[ 15.23435, "o", "- \u001b[32mI\u001b[0m\u001b[32m|env: \u001b[0mSuccessfully set qrencode=v0.0.1 in the current environment.\u001b[0m\r\n" ]
[ 15.33010, "o", "- \u001b[32mI\u001b[0m\u001b[32m|env: \u001b[0mConfig file updated to /root/.x-cmd.root/local/data/env/version\u001b[0m\r\n" ]
[ 15.33036, "o", "\u001b[1m\u001b[7m#\u001b[27m\u001b[1m\u001b[0m                                                                                                   \r \r\r\u001b[0m\u001b[27m\u001b[24m\u001b[J\r\n\u001b[19491001\u001b[1;35m> \u001b[20210325\u001b[0m\u001b[K\u001b[?2004h" ]
[ 17.10498, "o", "#\b# " ]
[ 17.20909, "o", "将" ]
[ 17.36401, "o", "字" ]
[ 17.51934, "o", "符" ]
[ 17.67477, "o", "串" ]
[ 17.82985, "o", "或" ]
[ 17.88137, "o", " " ]
[ 17.93347, "o", "u" ]
[ 17.98550, "o", "r" ]
[ 18.03754, "o", "l" ]
[ 18.08891, "o", " " ]
[ 18.24378, "o", "链" ]
[ 18.39854, "o", "接" ]
[ 18.55417, "o", "转" ]
[ 18.70839, "o", "换" ]
[ 18.86329, "o", "为" ]
[ 19.01791, "o", "二" ]
[ 19.17207, "o", "维" ]
[ 19.32670, "o", "码" ]
[ 19.48209, "o", "并" ]
[ 19.63820, "o", "输" ]
[ 19.79308, "o", "出" ]
[ 19.94847, "o", "到" ]
[ 20.00026, "o", " " ]
[ 20.05198, "o", "s" ]
[ 20.10384, "o", "t" ]
[ 20.15598, "o", "d" ]
[ 20.20782, "o", "o" ]
[ 20.25927, "o", "u" ]
[ 20.31124, "o", "t" ]
[ 20.36293, "o", "\u001b[?2004l\r\r\n\u001b[1m\u001b[7m#\u001b[27m\u001b[1m\u001b[0m                                                                                                   \r \r\r\u001b[0m\u001b[27m\u001b[24m\u001b[J\r\n\u001b[19491001\u001b[1;35m> \u001b[20210325\u001b[0m\u001b[K\u001b[?2004h" ]
[ 21.86631, "o", "q" ]
[ 21.91800, "o", "\bqr" ]
[ 21.96991, "o", "e" ]
[ 22.02182, "o", "n" ]
[ 22.07336, "o", "c" ]
[ 22.12491, "o", "o" ]
[ 22.17665, "o", "d" ]
[ 22.22842, "o", "e" ]
[ 22.28000, "o", " " ]
[ 22.33219, "o", "-" ]
[ 22.38401, "o", "s" ]
[ 22.43613, "o", " " ]
[ 22.48774, "o", "1" ]
[ 22.54010, "o", " " ]
[ 22.59195, "o", "-" ]
[ 22.64427, "o", "m" ]
[ 22.69635, "o", " " ]
[ 22.74788, "o", "0" ]
[ 22.79981, "o", " " ]
[ 22.85148, "o", "-" ]
[ 22.90317, "o", "t" ]
[ 22.95476, "o", " " ]
[ 23.00669, "o", "A" ]
[ 23.05847, "o", "N" ]
[ 23.11022, "o", "S" ]
[ 23.16207, "o", "I" ]
[ 23.21408, "o", "U" ]
[ 23.26574, "o", "T" ]
[ 23.31769, "o", "F" ]
[ 23.36985, "o", "8" ]
[ 23.42178, "o", "i" ]
[ 23.47359, "o", " " ]
[ 23.52570, "o", "\"" ]
[ 23.57726, "o", "h" ]
[ 23.62901, "o", "t" ]
[ 23.68069, "o", "t" ]
[ 23.73236, "o", "p" ]
[ 23.78434, "o", "s" ]
[ 23.83616, "o", ":" ]
[ 23.88817, "o", "/" ]
[ 23.93986, "o", "/" ]
[ 23.99143, "o", "x" ]
[ 24.04358, "o", "-" ]
[ 24.09585, "o", "c" ]
[ 24.14785, "o", "m" ]
[ 24.19978, "o", "d" ]
[ 24.25197, "o", "." ]
[ 24.30403, "o", "c" ]
[ 24.35616, "o", "o" ]
[ 24.40821, "o", "m" ]
[ 24.46023, "o", "\"" ]
[ 24.71402, "o", "\u001b[?2004l\r\r\n" ]
[ 24.71478, "o", "\u001b[40;37;1m█▀▀▀▀▀█ ▄▀    █▀▀▀▀▀█\u001b[0m\r\n\u001b[40;37;1m█ ███ █ ▀██▄  █ ███ █\u001b[0m\r\n\u001b[40;37;1m█ ▀▀▀ █ █▀▀▄  █ ▀▀▀ █\u001b[0m\r\n\u001b[40;37;1m▀▀▀▀▀▀▀ █▄█▄█ ▀▀▀▀▀▀▀\u001b[0m\r\n\u001b[40;37;1m█▀▄▀ ▄▀█▄ █▄▄ ███ ▀▀▄\u001b[0m\r\n\u001b[40;37;1m▄▄▀ ▄▄▀▀▀▀▀ ▀ ▄ ▄▄▀▄█\u001b[0m\r\n\u001b[40;37;1m▀ ▀  ▀▀▀█████▀▄█ ▀  ▄\u001b[0m\r\n\u001b[40;37;1m█▀▀▀▀▀█ ▀ ▄ ▀▄ ▄█▀▀▀ \u001b[0m\r\n\u001b[40;37;1m█ ███ █ ▄▄▀▀▄▀  █▀ ▀█\u001b[0m\r\n\u001b[40;37;1m█ ▀▀▀ █ ▄▄▄▀██▀ ▀ ▀ ▀\u001b[0m\r\n\u001b[40;37;1m▀▀▀▀▀▀▀ ▀  ▀▀ ▀ ▀  ▀ \u001b[0m\r\n" ]
[ 24.71495, "o", "\u001b[1m\u001b[7m#\u001b[27m\u001b[1m\u001b[0m                                                                                                   \r \r" ]
[ 24.71502, "o", "\r\u001b[0m\u001b[27m\u001b[24m\u001b[J\r\n\u001b[19491001\u001b[1;35m> \u001b[20210325\u001b[0m\u001b[K\u001b[?2004h" ]
[ 26.71608, "o", "#\b# " ]
[ 26.81955, "o", "生" ]
[ 26.97402, "o", "成" ]
[ 27.12916, "o", "带" ]
[ 27.33636, "o", "有" ]
[ 27.49150, "o", "错" ]
[ 27.64612, "o", "误" ]
[ 27.80156, "o", "校" ]
[ 27.95651, "o", "验" ]
[ 28.11129, "o", "的" ]
[ 28.26591, "o", "二" ]
[ 28.42176, "o", "维" ]
[ 28.57609, "o", "码" ]
[ 28.62752, "o", "\u001b[?2004l\r\r\n" ]
