{"version":2,"width":100,"height":26,"timestamp":1690612191,"env":{"SHELL":"","TERM":"xterm"}}
[ 0.00000, "o", "" ]
[ 0.14265, "o", "\u001b[19491001\u001b[1;35m> \u001b[20210325\u001b[0m" ]
[ 0.14281, "o", "\u001b[K\u001b[?2004h" ]
[ 0.41951, "o", "#\b# " ]
[ 0.52320, "o", "使" ]
[ 0.67814, "o", "用" ]
[ 0.72997, "o", " " ]
[ 0.78194, "o", "`" ]
[ 0.83339, "o", "x" ]
[ 0.88546, "o", " " ]
[ 0.93740, "o", "r" ]
[ 0.98916, "o", "a" ]
[ 1.04069, "o", "k" ]
[ 1.09257, "o", "u" ]
[ 1.14436, "o", "`" ]
[ 1.19635, "o", " " ]
[ 1.35149, "o", "命" ]
[ 1.50678, "o", "令" ]
[ 1.66291, "o", "格" ]
[ 1.81864, "o", "式" ]
[ 1.97410, "o", "能" ]
[ 2.12955, "o", "快" ]
[ 2.28435, "o", "捷" ]
[ 2.44015, "o", "地" ]
[ 2.59592, "o", "使" ]
[ 2.75137, "o", "用" ]
[ 2.80315, "o", " " ]
[ 2.85544, "o", "`" ]
[ 2.90746, "o", "r" ]
[ 2.95911, "o", "a" ]
[ 3.01102, "o", "k" ]
[ 3.06296, "o", "u" ]
[ 3.11471, "o", "`" ]
[ 3.16636, "o", " " ]
[ 3.32165, "o", "命" ]
[ 3.47702, "o", "令" ]
[ 3.52860, "o", "\u001b[?2004l\r\r\n\u001b[1m\u001b[7m#\u001b[27m\u001b[1m\u001b[0m                                                                                                   \r \r" ]
[ 3.52876, "o", "\r\u001b[0m\u001b[27m\u001b[24m\u001b[J\r\n\u001b[19491001\u001b[1;35m> \u001b[20210325\u001b[0m\u001b[K\u001b[?2004h" ]
[ 5.03266, "o", "x" ]
[ 5.08441, "o", "\bx " ]
[ 5.13636, "o", "r" ]
[ 5.18775, "o", "a" ]
[ 5.23992, "o", "k" ]
[ 5.29147, "o", "u" ]
[ 5.34344, "o", " " ]
[ 5.39552, "o", "-" ]
[ 5.44748, "o", "-" ]
[ 5.49962, "o", "v" ]
[ 5.55190, "o", "e" ]
[ 5.60284, "o", "r" ]
[ 5.65451, "o", "s" ]
[ 5.70704, "o", "i" ]
[ 5.75861, "o", "o" ]
[ 5.81091, "o", "n" ]
[ 6.06530, "o", "\u001b[?2004l\r\r\n" ]
[ 6.09248, "o", "Welcome to Rakudo™ v2023.06.\r\nImplementing the Raku® Programming Language v6.d.\r\nBuilt on MoarVM version 2023.06.\r\n" ]
[ 6.09343, "o", "\u001b[1m\u001b[7m#\u001b[27m\u001b[1m\u001b[0m                                                                                                   \r \r\r\u001b[0m\u001b[27m\u001b[24m\u001b[J\r\n\u001b[19491001\u001b[1;35m> \u001b[20210325\u001b[0m\u001b[K\u001b[?2004h" ]
[ 8.06753, "o", "#\b# " ]
[ 8.17225, "o", "使" ]
[ 8.32758, "o", "用" ]
[ 8.37896, "o", " " ]
[ 8.43085, "o", "`" ]
[ 8.48237, "o", "x" ]
[ 8.53483, "o", " " ]
[ 8.58671, "o", "e" ]
[ 8.63876, "o", "n" ]
[ 8.69059, "o", "v" ]
[ 8.74214, "o", " " ]
[ 8.79407, "o", "u" ]
[ 8.84568, "o", "s" ]
[ 8.89766, "o", "e" ]
[ 8.94913, "o", "`" ]
[ 9.00133, "o", " " ]
[ 9.15681, "o", "能" ]
[ 9.31202, "o", "自" ]
[ 9.46748, "o", "动" ]
[ 9.62306, "o", "安" ]
[ 9.77840, "o", "装" ]
[ 9.93384, "o", "并" ]
[ 10.08902, "o", "配" ]
[ 10.24428, "o", "置" ]
[ 10.39856, "o", "好" ]
[ 10.55457, "o", "相" ]
[ 10.71020, "o", "应" ]
[ 10.86614, "o", "的" ]
[ 11.02199, "o", "全" ]
[ 11.17766, "o", "局" ]
[ 11.33332, "o", "环" ]
[ 11.48902, "o", "境" ]
[ 11.64460, "o", "变" ]
[ 11.79966, "o", "量" ]
[ 11.85151, "o", "\u001b[?2004l\r\r\n\u001b[1m\u001b[7m#\u001b[27m\u001b[1m\u001b[0m                                                                                                   \r \r" ]
[ 11.85179, "o", "\r\u001b[0m\u001b[27m\u001b[24m\u001b[J\r\n\u001b[19491001\u001b[1;35m> \u001b[20210325\u001b[0m\u001b[K\u001b[?2004h" ]
[ 13.35532, "o", "x" ]
[ 13.40746, "o", "\bx " ]
[ 13.45948, "o", "e" ]
[ 13.51148, "o", "n" ]
[ 13.56322, "o", "v" ]
[ 13.61552, "o", " " ]
[ 13.66732, "o", "u" ]
[ 13.71928, "o", "s" ]
[ 13.77140, "o", "e" ]
[ 13.82336, "o", " " ]
[ 13.87549, "o", "r" ]
[ 13.92712, "o", "a" ]
[ 13.97902, "o", "k" ]
[ 14.03071, "o", "u" ]
[ 14.28493, "o", "\u001b[?2004l\r\r\n" ]
[ 14.53529, "o", "- \u001b[32mI\u001b[0m\u001b[32m|pkg: \u001b[0mSuccessfully set link from path \u001b[0m\r\n" ]
[ 14.55601, "o", "- \u001b[32mI\u001b[0m\u001b[32m|env: \u001b[0mSuccessfully set raku=2023.06 in the current environment.\u001b[0m\r\n" ]
[ 14.61398, "o", "- \u001b[32mI\u001b[0m\u001b[32m|env: \u001b[0mConfig file updated to /root/.x-cmd.root/local/data/env/version\u001b[0m\r\n" ]
[ 14.61418, "o", "\u001b[1m\u001b[7m#\u001b[27m\u001b[1m\u001b[0m                                                                                                   \r \r" ]
[ 14.61432, "o", "\r\u001b[0m\u001b[27m\u001b[24m\u001b[J\r\n\u001b[19491001\u001b[1;35m> \u001b[20210325\u001b[0m\u001b[K\u001b[?2004h" ]
[ 16.28673, "o", "#\b# " ]
[ 16.39030, "o", "执" ]
[ 16.54488, "o", "行" ]
[ 16.59669, "o", " " ]
[ 16.64909, "o", "r" ]
[ 16.70101, "o", "a" ]
[ 16.75268, "o", "k" ]
[ 16.80522, "o", "u" ]
[ 16.85690, "o", " " ]
[ 17.01247, "o", "代" ]
[ 17.16781, "o", "码" ]
[ 17.32361, "o", "文" ]
[ 17.47939, "o", "件" ]
[ 17.53140, "o", "\u001b[?2004l\r\r\n\u001b[1m\u001b[7m#\u001b[27m\u001b[1m\u001b[0m                                                                                                   \r \r\r\u001b[0m\u001b[27m\u001b[24m\u001b[J\r\n\u001b[19491001\u001b[1;35m> \u001b[20210325\u001b[0m\u001b[K\u001b[?2004h" ]
[ 19.03541, "o", "x" ]
[ 19.08778, "o", "\bx " ]
[ 19.14023, "o", "c" ]
[ 19.19177, "o", "a" ]
[ 19.24340, "o", "t" ]
[ 19.29554, "o", " " ]
[ 19.34706, "o", "h" ]
[ 19.39910, "o", "e" ]
[ 19.45105, "o", "l" ]
[ 19.50276, "o", "l" ]
[ 19.55467, "o", "o" ]
[ 19.60646, "o", "." ]
[ 19.65835, "o", "r" ]
[ 19.71004, "o", "a" ]
[ 19.76193, "o", "k" ]
[ 19.81355, "o", "u" ]
[ 20.06707, "o", "\u001b[?2004l\r\r\n" ]
[ 20.19262, "o", "\r\u001b[38;5;238m───────┬────────────────────────────────────────────────────────────────────────────────────────────\u001b[0m\u001b[m\r\n       \u001b[38;5;238m│ \u001b[0mFile: \u001b[1mhello.raku\u001b[0m\u001b[m\r\n\u001b[38;5;238m───────┼────────────────────────────────────────────────────────────────────────────────────────────\u001b[0m\u001b[m\r\n\u001b[38;5;238m   1\u001b[0m   \u001b[38;5;238m│\u001b[0m \u001b[38;5;231msay 'hello world';\u001b[0m\u001b[m\r\n\u001b[38;5;238m───────┴───────────────────────────────────────────────────────────────────────" ]
[ 20.19282, "o", "─────────────────────\u001b[0m\u001b[m\r\n\r\u001b[K" ]
[ 20.19851, "o", "\u001b[1m\u001b[7m#\u001b[27m\u001b[1m\u001b[0m                                                                                                   \r \r\r\u001b[0m\u001b[27m\u001b[24m\u001b[J\r\n\u001b[19491001\u001b[1;35m> \u001b[20210325\u001b[0m\u001b[K" ]
[ 20.19867, "o", "\u001b[?2004h" ]
[ 21.06932, "o", "r" ]
[ 21.12087, "o", "\bra" ]
[ 21.17314, "o", "k" ]
[ 21.22513, "o", "u" ]
[ 21.27712, "o", " " ]
[ 21.32908, "o", "h" ]
[ 21.38047, "o", "e" ]
[ 21.43257, "o", "l" ]
[ 21.48401, "o", "l" ]
[ 21.53618, "o", "o" ]
[ 21.58781, "o", "." ]
[ 21.63962, "o", "r" ]
[ 21.69167, "o", "a" ]
[ 21.74351, "o", "k" ]
[ 21.79555, "o", "u" ]
[ 22.04889, "o", "\u001b[?2004l\r\r\n" ]
[ 22.19070, "o", "hello world\r\n" ]
[ 22.19435, "o", "\u001b[1m\u001b[7m#\u001b[27m\u001b[1m\u001b[0m                                                                                                   \r \r\r\u001b[0m\u001b[27m\u001b[24m\u001b[J\r\n\u001b[19491001\u001b[1;35m> \u001b[20210325\u001b[0m\u001b[K\u001b[?2004h" ]
[ 24.05109, "o", "#\b# " ]
[ 24.15547, "o", "执" ]
[ 24.31057, "o", "行" ]
[ 24.46634, "o", "简" ]
[ 24.62161, "o", "单" ]
[ 24.77591, "o", "的" ]
[ 24.82812, "o", " " ]
[ 24.88005, "o", "r" ]
[ 24.93234, "o", "a" ]
[ 24.98430, "o", "k" ]
[ 25.03579, "o", "u" ]
[ 25.08756, "o", " " ]
[ 25.24307, "o", "代" ]
[ 25.39905, "o", "码" ]
[ 25.45112, "o", "\u001b[?2004l\r\r\n\u001b[1m\u001b[7m#\u001b[27m\u001b[1m\u001b[0m                                                                                                   \r \r\r\u001b[0m\u001b[27m\u001b[24m\u001b[J\r\n\u001b[19491001\u001b[1;35m> \u001b[20210325\u001b[0m\u001b[K" ]
[ 25.45119, "o", "\u001b[?2004h" ]
[ 26.95409, "o", "r" ]
[ 27.00628, "o", "\bra" ]
[ 27.05858, "o", "k" ]
[ 27.11107, "o", "u" ]
[ 27.16267, "o", " " ]
[ 27.21491, "o", "-" ]
[ 27.26639, "o", "e" ]
[ 27.31836, "o", " " ]
[ 27.37008, "o", "'" ]
[ 27.42247, "o", "m" ]
[ 27.47417, "o", "y" ]
[ 27.52573, "o", " " ]
[ 27.57741, "o", "@" ]
[ 27.62921, "o", "a" ]
