{"version":2,"width":100,"height":26,"timestamp":1689846801,"env":{"SHELL":"","TERM":"xterm"}}
[ 0.00000, "o", "" ]
[ 0.14801, "o", "\u001b[19491001\u001b[1;35m> \u001b[20210325\u001b[0m\u001b[K\u001b[?2004h" ]
[ 0.41630, "o", "#\b# " ]
[ 0.52000, "o", "使" ]
[ 0.67695, "o", "用" ]
[ 0.72958, "o", " " ]
[ 0.78171, "o", "`" ]
[ 0.83478, "o", "x" ]
[ 0.88714, "o", " " ]
[ 0.93941, "o", "r" ]
[ 0.99149, "o", "c" ]
[ 1.04335, "o", "l" ]
[ 1.09532, "o", "o" ]
[ 1.14750, "o", "n" ]
[ 1.19980, "o", "e" ]
[ 1.25224, "o", "`" ]
[ 1.30437, "o", " " ]
[ 1.46055, "o", "命" ]
[ 1.61644, "o", "令" ]
[ 1.77290, "o", "格" ]
[ 1.92974, "o", "式" ]
[ 2.08639, "o", "能" ]
[ 2.24282, "o", "快" ]
[ 2.39871, "o", "捷" ]
[ 2.55480, "o", "地" ]
[ 2.71086, "o", "使" ]
[ 2.86761, "o", "用" ]
[ 2.91944, "o", " " ]
[ 2.97208, "o", "`" ]
[ 3.02463, "o", "r" ]
[ 3.07726, "o", "c" ]
[ 3.12955, "o", "l" ]
[ 3.18211, "o", "o" ]
[ 3.23442, "o", "n" ]
[ 3.28644, "o", "e" ]
[ 3.33845, "o", "`" ]
[ 3.39013, "o", " " ]
[ 3.54672, "o", "命" ]
[ 3.70286, "o", "令" ]
[ 3.75454, "o", "\u001b[?2004l\r\r\n" ]
[ 3.75474, "o", "\u001b[1m\u001b[7m#\u001b[27m\u001b[1m\u001b[0m                                                                                                   \r \r\r\u001b[0m\u001b[27m\u001b[24m\u001b[J\r\n\u001b[19491001\u001b[1;35m> \u001b[20210325\u001b[0m\u001b[K\u001b[?2004h" ]
[ 4.42281, "o", "x" ]
[ 4.47475, "o", "\bx " ]
[ 4.52705, "o", "r" ]
[ 4.57885, "o", "c" ]
[ 4.63096, "o", "l" ]
[ 4.68317, "o", "o" ]
[ 4.73577, "o", "n" ]
[ 4.78838, "o", "e" ]
[ 4.84056, "o", " " ]
[ 4.89276, "o", "-" ]
[ 4.94453, "o", "-" ]
[ 4.99735, "o", "v" ]
[ 5.04920, "o", "e" ]
[ 5.10152, "o", "r" ]
[ 5.15380, "o", "s" ]
[ 5.20646, "o", "i" ]
[ 5.25872, "o", "o" ]
[ 5.31064, "o", "n" ]
[ 5.56417, "o", "\u001b[?2004l\r\r\n" ]
[ 5.68703, "o", "rclone v1.62.2\r\n- os/version: fedora 37 (64 bit)\r\n- os/kernel: 5.15.90.1-microsoft-standard-WSL2 (x86_64)\r\n- os/type: linux\r\n- os/arch: amd64\r\n- go/version: go1.20.2\r\n- go/linking: static\r\n- go/tags: none\r\n" ]
[ 5.68895, "o", "\u001b[1m\u001b[7m#\u001b[27m\u001b[1m\u001b[0m                                                                                                   \r \r\r\u001b[0m\u001b[27m\u001b[24m\u001b[J\r\n\u001b[19491001\u001b[1;35m> \u001b[20210325\u001b[0m\u001b[K\u001b[?2004h" ]
[ 7.56714, "o", "#\b# " ]
[ 7.67141, "o", "使" ]
[ 7.82696, "o", "用" ]
[ 7.87927, "o", " " ]
[ 7.93167, "o", "`" ]
[ 7.98407, "o", "x" ]
[ 8.03647, "o", " " ]
[ 8.08862, "o", "e" ]
[ 8.14033, "o", "n" ]
[ 8.19285, "o", "v" ]
[ 8.24475, "o", " " ]
[ 8.29691, "o", "u" ]
[ 8.34864, "o", "s" ]
[ 8.40039, "o", "e" ]
[ 8.45252, "o", "`" ]
[ 8.50510, "o", " " ]
[ 8.66139, "o", "能" ]
[ 8.81841, "o", "自" ]
[ 8.97610, "o", "动" ]
[ 9.13241, "o", "安" ]
[ 9.28867, "o", "装" ]
[ 9.44520, "o", "并" ]
[ 9.60112, "o", "配" ]
[ 9.75788, "o", "置" ]
[ 9.91460, "o", "好" ]
[ 10.07127, "o", "相" ]
[ 10.22724, "o", "应" ]
[ 10.38366, "o", "的" ]
[ 10.53939, "o", "全" ]
[ 10.69661, "o", "局" ]
[ 10.85266, "o", "环" ]
[ 11.00913, "o", "境" ]
[ 11.16615, "o", "变" ]
[ 11.32212, "o", "量" ]
[ 11.37511, "o", "\u001b[?2004l\r\r\n\u001b[1m\u001b[7m#\u001b[27m\u001b[1m\u001b[0m                                                                                                   \r \r\r\u001b[0m\u001b[27m\u001b[24m\u001b[J\r\n\u001b[19491001\u001b[1;35m> \u001b[20210325\u001b[0m" ]
[ 11.37537, "o", "\u001b[K\u001b[?2004h" ]
[ 11.87757, "o", "x" ]
[ 11.93013, "o", "\bx " ]
[ 11.98234, "o", "e" ]
[ 12.03425, "o", "n" ]
[ 12.08644, "o", "v" ]
[ 12.13844, "o", " " ]
[ 12.19057, "o", "u" ]
[ 12.24268, "o", "s" ]
[ 12.29512, "o", "e" ]
[ 12.34733, "o", " " ]
[ 12.39950, "o", "r" ]
[ 12.45150, "o", "c" ]
[ 12.50343, "o", "l" ]
[ 12.55573, "o", "o" ]
[ 12.60776, "o", "n" ]
[ 12.66100, "o", "e" ]
[ 12.91559, "o", "\u001b[?2004l\r\r\n" ]
[ 13.08590, "o", "- \u001b[32mI\u001b[0m\u001b[32m|pkg: \u001b[0mSuccessfully set link from path \u001b[0m\r\n" ]
[ 13.10947, "o", "- \u001b[32mI\u001b[0m\u001b[32m|env: \u001b[0mSuccessfully set rclone=v0.0.1 in the current environment.\u001b[0m\r\n" ]
[ 13.17098, "o", "- \u001b[32mI\u001b[0m\u001b[32m|env: \u001b[0mConfig file updated to /root/.x-cmd.root/local/data/env/version\u001b[0m\r\n" ]
[ 13.17110, "o", "\u001b[1m\u001b[7m#\u001b[27m\u001b[1m\u001b[0m                                                                                                   \r \r" ]
[ 13.17114, "o", "\r\u001b[0m\u001b[27m\u001b[24m\u001b[J\r\n\u001b[19491001\u001b[1;35m> \u001b[20210325\u001b[0m\u001b[K\u001b[?2004h" ]
[ 14.91854, "o", "m" ]
[ 14.97035, "o", "\bmk" ]
[ 15.02264, "o", "d" ]
[ 15.07479, "o", "i" ]
[ 15.12692, "o", "r" ]
[ 15.17928, "o", " " ]
[ 15.23097, "o", "d" ]
[ 15.28308, "o", "i" ]
[ 15.33508, "o", "r" ]
[ 15.38721, "o", "_" ]
[ 15.43895, "o", "t" ]
[ 15.49099, "o", "e" ]
[ 15.54299, "o", "s" ]
[ 15.59480, "o", "t" ]
[ 15.64683, "o", "\u001b[?2004l\r\r\n" ]
[ 15.64868, "o", "\u001b[1m\u001b[7m#\u001b[27m\u001b[1m\u001b[0m                                                                                                   \r \r\r\u001b[0m\u001b[27m\u001b[24m\u001b[J\r\n\u001b[19491001\u001b[1;35m> \u001b[20210325\u001b[0m\u001b[K\u001b[?2004h" ]
[ 15.69900, "o", "e" ]
[ 15.75137, "o", "\bec" ]
[ 15.80333, "o", "h" ]
[ 15.85541, "o", "o" ]
[ 15.90643, "o", " " ]
[ 15.95913, "o", "\"" ]
[ 16.01171, "o", "h" ]
[ 16.06388, "o", "e" ]
[ 16.11594, "o", "l" ]
[ 16.16802, "o", "l" ]
[ 16.22071, "o", "o" ]
[ 16.27258, "o", " " ]
[ 16.32527, "o", "x" ]
[ 16.37747, "o", "-" ]
[ 16.42918, "o", "c" ]
[ 16.48142, "o", "m" ]
[ 16.53328, "o", "d" ]
[ 16.58583, "o", "\"" ]
[ 16.63777, "o", " " ]
[ 16.68991, "o", ">" ]
[ 16.74177, "o", " " ]
[ 16.79399, "o", "f" ]
[ 16.84592, "o", "i" ]
[ 16.89901, "o", "l" ]
[ 16.95127, "o", "e" ]
[ 17.00323, "o", "\u001b[?2004l\r\r\n" ]
[ 17.00338, "o", "\u001b[1m\u001b[7m#\u001b[27m\u001b[1m\u001b[0m                                                                                                   \r \r\r\u001b[0m\u001b[27m\u001b[24m\u001b[J\r\n\u001b[19491001\u001b[1;35m> \u001b[20210325\u001b[0m\u001b[K\u001b[?2004h" ]
[ 17.05538, "o", "x" ]
[ 17.10728, "o", "\bx " ]
[ 17.15930, "o", "e" ]
[ 17.21113, "o", "x" ]
[ 17.26413, "o", "a" ]
[ 17.31672, "o", " " ]
[ 17.36893, "o", "." ]
[ 17.42140, "o", "/" ]
[ 17.47372, "o", " " ]
[ 17.52557, "o", "-" ]
[ 17.57726, "o", "-" ]
[ 17.62961, "o", "t" ]
[ 17.68265, "o", "r" ]
[ 17.73490, "o", "e" ]
[ 17.78766, "o", "e" ]
[ 17.83991, "o", "\u001b[?2004l\r\r\n" ]
[ 17.91760, "o", "\u001b[1;34m.\u001b[0m\r\n\u001b[38;5;244m├──\u001b[0m \u001b[1;34mdir_test\u001b[0m\r\n\u001b[38;5;244m└──\u001b[0m file\r\n" ]
[ 17.91837, "o", "\u001b[1m\u001b[7m#\u001b[27m\u001b[1m\u001b[0m                                                                                                   \r \r\r\u001b[0m\u001b[27m\u001b[24m\u001b[J\r\n\u001b[19491001\u001b[1;35m> \u001b[20210325\u001b[0m\u001b[K" ]
[ 17.91852, "o", "\u001b[?2004h" ]
[ 18.09374, "o", "\u001b[?2004l\r\r\n\u001b[1m\u001b[7m#\u001b[27m\u001b[1m\u001b[0m                                                                                                   \r \r" ]
[ 18.09398, "o", "\r\u001b[0m\u001b[27m\u001b[24m\u001b[J\r\n\u001b[19491001\u001b[1;35m> \u001b[20210325\u001b[0m\u001b[K\u001b[?2004h" ]
[ 20.09627, "o", "#\b# " ]
[ 20.20054, "o", "列" ]
[ 20.35699, "o", "出" ]
[ 20.51285, "o", "远" ]
[ 20.66939, "o", "程" ]
[ 20.82629, "o", "目" ]
[ 20.98181, "o", "录" ]
[ 21.13772, "o", "的" ]
[ 21.29342, "o", "内" ]
[ 21.44985, "o", "容" ]
[ 21.50189, "o", "\u001b[?2004l\r\r\n" ]
[ 21.50194, "o", "\u001b[1m\u001b[7m#\u001b[27m\u001b[1m\u001b[0m                                                                                                   \r \r\r\u001b[0m\u001b[27m\u001b[24m\u001b[J\r\n\u001b[19491001\u001b[1;35m> \u001b[20210325\u001b[0m\u001b[K\u001b[?2004h" ]
[ 22.00445, "o", "r" ]
[ 22.05618, "o", "\brc" ]
[ 22.10920, "o", "l" ]
[ 22.16145, "o", "o" ]
[ 22.21333, "o", "n" ]
[ 22.26552, "o", "e" ]
