{"version":2,"width":100,"height":26,"timestamp":1689841438,"env":{"SHELL":"","TERM":"xterm"}}
[ 0.00000, "o", "" ]
[ 0.15848, "o", "\u001b[19491001\u001b[1;35m> \u001b[20210325\u001b[0m" ]
[ 0.15862, "o", "\u001b[K\u001b[?2004h" ]
[ 0.40227, "o", "#\b# " ]
[ 0.50796, "o", "使" ]
[ 0.66329, "o", "用" ]
[ 0.71581, "o", " " ]
[ 0.76825, "o", "`" ]
[ 0.82020, "o", "x" ]
[ 0.87197, "o", " " ]
[ 0.92404, "o", "r" ]
[ 0.97624, "o", "g" ]
[ 1.02823, "o", "`" ]
[ 1.08029, "o", " " ]
[ 1.23652, "o", "命" ]
[ 1.39216, "o", "令" ]
[ 1.54839, "o", "格" ]
[ 1.70434, "o", "式" ]
[ 1.85983, "o", "能" ]
[ 2.01603, "o", "快" ]
[ 2.17274, "o", "捷" ]
[ 2.32842, "o", "地" ]
[ 2.48422, "o", "使" ]
[ 2.64062, "o", "用" ]
[ 2.69271, "o", " " ]
[ 2.74559, "o", "`" ]
[ 2.79741, "o", "r" ]
[ 2.84990, "o", "g" ]
[ 2.90226, "o", "`" ]
[ 2.95397, "o", " " ]
[ 3.11087, "o", "命" ]
[ 3.26667, "o", "令" ]
[ 3.31876, "o", "\u001b[?2004l\r\r\n\u001b[1m\u001b[7m#\u001b[27m\u001b[1m\u001b[0m                                                                                                   \r \r\r\u001b[0m\u001b[27m\u001b[24m\u001b[J\r\n\u001b[19491001\u001b[1;35m> \u001b[20210325\u001b[0m\u001b[K\u001b[?2004h" ]
[ 4.82210, "o", "x" ]
[ 4.87485, "o", "\bx " ]
[ 4.92736, "o", "r" ]
[ 4.97957, "o", "g" ]
[ 5.03166, "o", " " ]
[ 5.08374, "o", "-" ]
[ 5.13575, "o", "-" ]
[ 5.18747, "o", "v" ]
[ 5.23951, "o", "e" ]
[ 5.29123, "o", "r" ]
[ 5.34387, "o", "s" ]
[ 5.39575, "o", "i" ]
[ 5.44796, "o", "o" ]
[ 5.50007, "o", "n" ]
[ 5.75357, "o", "\u001b[?2004l\r\r\n" ]
[ 5.85508, "o", "ripgrep 13.0.0 (rev af6b6c543b)\r\n-SIMD -AVX (compiled)\r\n+SIMD +AVX (runtime)\r\n" ]
[ 5.85547, "o", "\u001b[1m\u001b[7m#\u001b[27m\u001b[1m\u001b[0m                                                                                                   \r \r\r\u001b[0m\u001b[27m\u001b[24m\u001b[J\r\n\u001b[19491001\u001b[1;35m> \u001b[20210325\u001b[0m" ]
[ 5.85560, "o", "\u001b[K\u001b[?2004h" ]
[ 6.75611, "o", "#" ]
[ 6.75627, "o", "\b# " ]
[ 6.86063, "o", "使" ]
[ 7.01721, "o", "用" ]
[ 7.06911, "o", " " ]
[ 7.12152, "o", "`" ]
[ 7.17346, "o", "x" ]
[ 7.22594, "o", " " ]
[ 7.27855, "o", "e" ]
[ 7.33093, "o", "n" ]
[ 7.38282, "o", "v" ]
[ 7.43600, "o", " " ]
[ 7.48820, "o", "u" ]
[ 7.54019, "o", "s" ]
[ 7.59232, "o", "e" ]
[ 7.64393, "o", "`" ]
[ 7.69586, "o", " " ]
[ 7.85129, "o", "能" ]
[ 8.00667, "o", "自" ]
[ 8.16341, "o", "动" ]
[ 8.31999, "o", "安" ]
[ 8.47601, "o", "装" ]
[ 8.63233, "o", "并" ]
[ 8.78870, "o", "配" ]
[ 8.94369, "o", "置" ]
[ 9.10061, "o", "好" ]
[ 9.25746, "o", "相" ]
[ 9.41295, "o", "应" ]
[ 9.56985, "o", "的" ]
[ 9.72591, "o", "全" ]
[ 9.88146, "o", "局" ]
[ 10.03874, "o", "环" ]
[ 10.19471, "o", "境" ]
[ 10.35076, "o", "变" ]
[ 10.50793, "o", "量" ]
[ 10.55995, "o", "\u001b[?2004l\r\r\n" ]
[ 10.56015, "o", "\u001b[1m\u001b[7m#\u001b[27m\u001b[1m\u001b[0m                                                                                                   \r \r\r\u001b[0m\u001b[27m\u001b[24m\u001b[J\r\n\u001b[19491001\u001b[1;35m> \u001b[20210325\u001b[0m\u001b[K\u001b[?2004h" ]
[ 12.06360, "o", "x" ]
[ 12.11580, "o", "\bx " ]
[ 12.16751, "o", "e" ]
[ 12.21986, "o", "n" ]
[ 12.27182, "o", "v" ]
[ 12.32387, "o", " " ]
[ 12.37564, "o", "u" ]
[ 12.42823, "o", "s" ]
[ 12.48021, "o", "e" ]
[ 12.53260, "o", " " ]
[ 12.58510, "o", "r" ]
[ 12.63716, "o", "g" ]
[ 12.89084, "o", "\u001b[?2004l\r\r\n" ]
[ 13.03404, "o", "- \u001b[32mI\u001b[0m\u001b[32m|pkg: \u001b[0mSuccessfully set link from path \u001b[0m\r\n" ]
[ 13.05916, "o", "- \u001b[32mI\u001b[0m\u001b[32m|env: \u001b[0mSuccessfully set rg=v0.0.1 in the current environment.\u001b[0m\r\n" ]
[ 13.12959, "o", "- \u001b[32mI\u001b[0m\u001b[32m|env: \u001b[0mConfig file updated to /root/.x-cmd.root/local/data/env/version\u001b[0m\r\n" ]
[ 13.12984, "o", "\u001b[1m\u001b[7m#\u001b[27m\u001b[1m\u001b[0m                                                                                                   \r \r\r\u001b[0m\u001b[27m\u001b[24m\u001b[J\r\n\u001b[19491001\u001b[1;35m> \u001b[20210325\u001b[0m\u001b[K\u001b[?2004h" ]
[ 13.89327, "o", "#\b# " ]
[ 13.99659, "o", "在" ]
[ 14.15335, "o", "当" ]
[ 14.30940, "o", "前" ]
[ 14.46457, "o", "目" ]
[ 14.62007, "o", "录" ]
[ 14.77569, "o", "下" ]
[ 14.93096, "o", "查" ]
[ 15.08654, "o", "找" ]
[ 15.24232, "o", "包" ]
[ 15.39814, "o", "含" ]
[ 15.44997, "o", " " ]
[ 15.50241, "o", "i" ]
[ 15.55430, "o", "m" ]
[ 15.60641, "o", "a" ]
[ 15.65814, "o", "g" ]
[ 15.70980, "o", "e" ]
[ 15.76214, "o", "t" ]
[ 15.81399, "o", "e" ]
[ 15.86646, "o", "x" ]
[ 15.91844, "o", "t" ]
[ 15.97076, "o", " " ]
[ 16.12657, "o", "的" ]
[ 16.28257, "o", "所" ]
[ 16.43808, "o", "有" ]
[ 16.59425, "o", "条" ]
[ 16.75009, "o", "目" ]
[ 16.80267, "o", "\u001b[?2004l\r\r\n\u001b[1m\u001b[7m#\u001b[27m\u001b[1m\u001b[0m                                                                                                   \r \r" ]
[ 16.80289, "o", "\r\u001b[0m\u001b[27m\u001b[24m\u001b[J\r\n\u001b[19491001\u001b[1;35m> \u001b[20210325\u001b[0m\u001b[K\u001b[?2004h" ]
[ 18.30673, "o", "x" ]
[ 18.35884, "o", "\bx " ]
[ 18.41075, "o", "r" ]
[ 18.46280, "o", "g" ]
[ 18.51496, "o", " " ]
[ 18.56769, "o", "i" ]
[ 18.61989, "o", "m" ]
[ 18.67245, "o", "a" ]
[ 18.72500, "o", "g" ]
[ 18.77656, "o", "e" ]
[ 18.82885, "o", "t" ]
[ 18.88072, "o", "e" ]
[ 18.93286, "o", "x" ]
[ 18.98522, "o", "t" ]
[ 19.23875, "o", "\u001b[?2004l\r\r\n" ]
[ 19.24305, "o", "\u001b[0m\u001b[35madv/slack/advise.jso\u001b[0m\r\n\u001b[0m\u001b[32m873\u001b[0m:\"\u001b[0m\u001b[1m\u001b[31mimagetext\u001b[0m\"\r\n\u001b[0m\u001b[32m886\u001b[0m:\"send \u001b[0m\u001b[1m\u001b[31mimagetext\u001b[0m\"\r\n\u001b[0m\u001b[32m1918\u001b[0m:\"\u001b[0m\u001b[1m\u001b[31mimagetext\u001b[0m\"\r\n\u001b[0m\u001b[32m1931\u001b[0m:\"send \u001b[0m\u001b[1m\u001b[31mimagetext\u001b[0m\"\r\n" ]
[ 19.24416, "o", "\r\n\u001b[0m\u001b[35mmod/slack/lib/bot\u001b[0m\r\n\u001b[0m\u001b[32m38\u001b[0m:        \u001b[0m\u001b[1m\u001b[31mimagetext\u001b[0m        \"send \u001b[0m\u001b[1m\u001b[31mimagetext\u001b[0m\"      \r\n\u001b[0m\u001b[32m137\u001b[0m:___x_cmd_slack_bot_send_\u001b[0m\u001b[1m\u001b[31mimagetext\u001b[0m() {\r\n" ]
[ 19.25328, "o", "\u001b[1m\u001b[7m#\u001b[27m\u001b[1m\u001b[0m                                                                                                   \r \r\r\u001b[0m\u001b[27m\u001b[24m\u001b[J\r\n\u001b[19491001\u001b[1;35m> \u001b[20210325\u001b[0m\u001b[K\u001b[?2004h" ]
[ 21.24098, "o", "#" ]
[ 21.24112, "o", "\b# " ]
[ 21.34447, "o", "把" ]
[ 21.50034, "o", "匹" ]
[ 21.65643, "o", "配" ]
[ 21.81264, "o", "项" ]
[ 21.86475, "o", " " ]
[ 21.91712, "o", "`" ]
[ 21.96898, "o", "x" ]
[ 22.02098, "o", "-" ]
[ 22.07260, "o", "c" ]
[ 22.12507, "o", "m" ]
[ 22.17689, "o", "d" ]
[ 22.22913, "o", "`" ]
[ 22.28122, "o", " " ]
[ 22.43723, "o", "替" ]
[ 22.59391, "o", "换" ]
[ 22.74970, "o", "为" ]
[ 22.80168, "o", " " ]
[ 22.85391, "o", "`" ]
[ 22.90586, "o", "X" ]
[ 22.95824, "o", "-" ]
[ 23.00994, "o", "C" ]
[ 23.06255, "o", "M" ]
[ 23.11446, "o", "D" ]
[ 23.16649, "o", "`" ]
[ 23.21867, "o", "\u001b[?2004l\r\r\n" ]
[ 23.21884, "o", "\u001b[1m\u001b[7m#\u001b[27m\u001b[1m\u001b[0m                                                                                                   \r \r\r\u001b[0m\u001b[27m\u001b[24m\u001b[J\r\n\u001b[19491001\u001b[1;35m> \u001b[20210325\u001b[0m\u001b[K\u001b[?2004h" ]
[ 24.72302, "o", "r" ]
[ 24.77484, "o", "\brg" ]
[ 24.82744, "o", " " ]
[ 24.87944, "o", "x" ]
[ 24.93239, "o", "-" ]
[ 24.98473, "o", "c" ]
[ 25.03670, "o", "m" ]
[ 25.08903, "o", "d" ]
[ 25.14098, "o", " " ]
[ 25.19309, "o", "-" ]
[ 25.24484, "o", "t" ]
[ 25.29729, "o", "m" ]
[ 25.34949, "o", "d" ]
[ 25.40169, "o", " " ]
[ 25.45431, "o", "-" ]
[ 25.50626, "o", "-" ]
[ 25.55891, "o", "r" ]
[ 25.61064, "o", "e" ]
[ 25.66335, "o", "p" ]
[ 25.71535, "o", "l" ]
[ 25.76790, "o", "a" ]
[ 25.82048, "o", "c" ]
[ 25.87245, "o", "e" ]
[ 25.92453, "o", " " ]
[ 25.97610, "o", "X" ]
[ 26.02866, "o", "-" ]
