{"version":2,"width":100,"height":26,"timestamp":1690532068,"env":{"SHELL":"","TERM":"xterm"}}
[ 0.00000, "o", "" ]
[ 0.13851, "o", "\u001b[19491001\u001b[1;35m> \u001b[20210325\u001b[0m\u001b[K" ]
[ 0.13865, "o", "\u001b[?2004h" ]
[ 0.41725, "o", "#" ]
[ 0.41744, "o", "\b# " ]
[ 0.52127, "o", "使" ]
[ 0.67621, "o", "用" ]
[ 0.72790, "o", " " ]
[ 0.77989, "o", "`" ]
[ 0.83148, "o", "x" ]
[ 0.88389, "o", " " ]
[ 0.93545, "o", "s" ]
[ 0.98756, "o", "d" ]
[ 1.03917, "o", "`" ]
[ 1.09124, "o", " " ]
[ 1.24618, "o", "命" ]
[ 1.40199, "o", "令" ]
[ 1.55678, "o", "格" ]
[ 1.71201, "o", "式" ]
[ 1.86736, "o", "能" ]
[ 2.02283, "o", "快" ]
[ 2.17772, "o", "捷" ]
[ 2.33294, "o", "地" ]
[ 2.48904, "o", "使" ]
[ 2.64463, "o", "用" ]
[ 2.69680, "o", " " ]
[ 2.74879, "o", "`" ]
[ 2.80070, "o", "s" ]
[ 2.85207, "o", "d" ]
[ 2.90410, "o", "`" ]
[ 2.95581, "o", " " ]
[ 3.11103, "o", "命" ]
[ 3.26699, "o", "令" ]
[ 3.31861, "o", "\u001b[?2004l\r\r\n" ]
[ 3.31875, "o", "\u001b[1m\u001b[7m#\u001b[27m\u001b[1m\u001b[0m                                                                                                   \r \r\r\u001b[0m\u001b[27m\u001b[24m\u001b[J\r\n\u001b[19491001\u001b[1;35m> \u001b[20210325\u001b[0m\u001b[K\u001b[?2004h" ]
[ 4.82242, "o", "x" ]
[ 4.87410, "o", "\bx " ]
[ 4.92583, "o", "s" ]
[ 4.97735, "o", "d" ]
[ 5.02954, "o", " " ]
[ 5.08105, "o", "-" ]
[ 5.13271, "o", "-" ]
[ 5.18428, "o", "v" ]
[ 5.23648, "o", "e" ]
[ 5.28839, "o", "r" ]
[ 5.33993, "o", "s" ]
[ 5.39237, "o", "i" ]
[ 5.44421, "o", "o" ]
[ 5.49604, "o", "n" ]
[ 5.74995, "o", "\u001b[?2004l\r\r\n" ]
[ 5.81893, "o", "sd 0.7.6\r\n" ]
[ 5.81923, "o", "\u001b[1m\u001b[7m#\u001b[27m\u001b[1m\u001b[0m                                                                                                   \r \r" ]
[ 5.81940, "o", "\r\u001b[0m\u001b[27m\u001b[24m\u001b[J\r\n\u001b[19491001\u001b[1;35m> \u001b[20210325\u001b[0m\u001b[K\u001b[?2004h" ]
[ 6.75171, "o", "#" ]
[ 6.75189, "o", "\b# " ]
[ 6.85488, "o", "使" ]
[ 7.01016, "o", "用" ]
[ 7.06201, "o", " " ]
[ 7.11361, "o", "`" ]
[ 7.16562, "o", "x" ]
[ 7.21705, "o", " " ]
[ 7.26967, "o", "e" ]
[ 7.32107, "o", "n" ]
[ 7.37346, "o", "v" ]
[ 7.42517, "o", " " ]
[ 7.47712, "o", "u" ]
[ 7.52908, "o", "s" ]
[ 7.58106, "o", "e" ]
[ 7.63316, "o", "`" ]
[ 7.68471, "o", " " ]
[ 7.83972, "o", "能" ]
[ 7.99538, "o", "自" ]
[ 8.15042, "o", "动" ]
[ 8.30565, "o", "安" ]
[ 8.46059, "o", "装" ]
[ 8.61552, "o", "并" ]
[ 8.77106, "o", "配" ]
[ 8.92654, "o", "置" ]
[ 9.08180, "o", "好" ]
[ 9.23700, "o", "相" ]
[ 9.39197, "o", "应" ]
[ 9.54738, "o", "的" ]
[ 9.70226, "o", "全" ]
[ 9.85797, "o", "局" ]
[ 10.01380, "o", "环" ]
[ 10.16839, "o", "境" ]
[ 10.32425, "o", "变" ]
[ 10.47982, "o", "量" ]
[ 10.53149, "o", "\u001b[?2004l\r\r\n" ]
[ 10.53160, "o", "\u001b[1m\u001b[7m#\u001b[27m\u001b[1m\u001b[0m                                                                                                   \r \r\r\u001b[0m\u001b[27m\u001b[24m\u001b[J\r\n\u001b[19491001\u001b[1;35m> \u001b[20210325\u001b[0m\u001b[K\u001b[?2004h" ]
[ 12.03479, "o", "x" ]
[ 12.08659, "o", "\bx " ]
[ 12.13804, "o", "e" ]
[ 12.18981, "o", "n" ]
[ 12.24167, "o", "v" ]
[ 12.29346, "o", " " ]
[ 12.34536, "o", "u" ]
[ 12.39691, "o", "s" ]
[ 12.44897, "o", "e" ]
[ 12.50098, "o", " " ]
[ 12.55253, "o", "s" ]
[ 12.60464, "o", "d" ]
[ 12.85820, "o", "\u001b[?2004l\r\r\n" ]
[ 12.96339, "o", "- \u001b[32mI\u001b[0m\u001b[32m|pkg: \u001b[0mSuccessfully set link from path \u001b[0m\r\n" ]
[ 12.98454, "o", "- \u001b[32mI\u001b[0m\u001b[32m|env: \u001b[0mSuccessfully set sd=v0.7.6 in the current environment.\u001b[0m\r\n" ]
[ 13.04079, "o", "- \u001b[32mI\u001b[0m\u001b[32m|env: \u001b[0mConfig file updated to /root/.x-cmd.root/local/data/env/version\u001b[0m\r\n" ]
[ 13.04136, "o", "\u001b[1m\u001b[7m#\u001b[27m\u001b[1m\u001b[0m                                                                                                   \r \r\r\u001b[0m\u001b[27m\u001b[24m\u001b[J\r\n\u001b[19491001\u001b[1;35m> \u001b[20210325\u001b[0m\u001b[K\u001b[?2004h" ]
[ 13.86020, "o", "#" ]
[ 13.86034, "o", "\b# " ]
[ 13.96428, "o", "从" ]
[ 14.01610, "o", " " ]
[ 14.06789, "o", "s" ]
[ 14.12020, "o", "t" ]
[ 14.17205, "o", "d" ]
[ 14.22412, "o", "i" ]
[ 14.27626, "o", "n" ]
[ 14.32816, "o", " " ]
[ 14.48318, "o", "中" ]
[ 14.63806, "o", "获" ]
[ 14.79393, "o", "取" ]
[ 14.94923, "o", "数" ]
[ 15.10376, "o", "据" ]
[ 15.25940, "o", "并" ]
[ 15.41495, "o", "将" ]
[ 15.57011, "o", "其" ]
[ 15.72530, "o", "中" ]
[ 15.88106, "o", "的" ]
[ 16.03655, "o", "逗" ]
[ 16.19152, "o", "号" ]
[ 16.34644, "o", "替" ]
[ 16.50146, "o", "换" ]
[ 16.65676, "o", "为" ]
[ 16.81224, "o", "换" ]
[ 16.96720, "o", "行" ]
[ 17.12181, "o", "符" ]
[ 17.17396, "o", "\u001b[?2004l\r\r\n\u001b[1m\u001b[7m#\u001b[27m\u001b[1m\u001b[0m                                                                                                   \r \r" ]
[ 17.17418, "o", "\r\u001b[0m\u001b[27m\u001b[24m\u001b[J\r\n\u001b[19491001\u001b[1;35m> \u001b[20210325\u001b[0m\u001b[K\u001b[?2004h" ]
[ 18.67753, "o", "e" ]
[ 18.72981, "o", "\bec" ]
[ 18.78126, "o", "h" ]
[ 18.83375, "o", "o" ]
[ 18.88556, "o", " " ]
[ 18.93746, "o", "'" ]
[ 18.98940, "o", "b" ]
[ 19.04098, "o", "e" ]
[ 19.09274, "o", "f" ]
[ 19.14414, "o", "o" ]
[ 19.19614, "o", "r" ]
[ 19.24766, "o", "e" ]
[ 19.29905, "o", "," ]
[ 19.35064, "o", " " ]
[ 19.40260, "o", "a" ]
[ 19.45487, "o", "f" ]
[ 19.50631, "o", "t" ]
[ 19.55791, "o", "e" ]
[ 19.60968, "o", "r" ]
[ 19.66176, "o", "'" ]
[ 19.71383, "o", " " ]
[ 19.76587, "o", "|" ]
[ 19.81791, "o", " " ]
[ 19.86975, "o", "s" ]
[ 19.92180, "o", "d" ]
[ 19.97354, "o", " " ]
[ 20.02675, "o", "'" ]
[ 20.07917, "o", "," ]
[ 20.13164, "o", "'" ]
[ 20.18308, "o", " " ]
[ 20.23482, "o", "'" ]
[ 20.28650, "o", "\\" ]
[ 20.33815, "o", "n" ]
[ 20.39006, "o", "'" ]
[ 20.64364, "o", "\u001b[?2004l\r\r\n" ]
[ 20.64499, "o", "before\r\n after\r\n" ]
[ 20.64515, "o", "\u001b[1m\u001b[7m#\u001b[27m\u001b[1m\u001b[0m                                                                                                   \r \r" ]
[ 20.64532, "o", "\r\u001b[0m\u001b[27m\u001b[24m\u001b[J\r\n\u001b[19491001\u001b[1;35m> \u001b[20210325\u001b[0m\u001b[K\u001b[?2004h" ]
[ 23.64539, "o", "#\b# " ]
[ 23.74872, "o", "从" ]
[ 23.90486, "o", "包" ]
[ 24.06009, "o", "含" ]
[ 24.21509, "o", "斜" ]
[ 24.37026, "o", "杠" ]
[ 24.52533, "o", "的" ]
[ 24.68094, "o", "字" ]
[ 24.83718, "o", "符" ]
[ 24.99328, "o", "串" ]
[ 25.14753, "o", "中" ]
[ 25.30252, "o", "提" ]
[ 25.45818, "o", "取" ]
[ 25.61295, "o", "内" ]
[ 25.76839, "o", "容" ]
[ 25.82055, "o", "\u001b[?2004l\r\r\n\u001b[1m\u001b[7m#\u001b[27m\u001b[1m\u001b[0m                                                                                                   \r \r\r\u001b[0m\u001b[27m\u001b[24m\u001b[J\r\n\u001b[19491001\u001b[1;35m> \u001b[20210325\u001b[0m\u001b[K\u001b[?2004h" ]
[ 28.32483, "o", "e" ]
[ 28.37664, "o", "\bec" ]
[ 28.42856, "o", "h" ]
[ 28.48000, "o", "o" ]
[ 28.53168, "o", " " ]
[ 28.58370, "o", "\"" ]
[ 28.63570, "o", "s" ]
[ 28.68802, "o", "a" ]
[ 28.74021, "o", "m" ]
[ 28.79201, "o", "p" ]
[ 28.84350, "o", "l" ]
[ 28.89551, "o", "e" ]
[ 28.94696, "o", " " ]
[ 28.99857, "o", "w" ]
[ 29.05032, "o", "i" ]
[ 29.10213, "o", "t" ]
[ 29.15385, "o", "h" ]
[ 29.20547, "o", " " ]
[ 29.25734, "o", "/" ]
[ 29.30903, "o", "p" ]
[ 29.36094, "o", "a" ]
[ 29.41238, "o", "t" ]
[ 29.46472, "o", "h" ]
[ 29.51623, "o", "/" ]
[ 29.56823, "o", "\"" ]
[ 29.62027, "o", " " ]
[ 29.67185, "o", "|" ]
[ 29.72383, "o", " " ]
[ 29.77536, "o", "s" ]
[ 29.82722, "o", "d" ]
[ 29.87871, "o", " " ]
[ 29.93043, "o", "'" ]
[ 29.98258, "o", "." ]
[ 30.03444, "o", "*" ]
[ 30.08599, "o", "(" ]
[ 30.13771, "o", "/" ]
[ 30.19001, "o", "." ]
[ 30.24162, "o", "*" ]
[ 30.29305, "o", "/" ]
[ 30.34507, "o", ")" ]
[ 30.39709, "o", "'" ]
[ 30.44889, "o", " " ]
[ 30.50080, "o", "'" ]
[ 30.55242, "o", "$" ]
[ 30.60421, "o", "1" ]
[ 30.65608, "o", "'" ]
[ 30.90979, "o", "\u001b[?2004l\r\r\n" ]
[ 30.91124, "o", "/path/\r\n" ]
