{"version":2,"width":100,"height":26,"timestamp":1689069216,"env":{"SHELL":"","TERM":"xterm"}}
[ 0.00000, "o", "" ]
[ 0.12155, "o", "\u001b[19491001\u001b[1;35m> \u001b[20210325\u001b[0m" ]
[ 0.49324, "o", "# " ]
[ 0.59671, "o", "使" ]
[ 0.75195, "o", "用" ]
[ 0.80390, "o", " " ]
[ 0.85655, "o", "`" ]
[ 0.90931, "o", "x" ]
[ 0.96152, "o", " " ]
[ 1.01328, "o", "s" ]
[ 1.06515, "o", "h" ]
[ 1.11689, "o", "t" ]
[ 1.16864, "o", "r" ]
[ 1.22129, "o", "i" ]
[ 1.27359, "o", "s" ]
[ 1.32595, "o", "`" ]
[ 1.37832, "o", " " ]
[ 1.53379, "o", "命" ]
[ 1.69002, "o", "令" ]
[ 1.84542, "o", "格" ]
[ 2.00106, "o", "式" ]
[ 2.15742, "o", "能" ]
[ 2.31258, "o", "快" ]
[ 2.46788, "o", "捷" ]
[ 2.62342, "o", "地" ]
[ 2.77895, "o", "使" ]
[ 2.93483, "o", "用" ]
[ 2.98670, "o", " " ]
[ 3.03821, "o", "`" ]
[ 3.09033, "o", "s" ]
[ 3.14256, "o", "h" ]
[ 3.19437, "o", "t" ]
[ 3.24621, "o", "r" ]
[ 3.29794, "o", "i" ]
[ 3.35050, "o", "s" ]
[ 3.40209, "o", "`" ]
[ 3.45370, "o", " " ]
[ 3.60906, "o", "命" ]
[ 3.76466, "o", "令" ]
[ 3.81686, "o", "\r\n\u001b[?2004l\r\u001b[?2004h\r\n\u001b[19491001\u001b[1;35m> \u001b[20210325\u001b[0m" ]
[ 3.81688, "o", "x" ]
[ 3.86936, "o", " " ]
[ 3.92163, "o", "s" ]
[ 3.97381, "o", "h" ]
[ 4.02568, "o", "t" ]
[ 4.07772, "o", "r" ]
[ 4.12948, "o", "i" ]
[ 4.18125, "o", "s" ]
[ 4.23317, "o", " " ]
[ 4.28529, "o", "-" ]
[ 4.33722, "o", "-" ]
[ 4.38918, "o", "v" ]
[ 4.44096, "o", "e" ]
[ 4.49251, "o", "r" ]
[ 4.54446, "o", "s" ]
[ 4.59609, "o", "i" ]
[ 4.64862, "o", "o" ]
[ 4.70100, "o", "n" ]
[ 4.95452, "o", "\r\n\u001b[?2004l\r" ]
[ 5.06239, "o", "3.0.0\r\n" ]
[ 5.06279, "o", "\u001b[?2004h\r\n\u001b[19491001\u001b[1;35m> \u001b[20210325\u001b[0m" ]
[ 6.95648, "o", "# " ]
[ 7.06128, "o", "使" ]
[ 7.21632, "o", "用" ]
[ 7.26840, "o", " " ]
[ 7.32054, "o", "`" ]
[ 7.37261, "o", "x" ]
[ 7.42431, "o", " " ]
[ 7.47688, "o", "e" ]
[ 7.52902, "o", "n" ]
[ 7.58158, "o", "v" ]
[ 7.63387, "o", " " ]
[ 7.68570, "o", "u" ]
[ 7.73798, "o", "s" ]
[ 7.78974, "o", "e" ]
[ 7.84143, "o", "`" ]
[ 7.89349, "o", " " ]
[ 8.05003, "o", "能" ]
[ 8.20566, "o", "自" ]
[ 8.36162, "o", "动" ]
[ 8.51739, "o", "安" ]
[ 8.67240, "o", "装" ]
[ 8.82833, "o", "并" ]
[ 8.98330, "o", "配" ]
[ 9.13846, "o", "置" ]
[ 9.29504, "o", "好" ]
[ 9.45035, "o", "相" ]
[ 9.60565, "o", "应" ]
[ 9.76141, "o", "的" ]
[ 9.91687, "o", "全" ]
[ 10.07335, "o", "局" ]
[ 10.23009, "o", "环" ]
[ 10.38758, "o", "境" ]
[ 10.54318, "o", "变" ]
[ 10.69926, "o", "量" ]
[ 10.75146, "o", "\r\n\u001b[?2004l\rx" ]
[ 10.75147, "o", "\u001b[?2004h\r\n" ]
[ 10.75150, "o", "\u001b[19491001\u001b[1;35m> \u001b[20210325\u001b[0m" ]
[ 10.75151, "o", "x" ]
[ 10.80364, "o", " " ]
[ 10.85544, "o", "e" ]
[ 10.90771, "o", "n" ]
[ 10.95989, "o", "v" ]
[ 11.01155, "o", " " ]
[ 11.06350, "o", "u" ]
[ 11.11533, "o", "s" ]
[ 11.16728, "o", "e" ]
[ 11.21899, "o", " " ]
[ 11.27152, "o", "s" ]
[ 11.32336, "o", "h" ]
[ 11.37539, "o", "t" ]
[ 11.42743, "o", "r" ]
[ 11.47937, "o", "i" ]
[ 11.53160, "o", "s" ]
[ 11.78544, "o", "\r\n\u001b[?2004l\r" ]
[ 11.93585, "o", "- \u001b[32mI\u001b[0m\u001b[32m|pkg: \u001b[0mSuccessfully set link from path \u001b[0m\r\n" ]
[ 11.95837, "o", "- \u001b[32mI\u001b[0m\u001b[32m|env: \u001b[0mSuccessfully set shtris=3.0.0 in the current environment.\u001b[0m\r\n" ]
[ 12.02803, "o", "- \u001b[32mI\u001b[0m\u001b[32m|env: \u001b[0mConfig file updated to /root/.x-cmd.root/local/data/env/version\u001b[0m\r\n" ]
[ 12.02828, "o", "\u001b[?2004h\r\n" ]
[ 12.02941, "o", "\u001b[19491001\u001b[1;35m> \u001b[20210325\u001b[0m" ]
[ 13.78747, "o", "# " ]
[ 13.89167, "o", "启" ]
[ 14.04874, "o", "动" ]
[ 14.20504, "o", "游" ]
[ 14.36098, "o", "戏" ]
[ 14.41273, "o", "\r\n\u001b[?2004l\r" ]
[ 14.41287, "o", "\u001b[?2004h\r\n\u001b[19491001\u001b[1;35m> \u001b[20210325\u001b[0m" ]
[ 15.41487, "o", "s" ]
[ 15.46675, "o", "h" ]
[ 15.51892, "o", "t" ]
[ 15.57090, "o", "r" ]
[ 15.62317, "o", "i" ]
[ 15.67550, "o", "s" ]
[ 16.72919, "o", "\r\n\u001b[?2004l\r" ]
[ 16.73853, "o", "\u001b[?25l\u001b[2J\u001b[24H\u001b7" ]
[ 16.78189, "o", "\u001b[H\u001b[2J\u001b[1m\u001b[38;5;220;49m\u001b[8;52HMove Left       ←\u001b[9;52HMove Right      →\u001b[10;52HRotate Left     z\u001b[11;52HRotate Right    x, ↑\u001b[12;52HHold            c\u001b[13;52HSoft Drop       ↓\u001b[14;52HHard Drop       Space\u001b[15;52H \u001b[16;52HPause / Resume  TAB, F1\u001b[17;52HRefresh Screen  R\u001b[18;52HToggle Color    C\u001b[19;52HToggle Beep     B\u001b[20;52HToggle Help     H\u001b[21;52HQuit            Q, ESCx2\u001b[m\u001b[38;5;39;48;5;39m\u001b[3;41H[]\u001b[3;43H[]\u001b[3;45H[]\u001b[3;47H[]\u001b[38;5;208;48;5;208m\u001b[5;45H[]\u001b[6;41H[]\u001b[6;43H[]\u001b[6;45H[]\u001b[38;5;70;48;5;70m\u001b[8;43H[]\u001b[8;45H[]\u001b[9;41H[]\u001b[9;43H[]\u001b[38;5;220;48;5;220m\u001b[11;43H[]\u001b[11;45H[]\u001b[12;43H[]\u001b[12;45H[]\u001b[38;5;90;48;5;90m\u001b[14;43H[]\u001b[15;41H[]\u001b[15;43H[]\u001b[15;45H[]\u001b[38;5;160;48;5;160m\u001b[17;41H[]\u001b[17;43H[]\u001b[18;43H[]\u001b[18;45H[]\u001b[38;5;25;48;5;25m\u001b[20;41H[]\u001b[21;41H[]\u001b[21;43H[]\u001b[21;45H[]\u001b[m\u001b[1m\u001b[38;5;70;49m\u001b[6;3H│SCORE:\u001b[7;3H│\u001b[8;3H│\u001b[9;3H│LINES\u001b[10;3H│LEVEL\u001b[11;3H│GOAL\u001b[m\u001b[1m\u001b[38;5;70;49m\u001b[7;4H0\u001b[9;11H   0\u001b[10;11H   1\u001b[11;11H   5\u001b[m\u001b[1m\u001b[38;5;70;49m\u001b[13;3H             \u001b[14;3H             \u001b[15;3H             \u001b[16;3H             \u001b[17;3H             \u001b[18;3H             \u001b[m\u001b[1m\u001b[39;49m\u001b[2;17H│\u001b[2;38H│\u001b[3;17H│\u001b[3;38H│\u001b[4;17H│\u001b[4;38H│\u001b[5;17H│\u001b[5;38H│\u001b[6;17H│\u001b[6;38H│\u001b[7;17H│\u001b[7;38H│\u001b[8;17H│\u001b[8;38H│\u001b[9;17H│\u001b[9;38H│\u001b[10;17H│\u001b[10;38H│\u001b[11;17H│\u001b[11;38H│\u001b[12;17H│\u001b[12;38H│\u001b[13;17H│\u001b[13;38H│\u001b[14;17H│\u001b[14;38H│\u001b[15;17H│\u001b[15;38H│\u001b[16;17H│\u001b[16;38H│\u001b[17;17H│\u001b[17;38H│\u001b[18;17H│\u001b[18;38H│\u001b[19;17H│\u001b[19;38H│\u001b[20;17H│\u001b[20;38H│\u001b[21;17H│\u001b[21;38H│\u001b[1;18H──\u001b[22;18H──\u001b[1;20H──\u001b[22;20H──\u001b[1;22H──\u001b[22;22H──\u001b[1;24H──\u001b[22;24H──\u001b[1;26H──\u001b[22;26H──\u001b[1;28H──\u001b[22;28H──\u001b[1;30H──\u001b[22;30H──\u001b[1;32H──\u001b[22;32H──\u001b[1;34H──\u001b[22;34H──\u001b[1;36H──\u001b[22;36H──\u001b[1;17H┌\u001b[1;38H┐\u001b[22;17H└\u001b[22;38H┘\u001b[m\u001b[21;18H\u001b[39;49m . . . . . . . . . .\u001b[20;18H . . . . . . . . . .\u001b[19;18H . . . . . . . . . .\u001b[18;18H . . . . . . . . . .\u001b[17;18H . . . . . . . . . .\u001b[16;18H . . . . . . . . . .\u001b[15;18H . . . . . . . . . .\u001b[14;18H . . . . . . . . . .\u001b[13;18H . . . . . . . . . .\u001b[12;18H . . . . . . . . . .\u001b[11;18H . . . . . . . . . .\u001b[10;18H . . . . . . . . . .\u001b[9;18H . . . . . . . . . .\u001b[8;18H . . . . . . . . . .\u001b[7;18H . . . . . . . . . .\u001b[6;18H . . . . . . . . . .\u001b[5;18H . . . . . . . . . .\u001b[4;18H . . . . . . . . . .\u001b[3;18H . . . . . . . . . .\u001b[2;18H . . . . . . . . . .\u001b[m\u001b[11;25HREADY\r\n" ]
[ 17.78358, "o", "\u001b[12;27H3\r\n" ]
[ 18.78496, "o", "\u001b[12;27H2\r\n" ]
[ 19.78647, "o", "\u001b[12;27H1\r\n" ]
