{"version":2,"width":100,"height":26,"timestamp":1689067578,"env":{"SHELL":"","TERM":"xterm"}}
[ 0.00000, "o", "" ]
[ 0.10748, "o", "\u001b[19491001\u001b[1;35m> \u001b[20210325\u001b[0m\u001b[K\u001b[?2004h" ]
[ 0.39815, "o", "#\b# " ]
[ 0.50189, "o", "使" ]
[ 0.65724, "o", "用" ]
[ 0.70991, "o", " " ]
[ 0.76217, "o", "`" ]
[ 0.81424, "o", "x" ]
[ 0.86663, "o", " " ]
[ 0.91835, "o", "s" ]
[ 0.97049, "o", "k" ]
[ 1.02209, "o", "a" ]
[ 1.07411, "o", "t" ]
[ 1.12664, "o", "e" ]
[ 1.17877, "o", "`" ]
[ 1.23082, "o", " " ]
[ 1.38620, "o", "命" ]
[ 1.54165, "o", "令" ]
[ 1.69806, "o", "格" ]
[ 1.85362, "o", "式" ]
[ 2.00941, "o", "能" ]
[ 2.16552, "o", "快" ]
[ 2.32056, "o", "捷" ]
[ 2.47708, "o", "地" ]
[ 2.63337, "o", "使" ]
[ 2.78872, "o", "用" ]
[ 2.84142, "o", " " ]
[ 2.89349, "o", "`" ]
[ 2.94572, "o", "s" ]
[ 2.99788, "o", "k" ]
[ 3.04965, "o", "a" ]
[ 3.10143, "o", "t" ]
[ 3.15297, "o", "e" ]
[ 3.20514, "o", "`" ]
[ 3.25676, "o", " " ]
[ 3.41317, "o", "命" ]
[ 3.56882, "o", "令" ]
[ 3.62066, "o", "\u001b[?2004l\r\r\n\u001b[1m\u001b[7m#\u001b[27m\u001b[1m\u001b[0m                                                                                                   \r \r" ]
[ 3.62081, "o", "\r\u001b[0m\u001b[27m\u001b[24m\u001b[J\r\n\u001b[19491001\u001b[1;35m> \u001b[20210325\u001b[0m\u001b[K\u001b[?2004h" ]
[ 4.40377, "o", "x" ]
[ 4.45591, "o", "\bx " ]
[ 4.50802, "o", "s" ]
[ 4.55967, "o", "k" ]
[ 4.61202, "o", "a" ]
[ 4.66443, "o", "t" ]
[ 4.71641, "o", "e" ]
[ 4.76824, "o", " " ]
[ 4.81977, "o", "-" ]
[ 4.87168, "o", "-" ]
[ 4.92390, "o", "v" ]
[ 4.97635, "o", "e" ]
[ 5.02815, "o", "r" ]
[ 5.08062, "o", "s" ]
[ 5.13302, "o", "i" ]
[ 5.18557, "o", "o" ]
[ 5.23753, "o", "n" ]
[ 5.49139, "o", "\u001b[?2004l\r\r\n" ]
[ 5.65490, "o", "\u001b]11;?\u001b\\\u001b[6n" ]
[ 5.66657, "o", "skate version v0.2.2 (b8e7bbc)\r\n" ]
[ 5.66738, "o", "\u001b[1m\u001b[7m#\u001b[27m\u001b[1m\u001b[0m                                                                                                   \r \r\r\u001b[0m\u001b[27m\u001b[24m\u001b[J\r\n\u001b[19491001\u001b[1;35m> \u001b[20210325\u001b[0m\u001b[K" ]
[ 5.66751, "o", "\u001b[?2004h" ]
[ 6.49334, "o", "#\b# " ]
[ 6.59694, "o", "使" ]
[ 6.75255, "o", "用" ]
[ 6.80436, "o", " " ]
[ 6.85682, "o", "`" ]
[ 6.90897, "o", "x" ]
[ 6.96109, "o", " " ]
[ 7.01319, "o", "e" ]
[ 7.06507, "o", "n" ]
[ 7.11704, "o", "v" ]
[ 7.16873, "o", " " ]
[ 7.22108, "o", "u" ]
[ 7.27311, "o", "s" ]
[ 7.32510, "o", "e" ]
[ 7.37676, "o", "`" ]
[ 7.42855, "o", " " ]
[ 7.58467, "o", "能" ]
[ 7.73984, "o", "自" ]
[ 7.89622, "o", "动" ]
[ 8.05174, "o", "安" ]
[ 8.20737, "o", "装" ]
[ 8.36351, "o", "并" ]
[ 8.51975, "o", "配" ]
[ 8.67542, "o", "置" ]
[ 8.83202, "o", "好" ]
[ 8.98770, "o", "相" ]
[ 9.14374, "o", "应" ]
[ 9.29973, "o", "的" ]
[ 9.45575, "o", "全" ]
[ 9.61212, "o", "局" ]
[ 9.76754, "o", "环" ]
[ 9.92316, "o", "境" ]
[ 10.08010, "o", "变" ]
[ 10.23555, "o", "量" ]
[ 10.28731, "o", "\u001b[?2004l\r\r\n" ]
[ 10.28759, "o", "\u001b[1m\u001b[7m#\u001b[27m\u001b[1m\u001b[0m                                                                                                   \r \r\r\u001b[0m\u001b[27m\u001b[24m\u001b[J\r\n\u001b[19491001\u001b[1;35m> \u001b[20210325\u001b[0m\u001b[K\u001b[?2004h" ]
[ 10.41460, "o", "x" ]
[ 10.46639, "o", "\bx " ]
[ 10.51851, "o", "e" ]
[ 10.57056, "o", "n" ]
[ 10.62263, "o", "v" ]
[ 10.67456, "o", " " ]
[ 10.72639, "o", "u" ]
[ 10.77834, "o", "s" ]
[ 10.83020, "o", "e" ]
[ 10.88219, "o", " " ]
[ 10.93399, "o", "s" ]
[ 10.98647, "o", "k" ]
[ 11.03894, "o", "a" ]
[ 11.09100, "o", "t" ]
[ 11.14302, "o", "e" ]
[ 11.39681, "o", "\u001b[?2004l\r\r\n" ]
[ 11.54006, "o", "- \u001b[32mI\u001b[0m\u001b[32m|pkg: \u001b[0mSuccessfully set link from path \u001b[0m\r\n" ]
[ 11.56424, "o", "- \u001b[32mI\u001b[0m\u001b[32m|env: \u001b[0mSuccessfully set skate=v0.2.2 in the current environment.\u001b[0m\r\n" ]
[ 11.63061, "o", "- \u001b[32mI\u001b[0m\u001b[32m|env: \u001b[0mConfig file updated to /root/.x-cmd.root/local/data/env/version\u001b[0m\r\n" ]
[ 11.63080, "o", "\u001b[1m\u001b[7m#\u001b[27m\u001b[1m\u001b[0m                                                                                                   \r \r\r\u001b[0m\u001b[27m\u001b[24m\u001b[J\r\n\u001b[19491001\u001b[1;35m> \u001b[20210325\u001b[0m\u001b[K\u001b[?2004h" ]
[ 12.41804, "o", "#\b# " ]
[ 12.52190, "o", "设" ]
[ 12.67719, "o", "置" ]
[ 12.83206, "o", "键" ]
[ 12.98806, "o", "值" ]
[ 13.14461, "o", "对" ]
[ 13.19657, "o", "\u001b[?2004l\r\r\n" ]
[ 13.19669, "o", "\u001b[1m\u001b[7m#\u001b[27m\u001b[1m\u001b[0m                                                                                                   \r \r\r\u001b[0m\u001b[27m\u001b[24m\u001b[J\r\n\u001b[19491001\u001b[1;35m> \u001b[20210325\u001b[0m\u001b[K\u001b[?2004h" ]
[ 13.41946, "o", "s" ]
[ 13.47162, "o", "\bsk" ]
[ 13.52354, "o", "a" ]
[ 13.57565, "o", "t" ]
[ 13.62764, "o", "e" ]
[ 13.67936, "o", " " ]
[ 13.73159, "o", "s" ]
[ 13.78351, "o", "e" ]
[ 13.83591, "o", "t" ]
[ 13.88767, "o", " " ]
[ 13.93943, "o", "p" ]
[ 13.99136, "o", "a" ]
[ 14.04286, "o", "s" ]
[ 14.09495, "o", "s" ]
[ 14.14734, "o", "w" ]
[ 14.19951, "o", "o" ]
[ 14.25118, "o", "r" ]
[ 14.30343, "o", "d" ]
[ 14.35510, "o", " " ]
[ 14.40727, "o", "1" ]
[ 14.45954, "o", "2" ]
[ 14.51180, "o", "3" ]
[ 14.56390, "o", "4" ]
[ 14.61582, "o", "5" ]
[ 14.66777, "o", "6" ]
[ 14.92156, "o", "\u001b[?2004l\r\r\n" ]
[ 14.92411, "o", "\u001b]11;?\u001b\\\u001b[6n" ]
[ 22.54729, "o", "\u001b[1m\u001b[7m#\u001b[27m\u001b[1m\u001b[0m                                                                                                   \r \r\r\u001b[0m\u001b[27m\u001b[24m\u001b[J\r\n\u001b[19491001\u001b[1;35m> \u001b[20210325\u001b[0m\u001b[K\u001b[?2004h" ]
[ 29.92385, "o", "#\b# " ]
[ 30.02805, "o", "列" ]
[ 30.18394, "o", "出" ]
[ 30.33919, "o", "键" ]
[ 30.49512, "o", "值" ]
[ 30.65108, "o", "对" ]
[ 30.70301, "o", "\u001b[?2004l\r\r\n" ]
[ 30.70305, "o", "\u001b[1m\u001b[7m#\u001b[27m\u001b[1m\u001b[0m                                                                                                   \r \r" ]
[ 30.70306, "o", "\r\u001b[0m\u001b[27m\u001b[24m\u001b[J\r\n\u001b[19491001\u001b[1;35m> \u001b[20210325\u001b[0m\u001b[K\u001b[?2004h" ]
[ 30.70316, "o", "s" ]
[ 30.75545, "o", "\bsk" ]
[ 30.80713, "o", "a" ]
[ 30.85917, "o", "t" ]
[ 30.91064, "o", "e" ]
[ 30.96267, "o", " " ]
[ 31.01425, "o", "l" ]
[ 31.06639, "o", "i" ]
[ 31.11891, "o", "s" ]
[ 31.17148, "o", "t" ]
[ 31.42547, "o", "\u001b[?2004l\r\r\n" ]
[ 31.42770, "o", "\u001b]11;?\u001b\\\u001b[6n" ]
[ 37.52105, "o", "password\t123456\r\n" ]
[ 37.52278, "o", "\u001b[1m\u001b[7m#\u001b[27m\u001b[1m\u001b[0m                                                                                                   \r \r" ]
[ 37.52297, "o", "\r\u001b[0m\u001b[27m\u001b[24m\u001b[J\r\n\u001b[19491001\u001b[1;35m> \u001b[20210325\u001b[0m\u001b[K\u001b[?2004h" ]
[ 41.42736, "o", "#" ]
[ 41.42754, "o", "\b# " ]
[ 41.53121, "o", "将" ]
[ 41.68807, "o", "数" ]
[ 41.84477, "o", "据" ]
[ 41.99987, "o", "存" ]
[ 42.15562, "o", "储" ]
[ 42.31256, "o", "到" ]
[ 42.46897, "o", "数" ]
[ 42.62551, "o", "据" ]
[ 42.78117, "o", "库" ]
[ 42.93700, "o", "中" ]
[ 42.98909, "o", "\u001b[?2004l\r\r\n\u001b[1m\u001b[7m#\u001b[27m\u001b[1m\u001b[0m                                                                                                   \r \r" ]
[ 42.98917, "o", "\r\u001b[0m\u001b[27m\u001b[24m\u001b[J\r\n\u001b[19491001\u001b[1;35m> \u001b[20210325\u001b[0m\u001b[K\u001b[?2004hs" ]
[ 43.04096, "o", "\bsk" ]
[ 43.09267, "o", "a" ]
[ 43.14505, "o", "t" ]
[ 43.19673, "o", "e" ]
[ 43.24886, "o", " " ]
[ 43.30076, "o", "s" ]
[ 43.35301, "o", "e" ]
[ 43.40505, "o", "t" ]
[ 43.45673, "o", " " ]
[ 43.50914, "o", "g" ]
[ 43.56074, "o", "i" ]
[ 43.61273, "o", "t" ]
[ 43.66452, "o", "h" ]
[ 43.71717, "o", "u" ]
[ 43.76887, "o", "b" ]
[ 43.82171, "o", "@" ]
[ 43.87389, "o", "p" ]
[ 43.92585, "o", "a" ]
[ 43.97823, "o", "s" ]
[ 44.03006, "o", "s" ]
