{"version":2,"width":100,"height":26,"timestamp":1689066213,"env":{"SHELL":"","TERM":"xterm"}}
[ 0.00000, "o", "" ]
[ 0.10455, "o", "\u001b[19491001\u001b[1;35m> \u001b[20210325\u001b[0m\u001b[K\u001b[?2004h" ]
[ 0.41504, "o", "#\b# " ]
[ 0.51945, "o", "使" ]
[ 0.67457, "o", "用" ]
[ 0.72632, "o", " " ]
[ 0.77833, "o", "`" ]
[ 0.83003, "o", "x" ]
[ 0.88198, "o", " " ]
[ 0.93349, "o", "s" ]
[ 0.98560, "o", "o" ]
[ 1.03736, "o", "c" ]
[ 1.08917, "o", "a" ]
[ 1.14137, "o", "t" ]
[ 1.19346, "o", "`" ]
[ 1.24553, "o", " " ]
[ 1.40151, "o", "命" ]
[ 1.55703, "o", "令" ]
[ 1.71216, "o", "格" ]
[ 1.86751, "o", "式" ]
[ 2.02308, "o", "能" ]
[ 2.17870, "o", "快" ]
[ 2.33425, "o", "捷" ]
[ 2.49018, "o", "地" ]
[ 2.64699, "o", "使" ]
[ 2.80228, "o", "用" ]
[ 2.85426, "o", " " ]
[ 2.90602, "o", "`" ]
[ 2.95808, "o", "s" ]
[ 3.00977, "o", "o" ]
[ 3.06187, "o", "c" ]
[ 3.11404, "o", "a" ]
[ 3.16625, "o", "t" ]
[ 3.21820, "o", "`" ]
[ 3.27012, "o", " " ]
[ 3.42568, "o", "命" ]
[ 3.58087, "o", "令" ]
[ 3.63249, "o", "\u001b[?2004l\r\r\n" ]
[ 3.63263, "o", "\u001b[1m\u001b[7m#\u001b[27m\u001b[1m\u001b[0m                                                                                                   \r \r\r\u001b[0m\u001b[27m\u001b[24m\u001b[J\r\n\u001b[19491001\u001b[1;35m> \u001b[20210325\u001b[0m\u001b[K\u001b[?2004h" ]
[ 4.63488, "o", "x" ]
[ 4.68658, "o", "\bx " ]
[ 4.73868, "o", "s" ]
[ 4.79027, "o", "o" ]
[ 4.84245, "o", "c" ]
[ 4.89474, "o", "a" ]
[ 4.94634, "o", "t" ]
[ 4.99792, "o", " " ]
[ 5.04973, "o", "-" ]
[ 5.10217, "o", "V" ]
[ 5.15370, "o", " " ]
[ 5.20620, "o", "|" ]
[ 5.25823, "o", " " ]
[ 5.30988, "o", "h" ]
[ 5.36178, "o", "e" ]
[ 5.41334, "o", "a" ]
[ 5.46608, "o", "d" ]
[ 5.51796, "o", " " ]
[ 5.57072, "o", "-" ]
[ 5.62240, "o", "n" ]
[ 5.67438, "o", " " ]
[ 5.72634, "o", "3" ]
[ 5.97949, "o", "\u001b[?2004l\r\r\n" ]
[ 6.07276, "o", "socat by Gerhard Rieger and contributors - see www.dest-unreach.org\r\nsocat version 1.7.4.4 on Jun  8 2023 11:23:01\r\n   running on Linux version #1 SMP Fri Jan 27 02:56:13 UTC 2023, release 5.15.90.1-microsoft-standard-WSL2, machine x86_64\r\n" ]
[ 6.07315, "o", "\u001b[1m\u001b[7m#\u001b[27m\u001b[1m\u001b[0m                                                                                                   \r \r\r\u001b[0m\u001b[27m\u001b[24m\u001b[J\r\n\u001b[19491001\u001b[1;35m> \u001b[20210325\u001b[0m\u001b[K\u001b[?2004h" ]
[ 6.98245, "o", "#\b# " ]
[ 7.08670, "o", "使" ]
[ 7.24283, "o", "用" ]
[ 7.29439, "o", " " ]
[ 7.34655, "o", "`" ]
[ 7.39821, "o", "x" ]
[ 7.45027, "o", " " ]
[ 7.50228, "o", "e" ]
[ 7.55387, "o", "n" ]
[ 7.60560, "o", "v" ]
[ 7.65736, "o", " " ]
[ 7.70979, "o", "u" ]
[ 7.76205, "o", "s" ]
[ 7.81499, "o", "e" ]
[ 7.86690, "o", "`" ]
[ 7.91932, "o", " " ]
[ 8.07551, "o", "能" ]
[ 8.23081, "o", "自" ]
[ 8.38690, "o", "动" ]
[ 8.54256, "o", "安" ]
[ 8.69762, "o", "装" ]
[ 8.85433, "o", "并" ]
[ 9.01052, "o", "配" ]
[ 9.16542, "o", "置" ]
[ 9.32233, "o", "好" ]
[ 9.47791, "o", "相" ]
[ 9.63283, "o", "应" ]
[ 9.78828, "o", "的" ]
[ 9.94528, "o", "全" ]
[ 10.10106, "o", "局" ]
[ 10.25637, "o", "环" ]
[ 10.41173, "o", "境" ]
[ 10.56775, "o", "变" ]
[ 10.72341, "o", "量" ]
[ 10.77510, "o", "\u001b[?2004l\r\r\n\u001b[1m\u001b[7m#\u001b[27m\u001b[1m\u001b[0m                                                                                                   \r \r\r\u001b[0m\u001b[27m\u001b[24m\u001b[J\r\n\u001b[19491001\u001b[1;35m> \u001b[20210325\u001b[0m\u001b[K\u001b[?2004h" ]
[ 11.77696, "o", "x" ]
[ 11.82935, "o", "\bx " ]
[ 11.88103, "o", "e" ]
[ 11.93297, "o", "n" ]
[ 11.98505, "o", "v" ]
[ 12.03688, "o", " " ]
[ 12.08915, "o", "u" ]
[ 12.14059, "o", "s" ]
[ 12.19223, "o", "e" ]
[ 12.24389, "o", " " ]
[ 12.29599, "o", "s" ]
[ 12.34787, "o", "o" ]
[ 12.39933, "o", "c" ]
[ 12.45124, "o", "a" ]
[ 12.50279, "o", "t" ]
[ 12.75732, "o", "\u001b[?2004l\r\r\n" ]
[ 12.88193, "o", "- \u001b[32mI\u001b[0m\u001b[32m|pkg: \u001b[0mSuccessfully set link from path \u001b[0m\r\n" ]
[ 12.90733, "o", "- \u001b[32mI\u001b[0m\u001b[32m|env: \u001b[0mSuccessfully set socat=v0.0.1 in the current environment.\u001b[0m\r\n" ]
[ 12.97498, "o", "- \u001b[32mI\u001b[0m\u001b[32m|env: \u001b[0mConfig file updated to /root/.x-cmd.root/local/data/env/version\u001b[0m\r\n" ]
[ 12.97569, "o", "\u001b[1m\u001b[7m#\u001b[27m\u001b[1m\u001b[0m                                                                                                   \r \r\r\u001b[0m\u001b[27m\u001b[24m\u001b[J\r\n\u001b[19491001\u001b[1;35m> \u001b[20210325\u001b[0m\u001b[K\u001b[?2004h" ]
[ 13.75979, "o", "#\b# " ]
[ 13.86385, "o", "启" ]
[ 14.01921, "o", "动" ]
[ 14.17575, "o", "一" ]
[ 14.33162, "o", "个" ]
[ 14.38339, "o", " " ]
[ 14.43513, "o", "t" ]
[ 14.48679, "o", "m" ]
[ 14.53971, "o", "u" ]
[ 14.59170, "o", "x" ]
[ 14.64383, "o", " " ]
[ 14.80000, "o", "窗" ]
[ 14.95593, "o", "口" ]
[ 15.00862, "o", "\u001b[?2004l\r\r\n\u001b[1m\u001b[7m#\u001b[27m\u001b[1m\u001b[0m                                                                                                   \r \r\r\u001b[0m\u001b[27m\u001b[24m\u001b[J\r\n\u001b[19491001\u001b[1;35m> \u001b[20210325\u001b[0m\u001b[K\u001b[?2004h" ]
[ 16.01063, "o", "x" ]
[ 16.06336, "o", "\bx " ]
[ 16.11528, "o", "t" ]
[ 16.16685, "o", "m" ]
[ 16.21881, "o", "u" ]
[ 16.27044, "o", "x" ]
[ 17.32379, "o", "\u001b[?2004l\r\r\n" ]
[ 17.42135, "o", "\u001b[?1049h\u001b[22;0;0t\u001b[?1h\u001b=\u001b[H\u001b[2J\u001b[?12l\u001b[?25h\u001b[?1000l\u001b[?1002l\u001b[?1003l\u001b[?1006l\u001b[?1005l\u001b(B\u001b[m\u001b[?12l\u001b[?25h\u001b[?1006l\u001b[?1000l\u001b[?1002l\u001b[?1003l\u001b[?2004l\u001b[1;1H\u001b[1;26r\u001b[>c\u001b[>q\u001b[1;1H" ]
[ 17.42159, "o", "\u001b[?25l\u001b[K\r\n\u001b[K\r\n\u001b[K\r\n\u001b[K\r\n\u001b[K\r\n\u001b[K\r\n\u001b[K\r\n\u001b[K\r\n\u001b[K\r\n\u001b[K\r\n\u001b[K\r\n\u001b[K\r\n\u001b[K\r\n\u001b[K\r\n\u001b[K\r\n\u001b[K\r\n\u001b[K\r\n\u001b[K\r\n\u001b[K\r\n\u001b[K\r\n\u001b[K\r\n\u001b[K\r\n\u001b[K\r\n\u001b[K\r\n\u001b[K\u001b[30m\u001b[42m\r\n[0] 0:bash*                                                           \"1f0b22b0948e\" 09:03 11-Jul-23\u001b(B\u001b[m\u001b[?12l\u001b[?25h\u001b[1;1H" ]
[ 17.42168, "o", "\u001b(B\u001b[m\u001b[?12l\u001b[?25h\u001b[?1006l\u001b[?1000l\u001b[?1002l\u001b[?1003l\u001b[?2004l\u001b[1;1H\u001b[1;26r\u001b[1;1H" ]
[ 17.42189, "o", "\u001b[?25l\u001b[K\r\n\u001b[K\r\n\u001b[K\r\n\u001b[K\r\n\u001b[K\r\n\u001b[K\r\n\u001b[K\r\n\u001b[K\r\n\u001b[K\r\n\u001b[K\r\n\u001b[K\r\n\u001b[K\r\n\u001b[K\r\n\u001b[K\r\n\u001b[K\r\n\u001b[K\r\n\u001b[K\r\n\u001b[K\r\n\u001b[K\r\n\u001b[K\r\n\u001b[K\r\n\u001b[K\r\n\u001b[K\r\n\u001b[K\r\n\u001b[K\u001b[30m\u001b[42m\r\n[0] 0:bash*                                                           \"1f0b22b0948e\" 09:03 11-Jul-23\u001b(B\u001b[m\u001b[?12l\u001b[?25h\u001b[1;1H" ]
[ 17.42340, "o", "\u001b[?7727h" ]
[ 17.53835, "o", "[root@1f0b22b0948e test]# \u001b[?2004h" ]
[ 18.82732, "o", "\u001b[?25l\u001b[13;1H───────────────────────────────────────────────────\u001b[32m─────────────────────────────────────────────────\u001b(B\u001b[m\u001b[1;1H[root@1f0b22b0948e test]# \u001b[K\r\n\u001b[K\r\n\u001b[K\r\n\u001b[K\r\n\u001b[K\r\n\u001b[K\r\n\u001b[K\r\n\u001b[K\r\n\u001b[K\r\n\u001b[K\r\n\u001b[K\r\n\u001b[K\u001b[2B\u001b[K\r\n\u001b[K\r\n\u001b[K\r\n\u001b[K\r\n\u001b[K\r\n\u001b[K\r\n\u001b[K\r\n\u001b[K\r\n\u001b[K\r\n\u001b[K\r\n\u001b[K\r\n\u001b[K\u001b[30m\u001b[42m\r\n[0] 0:bash*                                                           \"1f0b22b0948e\" 09:03 11-Jul-23\u001b(B\u001b[m\u001b[?12l\u001b[?25h\u001b[14;1H\u001b[?2004l" ]
[ 18.82752, "o", "\u001b[H[root@1f0b22b0948e test]# \u001b[K\u001b[14;1H" ]
[ 18.93855, "o", "[root@1f0b22b0948e test]# \u001b[?2004h" ]
[ 20.38020, "o", "\u001b[?25l\u001b[13;1H\u001b[32m───────────────────────────────────────────────────\u001b[39m─────────────────────────────────────────────────\u001b(B\u001b[m\u001b[?12l\u001b[?25h\u001b[1;27H" ]
[ 21.38236, "o", "# " ]
