{"version":2,"width":100,"height":26,"timestamp":1690611752,"env":{"SHELL":"","TERM":"xterm"}}
[ 0.00000, "o", "" ]
[ 0.13801, "o", "\u001b[19491001\u001b[1;35m> \u001b[20210325\u001b[0m" ]
[ 0.13805, "o", "\u001b[K\u001b[?2004h" ]
[ 0.42573, "o", "#\b# " ]
[ 0.52874, "o", "使" ]
[ 0.68391, "o", "用" ]
[ 0.73605, "o", " " ]
[ 0.78776, "o", "`" ]
[ 0.83973, "o", "x" ]
[ 0.89116, "o", " " ]
[ 0.94299, "o", "s" ]
[ 0.99447, "o", "q" ]
[ 1.04641, "o", "l" ]
[ 1.09830, "o", "i" ]
[ 1.15030, "o", "t" ]
[ 1.20216, "o", "e" ]
[ 1.25362, "o", "3" ]
[ 1.30560, "o", "`" ]
[ 1.35706, "o", " " ]
[ 1.51274, "o", "命" ]
[ 1.66836, "o", "令" ]
[ 1.82301, "o", "格" ]
[ 1.97837, "o", "式" ]
[ 2.13379, "o", "能" ]
[ 2.28917, "o", "快" ]
[ 2.44491, "o", "捷" ]
[ 2.60035, "o", "地" ]
[ 2.75512, "o", "使" ]
[ 2.91010, "o", "用" ]
[ 2.96200, "o", " " ]
[ 3.01351, "o", "`" ]
[ 3.06546, "o", "s" ]
[ 3.11698, "o", "q" ]
[ 3.16920, "o", "l" ]
[ 3.22114, "o", "i" ]
[ 3.27281, "o", "t" ]
[ 3.32432, "o", "e" ]
[ 3.37594, "o", "3" ]
[ 3.42810, "o", "`" ]
[ 3.47975, "o", " " ]
[ 3.63508, "o", "命" ]
[ 3.79044, "o", "令" ]
[ 3.84210, "o", "\u001b[?2004l\r\r\n" ]
[ 3.84224, "o", "\u001b[1m\u001b[7m#\u001b[27m\u001b[1m\u001b[0m                                                                                                   \r \r\r\u001b[0m\u001b[27m\u001b[24m\u001b[J\r\n\u001b[19491001\u001b[1;35m> \u001b[20210325\u001b[0m\u001b[K\u001b[?2004h" ]
[ 5.34549, "o", "x" ]
[ 5.39717, "o", "\bx " ]
[ 5.44896, "o", "s" ]
[ 5.50041, "o", "q" ]
[ 5.55226, "o", "l" ]
[ 5.60445, "o", "i" ]
[ 5.65634, "o", "t" ]
[ 5.70852, "o", "e" ]
[ 5.76050, "o", "3" ]
[ 5.81250, "o", " " ]
[ 5.86406, "o", "-" ]
[ 5.91630, "o", "-" ]
[ 5.96820, "o", "v" ]
[ 6.02003, "o", "e" ]
[ 6.07218, "o", "r" ]
[ 6.12404, "o", "s" ]
[ 6.17619, "o", "i" ]
[ 6.22849, "o", "o" ]
[ 6.28051, "o", "n" ]
[ 6.53434, "o", "\u001b[?2004l\r\r\n" ]
[ 6.60127, "o", "3.42.0 2023-05-16 12:36:15 831d0fb2836b71c9bc51067c49fee4b8f18047814f2ff22d817d25195cf350b0\r\n" ]
[ 6.60149, "o", "\u001b[1m\u001b[7m#\u001b[27m\u001b[1m\u001b[0m                                                                                                   \r \r\r\u001b[0m\u001b[27m\u001b[24m\u001b[J\r\n\u001b[19491001\u001b[1;35m> \u001b[20210325\u001b[0m\u001b[K\u001b[?2004h" ]
[ 8.53671, "o", "#\b# " ]
[ 8.64062, "o", "使" ]
[ 8.79572, "o", "用" ]
[ 8.84745, "o", " " ]
[ 8.89971, "o", "`" ]
[ 8.95134, "o", "x" ]
[ 9.00340, "o", " " ]
[ 9.05496, "o", "e" ]
[ 9.10685, "o", "n" ]
[ 9.15851, "o", "v" ]
[ 9.21027, "o", " " ]
[ 9.26206, "o", "u" ]
[ 9.31363, "o", "s" ]
[ 9.36559, "o", "e" ]
[ 9.41758, "o", "`" ]
[ 9.46938, "o", " " ]
[ 9.62428, "o", "能" ]
[ 9.77963, "o", "自" ]
[ 9.93553, "o", "动" ]
[ 10.09062, "o", "安" ]
[ 10.24632, "o", "装" ]
[ 10.40249, "o", "并" ]
[ 10.55849, "o", "配" ]
[ 10.71457, "o", "置" ]
[ 10.87030, "o", "好" ]
[ 11.02558, "o", "相" ]
[ 11.18129, "o", "应" ]
[ 11.33700, "o", "的" ]
[ 11.49208, "o", "全" ]
[ 11.64659, "o", "局" ]
[ 11.80149, "o", "环" ]
[ 11.95742, "o", "境" ]
[ 12.11219, "o", "变" ]
[ 12.26712, "o", "量" ]
[ 12.31930, "o", "\u001b[?2004l\r\r\n\u001b[1m\u001b[7m#\u001b[27m\u001b[1m\u001b[0m                                                                                                   \r \r\r\u001b[0m\u001b[27m\u001b[24m\u001b[J\r\n\u001b[19491001\u001b[1;35m> \u001b[20210325\u001b[0m\u001b[K\u001b[?2004h" ]
[ 13.82294, "o", "x" ]
[ 13.87453, "o", "\bx " ]
[ 13.92647, "o", "e" ]
[ 13.97833, "o", "n" ]
[ 14.03038, "o", "v" ]
[ 14.08229, "o", " " ]
[ 14.13418, "o", "u" ]
[ 14.18619, "o", "s" ]
[ 14.23759, "o", "e" ]
[ 14.28977, "o", " " ]
[ 14.34140, "o", "s" ]
[ 14.39344, "o", "q" ]
[ 14.44534, "o", "l" ]
[ 14.49730, "o", "i" ]
[ 14.54931, "o", "t" ]
[ 14.60126, "o", "e" ]
[ 14.65321, "o", "3" ]
[ 14.90708, "o", "\u001b[?2004l\r\r\n" ]
[ 14.99061, "o", "- \u001b[32mI\u001b[0m\u001b[32m|pkg: \u001b[0mSuccessfully set link from path \u001b[0m\r\n" ]
[ 15.01262, "o", "- \u001b[32mI\u001b[0m\u001b[32m|env: \u001b[0mSuccessfully set sqlite3=v3.42.0 in the current environment.\u001b[0m\r\n" ]
[ 15.06956, "o", "- \u001b[32mI\u001b[0m\u001b[32m|env: \u001b[0mConfig file updated to /root/.x-cmd.root/local/data/env/version\u001b[0m\r\n" ]
[ 15.06976, "o", "\u001b[1m\u001b[7m#\u001b[27m\u001b[1m\u001b[0m                                                                                                   \r \r\r\u001b[0m\u001b[27m\u001b[24m\u001b[J\r\n\u001b[19491001\u001b[1;35m> \u001b[20210325\u001b[0m\u001b[K\u001b[?2004h" ]
[ 16.90936, "o", "x" ]
[ 16.96165, "o", "\bx " ]
[ 17.01368, "o", "e" ]
[ 17.06526, "o", "x" ]
[ 17.11718, "o", "a" ]
[ 17.16870, "o", " " ]
[ 17.22064, "o", "-" ]
[ 17.27255, "o", "l" ]
[ 17.52590, "o", "\u001b[?2004l\r\r\n" ]
[ 17.60226, "o", ".\u001b[1;33mr\u001b[31mw\u001b[0m\u001b[38;5;244m-\u001b[33mr\u001b[38;5;244m--\u001b[33mr\u001b[38;5;244m--\u001b[0m   \u001b[1;32m55\u001b[0m \u001b[1;33mroot\u001b[0m \u001b[34m29 Jul 06:22\u001b[0m data.csv\r\n.\u001b[1;33mr\u001b[31mw\u001b[0m\u001b[38;5;244m-\u001b[33mr\u001b[38;5;244m--\u001b[33mr\u001b[38;5;244m--\u001b[0m \u001b[1;32m8.2\u001b[0m\u001b[32mk\u001b[0m \u001b[1;33mroot\u001b[0m \u001b[34m29 Jul 06:22\u001b[0m ex1.db\r\n" ]
[ 17.60286, "o", "\u001b[1m\u001b[7m#\u001b[27m\u001b[1m\u001b[0m                                                                                                   \r \r" ]
[ 17.60289, "o", "\r\u001b[0m\u001b[27m\u001b[24m\u001b[J\r\n\u001b[19491001\u001b[1;35m> \u001b[20210325\u001b[0m\u001b[K\u001b[?2004h" ]
[ 18.52847, "o", "s" ]
[ 18.58051, "o", "\bsq" ]
[ 18.63298, "o", "l" ]
[ 18.68486, "o", "i" ]
[ 18.73684, "o", "t" ]
[ 18.78896, "o", "e" ]
[ 18.84062, "o", "3" ]
[ 19.09376, "o", "\u001b[?2004l\r\r\n" ]
[ 19.09450, "o", "SQLite version 3.42.0 2023-05-16 12:36:15\r\nEnter \".help\" for usage hints.\r\nConnected to a \u001b[1mtransient in-memory database\u001b[0m.\r\nUse \".open FILENAME\" to reopen on a persistent database.\r\n" ]
[ 19.09483, "o", "\u001b[?2004hsqlite> " ]
[ 21.09536, "o", "# " ]
[ 21.19872, "o", "打" ]
[ 21.35441, "o", "开" ]
[ 21.50946, "o", "并" ]
[ 21.66419, "o", "使" ]
[ 21.81994, "o", "用" ]
[ 21.87194, "o", " " ]
[ 21.92378, "o", "e" ]
[ 21.97572, "o", "x" ]
[ 22.02712, "o", "1" ]
[ 22.07908, "o", "." ]
[ 22.13053, "o", "d" ]
[ 22.18242, "o", "b" ]
[ 22.23413, "o", " " ]
[ 22.38886, "o", "数" ]
[ 22.54441, "o", "据" ]
[ 22.70075, "o", "库" ]
[ 22.85574, "o", "文" ]
[ 23.01074, "o", "件" ]
[ 23.06261, "o", "\r\n\u001b[?2004l\r\u001b[?2004hsqlite> " ]
[ 24.56671, "o", "." ]
[ 24.61880, "o", "o" ]
[ 24.67072, "o", "p" ]
[ 24.72243, "o", "e" ]
[ 24.77454, "o", "n" ]
[ 24.82640, "o", " " ]
[ 24.87808, "o", "e" ]
[ 24.93009, "o", "x" ]
[ 24.98167, "o", "1" ]
[ 25.03386, "o", "." ]
[ 25.08542, "o", "d" ]
[ 25.13719, "o", "b" ]
[ 25.39106, "o", "\r\n\u001b[?2004l\r" ]
[ 25.39131, "o", "\u001b[?2004hsqlite> " ]
[ 27.39349, "o", "\r\n\u001b[?2004l\r\u001b[?2004hsqlite> " ]
[ 27.44508, "o", "\r\n\u001b[?2004l\r" ]
[ 27.44521, "o", "\u001b[?2004hsqlite> " ]
[ 27.99861, "o", "# " ]
[ 28.10174, "o", "显" ]
[ 28.25662, "o", "示" ]
[ 28.41178, "o", "当" ]
[ 28.56702, "o", "前" ]
[ 28.72145, "o", "数" ]
[ 28.87668, "o", "据" ]
[ 29.03235, "o", "库" ]
[ 29.18798, "o", "中" ]
[ 29.34284, "o", "的" ]
[ 29.49897, "o", "所" ]
[ 29.65372, "o", "有" ]
[ 29.80825, "o", "表" ]
[ 29.85977, "o", "\r\n\u001b[?2004l\r" ]
[ 29.85998, "o", "\u001b[?2004hsqlite> " ]
[ 31.36408, "o", "." ]
[ 31.41611, "o", "t" ]
[ 31.46765, "o", "a" ]
[ 31.51955, "o", "b" ]
[ 31.57122, "o", "l" ]
[ 31.62303, "o", "e" ]
[ 31.67454, "o", "s" ]
[ 31.92801, "o", "\r\n\u001b[?2004l\r" ]
[ 31.92832, "o", "example_table\r\n\u001b[?2004hsqlite> " ]
[ 33.93392, "o", "\r\n\u001b[?2004l\r\u001b[?2004hsqlite> " ]
[ 33.98463, "o", "\r\n\u001b[?2004l\r" ]
[ 33.98481, "o", "\u001b[?2004hsqlite> " ]
[ 34.53852, "o", "# " ]
[ 34.64272, "o", "将" ]
[ 34.79872, "o", "数" ]
[ 34.95435, "o", "据" ]
[ 35.11135, "o", "库" ]
[ 35.26602, "o", "内" ]
[ 35.42150, "o", "容" ]
[ 35.57715, "o", "呈" ]
[ 35.73305, "o", "现" ]
