{"version":2,"width":100,"height":26,"timestamp":1689583841,"env":{"SHELL":"","TERM":"xterm"}}
[ 0.00000, "o", "" ]
[ 0.14667, "o", "\u001b[19491001\u001b[1;35m> \u001b[20210325\u001b[0m\u001b[K\u001b[?2004h" ]
[ 0.41043, "o", "#\b# " ]
[ 0.51405, "o", "使" ]
[ 0.67035, "o", "用" ]
[ 0.72240, "o", " " ]
[ 0.77447, "o", "`" ]
[ 0.82626, "o", "x" ]
[ 0.87831, "o", " " ]
[ 0.93020, "o", "t" ]
[ 0.98190, "o", "m" ]
[ 1.03418, "o", "u" ]
[ 1.08678, "o", "x" ]
[ 1.13884, "o", "`" ]
[ 1.19069, "o", " " ]
[ 1.34654, "o", "命" ]
[ 1.50261, "o", "令" ]
[ 1.65772, "o", "格" ]
[ 1.81291, "o", "式" ]
[ 1.97020, "o", "能" ]
[ 2.12562, "o", "快" ]
[ 2.28096, "o", "捷" ]
[ 2.43630, "o", "地" ]
[ 2.59264, "o", "使" ]
[ 2.74798, "o", "用" ]
[ 2.80033, "o", " " ]
[ 2.85225, "o", "`" ]
[ 2.90483, "o", "t" ]
[ 2.95735, "o", "m" ]
[ 3.00891, "o", "u" ]
[ 3.06173, "o", "x" ]
[ 3.11358, "o", "`" ]
[ 3.16559, "o", " " ]
[ 3.32125, "o", "命" ]
[ 3.47640, "o", "令" ]
[ 3.52869, "o", "\u001b[?2004l\r\r\n\u001b[1m\u001b[7m#\u001b[27m\u001b[1m\u001b[0m                                                                                                   \r \r\r\u001b[0m\u001b[27m\u001b[24m\u001b[J\r\n\u001b[19491001\u001b[1;35m> \u001b[20210325\u001b[0m\u001b[K\u001b[?2004h" ]
[ 5.03258, "o", "x" ]
[ 5.08448, "o", "\bx " ]
[ 5.13656, "o", "t" ]
[ 5.18879, "o", "m" ]
[ 5.24043, "o", "u" ]
[ 5.29258, "o", "x" ]
[ 5.34431, "o", " " ]
[ 5.39702, "o", "-" ]
[ 5.44929, "o", "V" ]
[ 5.70325, "o", "\u001b[?2004l\r\r\n" ]
[ 5.80460, "o", "tmux 3.2a\r\n" ]
[ 5.80481, "o", "\u001b[1m\u001b[7m#\u001b[27m\u001b[1m\u001b[0m                                                                                                   \r \r\r\u001b[0m\u001b[27m\u001b[24m\u001b[J" ]
[ 5.80492, "o", "\r\n\u001b[19491001\u001b[1;35m> \u001b[20210325\u001b[0m\u001b[K\u001b[?2004h" ]
[ 7.70563, "o", "#" ]
[ 7.70575, "o", "\b# " ]
[ 7.80936, "o", "使" ]
[ 7.96505, "o", "用" ]
[ 8.01739, "o", " " ]
[ 8.06929, "o", "`" ]
[ 8.12155, "o", "x" ]
[ 8.17324, "o", " " ]
[ 8.22517, "o", "e" ]
[ 8.27708, "o", "n" ]
[ 8.32868, "o", "v" ]
[ 8.38111, "o", " " ]
[ 8.43291, "o", "u" ]
[ 8.48498, "o", "s" ]
[ 8.53682, "o", "e" ]
[ 8.58903, "o", "`" ]
[ 8.64140, "o", " " ]
[ 8.79783, "o", "能" ]
[ 8.95396, "o", "自" ]
[ 9.11003, "o", "动" ]
[ 9.26557, "o", "安" ]
[ 9.42152, "o", "装" ]
[ 9.57809, "o", "并" ]
[ 9.73377, "o", "配" ]
[ 9.89027, "o", "置" ]
[ 10.04650, "o", "好" ]
[ 10.20176, "o", "相" ]
[ 10.35730, "o", "应" ]
[ 10.51251, "o", "的" ]
[ 10.66892, "o", "全" ]
[ 10.82394, "o", "局" ]
[ 10.97991, "o", "环" ]
[ 11.13550, "o", "境" ]
[ 11.29228, "o", "变" ]
[ 11.44814, "o", "量" ]
[ 11.49996, "o", "\u001b[?2004l\r\r\n" ]
[ 11.50019, "o", "\u001b[1m\u001b[7m#\u001b[27m\u001b[1m\u001b[0m                                                                                                   \r \r" ]
[ 11.50032, "o", "\r\u001b[0m\u001b[27m\u001b[24m\u001b[J\r\n\u001b[19491001\u001b[1;35m> \u001b[20210325\u001b[0m\u001b[K\u001b[?2004h" ]
[ 13.00507, "o", "x" ]
[ 13.05706, "o", "\bx " ]
[ 13.10873, "o", "e" ]
[ 13.16035, "o", "n" ]
[ 13.21289, "o", "v" ]
[ 13.26463, "o", " " ]
[ 13.31658, "o", "u" ]
[ 13.36836, "o", "s" ]
[ 13.42059, "o", "e" ]
[ 13.47275, "o", " " ]
[ 13.52436, "o", "t" ]
[ 13.57631, "o", "m" ]
[ 13.62797, "o", "u" ]
[ 13.67996, "o", "x" ]
[ 13.93397, "o", "\u001b[?2004l\r\r\n" ]
[ 14.05579, "o", "- \u001b[32mI\u001b[0m\u001b[32m|pkg: \u001b[0mSuccessfully set link from path \u001b[0m\r\n" ]
[ 14.08333, "o", "- \u001b[32mI\u001b[0m\u001b[32m|env: \u001b[0mSuccessfully set tmux=v0.0.1 in the current environment.\u001b[0m\r\n" ]
[ 14.14990, "o", "- \u001b[32mI\u001b[0m\u001b[32m|env: \u001b[0mConfig file updated to /root/.x-cmd.root/local/data/env/version\u001b[0m\r\n" ]
[ 14.15009, "o", "\u001b[1m\u001b[7m#\u001b[27m\u001b[1m\u001b[0m                                                                                                   \r \r\r\u001b[0m\u001b[27m\u001b[24m\u001b[J\r\n\u001b[19491001\u001b[1;35m> \u001b[20210325\u001b[0m\u001b[K" ]
[ 14.15021, "o", "\u001b[?2004h" ]
[ 15.93680, "o", "#\b# " ]
[ 16.04089, "o", "启" ]
[ 16.19717, "o", "动" ]
[ 16.35273, "o", "的" ]
[ 16.50898, "o", "一" ]
[ 16.66558, "o", "个" ]
[ 16.82196, "o", "命" ]
[ 16.97840, "o", "名" ]
[ 17.13543, "o", "为" ]
[ 17.18738, "o", " " ]
[ 17.23943, "o", "n" ]
[ 17.29124, "o", "e" ]
[ 17.34336, "o", "w" ]
[ 17.39503, "o", "_" ]
[ 17.44763, "o", "s" ]
[ 17.49920, "o", "e" ]
[ 17.55135, "o", "s" ]
[ 17.60303, "o", "s" ]
[ 17.65496, "o", "i" ]
[ 17.70694, "o", "o" ]
[ 17.75858, "o", "n" ]
[ 17.81056, "o", "s" ]
[ 17.86266, "o", " " ]
[ 18.01854, "o", "的" ]
[ 18.07026, "o", " " ]
[ 18.12206, "o", "t" ]
[ 18.17436, "o", "m" ]
[ 18.22615, "o", "u" ]
[ 18.27887, "o", "x" ]
[ 18.33117, "o", " " ]
[ 18.48707, "o", "窗" ]
[ 18.64293, "o", "口" ]
[ 18.69474, "o", "\u001b[?2004l\r\r\n" ]
[ 18.69490, "o", "\u001b[1m\u001b[7m#\u001b[27m\u001b[1m\u001b[0m                                                                                                   \r \r\r\u001b[0m\u001b[27m\u001b[24m\u001b[J\r\n\u001b[19491001\u001b[1;35m> \u001b[20210325\u001b[0m\u001b[K\u001b[?2004h" ]
[ 20.19918, "o", "x" ]
[ 20.25120, "o", "\bx " ]
[ 20.30296, "o", "t" ]
[ 20.35508, "o", "m" ]
[ 20.40795, "o", "u" ]
[ 20.45964, "o", "x" ]
[ 20.51175, "o", " " ]
[ 20.56397, "o", "n" ]
[ 20.61586, "o", "e" ]
[ 20.66787, "o", "w" ]
[ 20.71970, "o", " " ]
[ 20.77155, "o", "-" ]
[ 20.82327, "o", "s" ]
[ 20.87533, "o", " " ]
[ 20.92748, "o", "n" ]
[ 20.97955, "o", "e" ]
[ 21.03185, "o", "w" ]
[ 21.08404, "o", "_" ]
[ 21.13621, "o", "s" ]
[ 21.18833, "o", "e" ]
[ 21.24068, "o", "s" ]
[ 21.29241, "o", "s" ]
[ 21.34483, "o", "i" ]
[ 21.39708, "o", "o" ]
[ 21.44926, "o", "n" ]
[ 21.50131, "o", "s" ]
[ 21.55355, "o", "\u001b[?2004l\r\r\n" ]
[ 21.56779, "o", "\u001b[?1049h\u001b[22;0;0t\u001b[?1h\u001b=\u001b[H\u001b[2J\u001b[?12l\u001b[?25h\u001b[?1000l\u001b[?1002l\u001b[?1003l\u001b[?1006l\u001b[?1005l\u001b(B\u001b[m\u001b[?12l\u001b[?25h\u001b[?1006l\u001b[?1000l\u001b[?1002l\u001b[?1003l\u001b[?2004l\u001b[1;1H\u001b[1;26r\u001b[>c\u001b[>q\u001b[1;1H" ]
[ 21.56832, "o", "\u001b[?25l\u001b[K\r\n\u001b[K\r\n\u001b[K\r\n\u001b[K\r\n\u001b[K\r\n\u001b[K\r\n\u001b[K\r\n\u001b[K\r\n\u001b[K\r\n\u001b[K\r\n\u001b[K\r\n\u001b[K\r\n\u001b[K\r\n\u001b[K\r\n\u001b[K\r\n\u001b[K\r\n\u001b[K\r\n\u001b[K\r\n\u001b[K\r\n\u001b[K\r\n\u001b[K\r\n\u001b[K\r\n\u001b[K\r\n\u001b[K\r\n\u001b[K\u001b[30m\u001b[42m\r\n[new_sessi0:bash*                                                     \"2f0ea3435feb\" 08:51 17-Jul-23\u001b(B\u001b[m\u001b[?12l\u001b[?25h\u001b[1;1H" ]
[ 21.56874, "o", "\u001b(B\u001b[m\u001b[?12l\u001b[?25h\u001b[?1006l\u001b[?1000l\u001b[?1002l\u001b[?1003l\u001b[?2004l\u001b[1;1H\u001b[1;26r\u001b[1;1H" ]
[ 21.56964, "o", "\u001b[?25l\u001b[K\r\n\u001b[K\r\n\u001b[K\r\n\u001b[K\r\n\u001b[K\r\n\u001b[K\r\n\u001b[K\r\n\u001b[K\r\n\u001b[K\r\n\u001b[K\r\n\u001b[K\r\n\u001b[K\r\n\u001b[K\r\n\u001b[K\r\n\u001b[K\r\n\u001b[K\r\n\u001b[K\r\n\u001b[K\r\n\u001b[K\r\n\u001b[K\r\n\u001b[K\r\n\u001b[K\r\n\u001b[K\r\n\u001b[K\r\n\u001b[K\u001b[30m\u001b[42m\r\n[new_sessi0:bash*                                                     \"2f0ea3435feb\" 08:51 17-Jul-23\u001b(B\u001b[m\u001b[?12l\u001b[?25h\u001b[1;1H" ]
[ 21.57034, "o", "\u001b[?7727h" ]
[ 21.79267, "o", "[root@2f0ea3435feb test]# \u001b[?2004h" ]
[ 24.55608, "o", "# " ]
[ 24.66038, "o", "所" ]
[ 24.81612, "o", "有" ]
[ 24.97152, "o", "快" ]
[ 25.12691, "o", "捷" ]
[ 25.28432, "o", "键" ]
[ 25.43913, "o", "都" ]
[ 25.59579, "o", "要" ]
[ 25.75096, "o", "通" ]
[ 25.90684, "o", "过" ]
[ 26.06268, "o", "前" ]
[ 26.22906, "o", "缀" ]
[ 26.38406, "o", "键" ]
[ 26.54032, "o", "唤" ]
[ 26.69622, "o", "起" ]
[ 26.85182, "o", "。" ]
[ 27.00881, "o", "默" ]
[ 27.16399, "o", "认" ]
[ 27.31948, "o", "的" ]
[ 27.47699, "o", "前" ]
[ 27.63258, "o", "缀" ]
[ 27.78782, "o", "键" ]
[ 27.94361, "o", "是" ]
[ 27.99606, "o", " " ]
[ 28.04795, "o", "`" ]
[ 28.10005, "o", "C" ]
[ 28.15176, "o", "t" ]
[ 28.20381, "o", "r" ]
