{"version":2,"width":100,"height":26,"timestamp":1690532322,"env":{"SHELL":"","TERM":"xterm"}}
[ 0.00000, "o", "" ]
[ 0.13552, "o", "\u001b[19491001\u001b[1;35m> \u001b[20210325\u001b[0m" ]
[ 0.13566, "o", "\u001b[K\u001b[?2004h" ]
[ 0.41434, "o", "#" ]
[ 0.41439, "o", "\b# " ]
[ 0.51739, "o", "使" ]
[ 0.67300, "o", "用" ]
[ 0.72503, "o", " " ]
[ 0.77708, "o", "`" ]
[ 0.82905, "o", "x" ]
[ 0.88077, "o", " " ]
[ 0.93323, "o", "t" ]
[ 0.98478, "o", "o" ]
[ 1.03705, "o", "k" ]
[ 1.08900, "o", "e" ]
[ 1.14108, "o", "i" ]
[ 1.19295, "o", "`" ]
[ 1.24439, "o", " " ]
[ 1.39957, "o", "命" ]
[ 1.55469, "o", "令" ]
[ 1.70971, "o", "格" ]
[ 1.86538, "o", "式" ]
[ 2.02122, "o", "能" ]
[ 2.17641, "o", "快" ]
[ 2.33201, "o", "捷" ]
[ 2.48766, "o", "地" ]
[ 2.64209, "o", "使" ]
[ 2.79788, "o", "用" ]
[ 2.85026, "o", " " ]
[ 2.90190, "o", "`" ]
[ 2.95402, "o", "t" ]
[ 3.00557, "o", "o" ]
[ 3.05808, "o", "k" ]
[ 3.10965, "o", "e" ]
[ 3.16156, "o", "i" ]
[ 3.21363, "o", "`" ]
[ 3.26518, "o", " " ]
[ 3.42066, "o", "命" ]
[ 3.57547, "o", "令" ]
[ 3.62769, "o", "\u001b[?2004l\r\r\n\u001b[1m\u001b[7m#\u001b[27m\u001b[1m\u001b[0m                                                                                                   \r \r" ]
[ 3.62775, "o", "\r\u001b[0m\u001b[27m\u001b[24m\u001b[J\r\n\u001b[19491001\u001b[1;35m> \u001b[20210325\u001b[0m\u001b[K\u001b[?2004h" ]
[ 5.13113, "o", "x" ]
[ 5.18353, "o", "\bx " ]
[ 5.23536, "o", "t" ]
[ 5.28742, "o", "o" ]
[ 5.33896, "o", "k" ]
[ 5.39043, "o", "e" ]
[ 5.44206, "o", "i" ]
[ 5.49346, "o", " " ]
[ 5.54543, "o", "-" ]
[ 5.59737, "o", "-" ]
[ 5.64920, "o", "v" ]
[ 5.70097, "o", "e" ]
[ 5.75359, "o", "r" ]
[ 5.80509, "o", "s" ]
[ 5.85652, "o", "i" ]
[ 5.90862, "o", "o" ]
[ 5.96025, "o", "n" ]
[ 6.21455, "o", "\u001b[?2004l\r\r\n" ]
[ 6.28966, "o", "tokei 12.1.2 compiled with serialization support: json, cbor, yaml\r\n" ]
[ 6.28993, "o", "\u001b[1m\u001b[7m#\u001b[27m\u001b[1m\u001b[0m                                                                                                   \r \r\r\u001b[0m\u001b[27m\u001b[24m\u001b[J\r\n\u001b[19491001\u001b[1;35m> \u001b[20210325\u001b[0m\u001b[K\u001b[?2004h" ]
[ 7.21753, "o", "#\b# " ]
[ 7.32137, "o", "使" ]
[ 7.47632, "o", "用" ]
[ 7.52836, "o", " " ]
[ 7.58017, "o", "`" ]
[ 7.63202, "o", "x" ]
[ 7.68432, "o", " " ]
[ 7.73580, "o", "e" ]
[ 7.78770, "o", "n" ]
[ 7.83985, "o", "v" ]
[ 7.89300, "o", " " ]
[ 7.94497, "o", "u" ]
[ 7.99890, "o", "s" ]
[ 8.05194, "o", "e" ]
[ 8.10387, "o", "`" ]
[ 8.15702, "o", " " ]
[ 8.31551, "o", "能" ]
[ 8.47272, "o", "自" ]
[ 8.62829, "o", "动" ]
[ 8.78429, "o", "安" ]
[ 8.93962, "o", "装" ]
[ 9.09560, "o", "并" ]
[ 9.25089, "o", "配" ]
[ 9.40608, "o", "置" ]
[ 9.56160, "o", "好" ]
[ 9.71790, "o", "相" ]
[ 9.87288, "o", "应" ]
[ 10.02761, "o", "的" ]
[ 10.18238, "o", "全" ]
[ 10.33729, "o", "局" ]
[ 10.49276, "o", "环" ]
[ 10.64838, "o", "境" ]
[ 10.80307, "o", "变" ]
[ 10.95854, "o", "量" ]
[ 11.01072, "o", "\u001b[?2004l\r\r\n\u001b[1m\u001b[7m#\u001b[27m\u001b[1m\u001b[0m                                                                                                   \r \r\r\u001b[0m\u001b[27m\u001b[24m\u001b[J\r\n\u001b[19491001\u001b[1;35m> \u001b[20210325\u001b[0m\u001b[K\u001b[?2004h" ]
[ 12.51398, "o", "x" ]
[ 12.56568, "o", "\bx " ]
[ 12.61769, "o", "e" ]
[ 12.66920, "o", "n" ]
[ 12.72060, "o", "v" ]
[ 12.77293, "o", " " ]
[ 12.82495, "o", "u" ]
[ 12.87685, "o", "s" ]
[ 12.92833, "o", "e" ]
[ 12.98066, "o", " " ]
[ 13.03205, "o", "t" ]
[ 13.08361, "o", "o" ]
[ 13.13532, "o", "k" ]
[ 13.18689, "o", "e" ]
[ 13.23859, "o", "i" ]
[ 13.49215, "o", "\u001b[?2004l\r\r\n" ]
[ 13.60781, "o", "- \u001b[32mI\u001b[0m\u001b[32m|pkg: \u001b[0mSuccessfully set link from path \u001b[0m\r\n" ]
[ 13.63619, "o", "- \u001b[32mI\u001b[0m\u001b[32m|env: \u001b[0mSuccessfully set tokei=v0.0.1 in the current environment.\u001b[0m\r\n" ]
[ 13.69215, "o", "- \u001b[32mI\u001b[0m\u001b[32m|env: \u001b[0mConfig file updated to /root/.x-cmd.root/local/data/env/version\u001b[0m\r\n" ]
[ 13.69233, "o", "\u001b[1m\u001b[7m#\u001b[27m\u001b[1m\u001b[0m                                                                                                   \r \r\r\u001b[0m\u001b[27m\u001b[24m\u001b[J\r\n\u001b[19491001\u001b[1;35m> \u001b[20210325\u001b[0m\u001b[K" ]
[ 13.69244, "o", "\u001b[?2004h" ]
[ 14.49385, "o", "x" ]
[ 14.54582, "o", "\bx " ]
[ 14.59740, "o", "e" ]
[ 14.64921, "o", "x" ]
[ 14.70099, "o", "a" ]
[ 14.75250, "o", " " ]
[ 14.80403, "o", "-" ]
[ 14.85644, "o", "l" ]
[ 14.90830, "o", "h" ]
[ 14.95998, "o", "T" ]
[ 15.51293, "o", "\u001b[?2004l\r\r\n" ]
[ 15.58549, "o", "\u001b[4mPermissions\u001b[0m \u001b[4mSize\u001b[0m \u001b[4mUser\u001b[0m \u001b[4mDate Modified\u001b[0m \u001b[4mName\u001b[0m\r\n\u001b[1;34md\u001b[33mr\u001b[31mw\u001b[32mx\u001b[0m\u001b[33mr\u001b[38;5;244m-\u001b[32mx\u001b[33mr\u001b[38;5;244m-\u001b[32mx\u001b[0m     \u001b[38;5;244m-\u001b[0m \u001b[1;33mroot\u001b[0m \u001b[34m28 Jul 08:18\u001b[0m  \u001b[1;34m.\u001b[0m\r\n.\u001b[1;33mr\u001b[31mw\u001b[0m\u001b[38;5;244m-\u001b[33mr\u001b[38;5;244m--\u001b[33mr\u001b[38;5;244m--\u001b[0m   \u001b[1;32m330\u001b[0m \u001b[1;33mroot\u001b[0m \u001b[34m28 Jul 08:18\u001b[0m  \u001b[38;5;244m├──\u001b[0m data.yml\r\n.\u001b[1;33mr\u001b[31mw\u001b[0m\u001b[38;5;244m-\u001b[33mr\u001b[38;5;244m--\u001b[33mr\u001b[38;5;244m--\u001b[0m   \u001b[1;32m108\u001b[0m \u001b[1;33mroot\u001b[0m \u001b[34m28 Jul 08:18\u001b[0m  \u001b[38;5;244m├──\u001b[0m hello.go\r\n" ]
[ 15.58562, "o", ".\u001b[1;33mr\u001b[31mw\u001b[0m\u001b[38;5;244m-\u001b[33mr\u001b[38;5;244m--\u001b[33mr\u001b[38;5;244m--\u001b[0m    \u001b[1;32m56\u001b[0m \u001b[1;33mroot\u001b[0m \u001b[34m28 Jul 08:18\u001b[0m  \u001b[38;5;244m├──\u001b[0m hello.py\r\n.\u001b[1;33mr\u001b[31mw\u001b[0m\u001b[38;5;244m-\u001b[33mr\u001b[38;5;244m--\u001b[33mr\u001b[38;5;244m--\u001b[0m    \u001b[1;32m42\u001b[0m \u001b[1;33mroot\u001b[0m \u001b[34m28 Jul 08:18\u001b[0m  \u001b[38;5;244m├──\u001b[0m hello.rs\r\n\u001b[1;34md\u001b[33mr\u001b[31mw\u001b[32mx\u001b[0m\u001b[33mr\u001b[38;5;244m-\u001b[32mx\u001b[33mr\u001b[38;5;244m-\u001b[32mx\u001b[0m     \u001b[38;5;244m-\u001b[0m \u001b[1;33mroot\u001b[0m \u001b[34m28 Jul 08:18\u001b[0m  \u001b[38;5;244m└──\u001b[0m \u001b[1;34mjson\u001b[0m\r\n.\u001b[1;33mr\u001b[31mw\u001b[0m\u001b[38;5;244m-\u001b[33mr\u001b[38;5;244m--\u001b[33mr\u001b[38;5;244m--\u001b[0m   \u001b[1;32m136\u001b[0m \u001b[1;33mroot\u001b[0m \u001b[34m28 Jul 08:18\u001b[0m  \u001b[38;5;244m   ├──\u001b[0m data.json\r\n" ]
[ 15.58586, "o", ".\u001b[1;33mr\u001b[31mw\u001b[0m\u001b[38;5;244m-\u001b[33mr\u001b[38;5;244m--\u001b[33mr\u001b[38;5;244m--\u001b[0m   \u001b[1;32m286\u001b[0m \u001b[1;33mroot\u001b[0m \u001b[34m28 Jul 08:18\u001b[0m  \u001b[38;5;244m   └──\u001b[0m test.json\r\n" ]
[ 15.58609, "o", "\u001b[1m\u001b[7m#\u001b[27m\u001b[1m\u001b[0m                                                                                                   \r \r\r\u001b[0m\u001b[27m\u001b[24m\u001b[J\r\n\u001b[19491001\u001b[1;35m> \u001b[20210325\u001b[0m" ]
[ 15.58620, "o", "\u001b[K\u001b[?2004h" ]
[ 16.51482, "o", "#\b# " ]
[ 16.61812, "o", "统" ]
[ 16.77263, "o", "计" ]
[ 16.92808, "o", "整" ]
[ 17.08310, "o", "个" ]
[ 17.23829, "o", "项" ]
[ 17.39344, "o", "目" ]
[ 17.54861, "o", "的" ]
[ 17.70366, "o", "代" ]
[ 17.85921, "o", "码" ]
[ 17.91104, "o", "\u001b[?2004l\r\r\n\u001b[1m\u001b[7m#\u001b[27m\u001b[1m\u001b[0m                                                                                                   \r \r\r\u001b[0m\u001b[27m\u001b[24m\u001b[J\r\n\u001b[19491001\u001b[1;35m> \u001b[20210325\u001b[0m\u001b[K" ]
[ 17.91111, "o", "\u001b[?2004h" ]
[ 19.41428, "o", "t" ]
[ 19.46630, "o", "\bto" ]
[ 19.51831, "o", "k" ]
[ 19.56976, "o", "e" ]
[ 19.62189, "o", "i" ]
[ 19.67340, "o", " " ]
[ 19.72527, "o", "." ]
[ 19.77686, "o", "/" ]
[ 20.33069, "o", "\u001b[?2004l\r\r\n" ]
