{"version":2,"width":100,"height":26,"timestamp":1690277391,"env":{"SHELL":"","TERM":"xterm"}}
[ 0.00000, "o", "" ]
[ 0.14318, "o", "\u001b[19491001\u001b[1;35m> \u001b[20210325\u001b[0m\u001b[K\u001b[?2004h" ]
[ 2.42454, "o", "#" ]
[ 2.42461, "o", "\b# " ]
[ 2.52825, "o", "使" ]
[ 2.68333, "o", "用" ]
[ 2.73543, "o", " " ]
[ 2.78709, "o", "`" ]
[ 2.83911, "o", "x" ]
[ 2.89065, "o", " " ]
[ 2.94220, "o", "t" ]
[ 2.99393, "o", "r" ]
[ 3.04562, "o", "a" ]
[ 3.09720, "o", "c" ]
[ 3.14920, "o", "e" ]
[ 3.20083, "o", "r" ]
[ 3.25341, "o", "o" ]
[ 3.30529, "o", "u" ]
[ 3.35684, "o", "t" ]
[ 3.40898, "o", "e" ]
[ 3.46053, "o", "`" ]
[ 3.51275, "o", " " ]
[ 3.66837, "o", "命" ]
[ 3.82385, "o", "令" ]
[ 3.97896, "o", "格" ]
[ 4.13469, "o", "式" ]
[ 4.29035, "o", "能" ]
[ 4.44498, "o", "快" ]
[ 4.60038, "o", "捷" ]
[ 4.75557, "o", "地" ]
[ 4.91134, "o", "使" ]
[ 5.06661, "o", "用" ]
[ 5.11842, "o", " " ]
[ 5.17043, "o", "`" ]
[ 5.22197, "o", "t" ]
[ 5.27388, "o", "r" ]
[ 5.32529, "o", "a" ]
[ 5.37729, "o", "c" ]
[ 5.42901, "o", "e" ]
[ 5.48072, "o", "r" ]
[ 5.53284, "o", "o" ]
[ 5.58447, "o", "u" ]
[ 5.63695, "o", "t" ]
[ 5.68851, "o", "e" ]
[ 5.74049, "o", "`" ]
[ 5.79216, "o", " " ]
[ 5.94737, "o", "命" ]
[ 6.10260, "o", "令" ]
[ 6.15410, "o", "\u001b[?2004l\r\r\n" ]
[ 6.15423, "o", "\u001b[1m\u001b[7m#\u001b[27m\u001b[1m\u001b[0m                                                                                                   \r \r\r\u001b[0m\u001b[27m\u001b[24m\u001b[J\r\n\u001b[19491001\u001b[1;35m> \u001b[20210325\u001b[0m\u001b[K\u001b[?2004h" ]
[ 6.65594, "o", "x" ]
[ 6.70767, "o", "\bx " ]
[ 6.75914, "o", "t" ]
[ 6.81087, "o", "r" ]
[ 6.86277, "o", "a" ]
[ 6.91441, "o", "c" ]
[ 6.96624, "o", "e" ]
[ 7.01791, "o", "r" ]
[ 7.07004, "o", "o" ]
[ 7.12169, "o", "u" ]
[ 7.17367, "o", "t" ]
[ 7.22561, "o", "e" ]
[ 7.27740, "o", " " ]
[ 7.32938, "o", "-" ]
[ 7.38195, "o", "-" ]
[ 7.43354, "o", "v" ]
[ 7.48519, "o", "e" ]
[ 7.53713, "o", "r" ]
[ 7.58859, "o", "s" ]
[ 7.64086, "o", "i" ]
[ 7.69265, "o", "o" ]
[ 7.74484, "o", "n" ]
[ 7.99849, "o", "\u001b[?2004l\r\r\n" ]
[ 8.07641, "o", "Modern traceroute for Linux, version 2.1.0\r\nCopyright (c) 2016  Dmitry Butskoy,   License: GPL v2 or any later\r\n" ]
[ 8.07647, "o", "\u001b[1m\u001b[7m#\u001b[27m\u001b[1m\u001b[0m                                                                                                   \r \r\r\u001b[0m\u001b[27m\u001b[24m\u001b[J\r\n\u001b[19491001\u001b[1;35m> \u001b[20210325\u001b[0m\u001b[K" ]
[ 8.07658, "o", "\u001b[?2004h" ]
[ 10.43538, "o", "#\b# " ]
[ 10.53862, "o", "使" ]
[ 10.69387, "o", "用" ]
[ 10.74557, "o", " " ]
[ 10.79729, "o", "`" ]
[ 10.84917, "o", "x" ]
[ 10.90086, "o", " " ]
[ 10.95256, "o", "e" ]
[ 11.00402, "o", "n" ]
[ 11.05625, "o", "v" ]
[ 11.10872, "o", " " ]
[ 11.16038, "o", "u" ]
[ 11.21239, "o", "s" ]
[ 11.26392, "o", "e" ]
[ 11.31595, "o", "`" ]
[ 11.36812, "o", " " ]
[ 11.52321, "o", "能" ]
[ 11.67869, "o", "自" ]
[ 11.83338, "o", "动" ]
[ 11.98901, "o", "安" ]
[ 12.14486, "o", "装" ]
[ 12.30109, "o", "并" ]
[ 12.45618, "o", "配" ]
[ 12.61170, "o", "置" ]
[ 12.76719, "o", "好" ]
[ 12.92351, "o", "相" ]
[ 13.07916, "o", "应" ]
[ 13.23470, "o", "的" ]
[ 13.39013, "o", "全" ]
[ 13.54563, "o", "局" ]
[ 13.70220, "o", "环" ]
[ 13.85727, "o", "境" ]
[ 14.01283, "o", "变" ]
[ 14.16784, "o", "量" ]
[ 14.21948, "o", "\u001b[?2004l\r\r\n\u001b[1m\u001b[7m#\u001b[27m\u001b[1m\u001b[0m                                                                                                   \r \r" ]
[ 14.21959, "o", "\r\u001b[0m\u001b[27m\u001b[24m\u001b[J\r\n\u001b[19491001\u001b[1;35m> \u001b[20210325\u001b[0m\u001b[K\u001b[?2004h" ]
[ 14.72197, "o", "x" ]
[ 14.77354, "o", "\bx " ]
[ 14.82550, "o", "e" ]
[ 14.87737, "o", "n" ]
[ 14.92914, "o", "v" ]
[ 14.98101, "o", " " ]
[ 15.03277, "o", "u" ]
[ 15.08441, "o", "s" ]
[ 15.13592, "o", "e" ]
[ 15.18810, "o", " " ]
[ 15.24039, "o", "t" ]
[ 15.29290, "o", "r" ]
[ 15.34477, "o", "a" ]
[ 15.39636, "o", "c" ]
[ 15.44833, "o", "e" ]
[ 15.49990, "o", "r" ]
[ 15.55216, "o", "o" ]
[ 15.60423, "o", "u" ]
[ 15.65590, "o", "t" ]
[ 15.70799, "o", "e" ]
[ 15.96139, "o", "\u001b[?2004l\r\r\n" ]
[ 16.04570, "o", "- \u001b[32mI\u001b[0m\u001b[32m|pkg: \u001b[0mSuccessfully set link from path \u001b[0m\r\n" ]
[ 16.06798, "o", "- \u001b[32mI\u001b[0m\u001b[32m|env: \u001b[0mSuccessfully set traceroute=v0.0.1 in the current environment.\u001b[0m\r\n" ]
[ 16.12727, "o", "- \u001b[32mI\u001b[0m\u001b[32m|env: \u001b[0mConfig file updated to /root/.x-cmd.root/local/data/env/version\u001b[0m\r\n" ]
[ 16.12743, "o", "\u001b[1m\u001b[7m#\u001b[27m\u001b[1m\u001b[0m                                                                                                   \r \r\r\u001b[0m\u001b[27m\u001b[24m\u001b[J\r\n\u001b[19491001\u001b[1;35m> \u001b[20210325\u001b[0m\u001b[K\u001b[?2004h" ]
[ 18.44801, "o", "#" ]
[ 18.44815, "o", "\b# " ]
[ 18.55192, "o", "跟" ]
[ 18.70660, "o", "踪" ]
[ 18.86284, "o", "数" ]
[ 19.01900, "o", "据" ]
[ 19.17454, "o", "报" ]
[ 19.32987, "o", "的" ]
[ 19.48487, "o", "传" ]
[ 19.63941, "o", "输" ]
[ 19.79408, "o", "路" ]
[ 19.94975, "o", "径" ]
[ 20.00125, "o", "\u001b[?2004l\r\r\n" ]
[ 20.00142, "o", "\u001b[1m\u001b[7m#\u001b[27m\u001b[1m\u001b[0m                                                                                                   \r \r\r\u001b[0m\u001b[27m\u001b[24m\u001b[J\r\n\u001b[19491001\u001b[1;35m> \u001b[20210325\u001b[0m\u001b[K\u001b[?2004h" ]
[ 20.50353, "o", "t" ]
[ 20.55580, "o", "\btr" ]
[ 20.60798, "o", "a" ]
[ 20.65973, "o", "c" ]
[ 20.71139, "o", "e" ]
[ 20.76362, "o", "r" ]
[ 20.81542, "o", "o" ]
[ 20.86727, "o", "u" ]
[ 20.91892, "o", "t" ]
[ 20.97093, "o", "e" ]
[ 21.02297, "o", " " ]
[ 21.07442, "o", "w" ]
[ 21.12619, "o", "w" ]
[ 21.17776, "o", "w" ]
[ 21.22962, "o", "." ]
[ 21.28128, "o", "g" ]
[ 21.33338, "o", "i" ]
[ 21.38525, "o", "t" ]
[ 21.43726, "o", "h" ]
[ 21.48913, "o", "u" ]
[ 21.54056, "o", "b" ]
[ 21.59278, "o", "." ]
[ 21.64442, "o", "c" ]
[ 21.69624, "o", "o" ]
[ 21.74813, "o", "m" ]
[ 22.00151, "o", "\u001b[?2004l\r\r\n" ]
[ 22.01563, "o", "traceroute to www.github.com (20.205.243.166), 30 hops max, 60 byte packets" ]
[ 22.01631, "o", "\r\n" ]
[ 23.05069, "o", " 1  172.17.0.1 (172.17.0.1)  0.025 ms  0.010 ms  0.006 ms\r\n" ]
[ 24.08516, "o", " 2  192.168.65.5 (192.168.65.5)  0.020 ms  0.012 ms  0.010 ms" ]
[ 27.03152, "o", "\r\n 3  * * *\r\n 4  * * *\r\n 5  * * *\r\n 6  *" ]
[ 29.09632, "o", " * *\r\n 7  * * *\r\n 8  *" ]
[ 32.03623, "o", " * *\r\n 9  * * *\r\n10  * * *\r\n11  * *" ]
[ 34.10685, "o", " *\r\n12  * * *\r\n13  * *" ]
[ 37.05187, "o", " *\r\n14  * * *\r\n15  * * *\r\n16  * * *" ]
[ 39.11761, "o", "\r\n17  * * *\r\n18  * * *" ]
[ 42.06763, "o", "\r\n19  * * *\r\n20  * * *\r\n21  * * *\r\n22  *" ]
[ 44.12851, "o", " * *\r\n23  * * *\r\n24  *" ]
[ 47.08357, "o", " * *\r\n25  * * *\r\n26  * * *\r\n27  * *" ]
[ 49.13948, "o", " *\r\n28  * * *\r\n29  * *" ]
[ 52.09910, "o", " *\r\n30  * * *\r\n" ]
[ 52.09934, "o", "\u001b[1m\u001b[7m#\u001b[27m\u001b[1m\u001b[0m                                                                                                   \r \r\r\u001b[0m\u001b[27m\u001b[24m\u001b[J\r\n\u001b[19491001\u001b[1;35m> \u001b[20210325\u001b[0m\u001b[K\u001b[?2004h" ]
[ 54.49611, "o", "#\b# " ]
[ 54.60066, "o", "指" ]
[ 54.75665, "o", "定" ]
[ 54.91161, "o", "传" ]
[ 55.06726, "o", "输" ]
[ 55.22310, "o", "数" ]
[ 55.37831, "o", "据" ]
[ 55.53303, "o", "包" ]
[ 55.68828, "o", "所" ]
[ 55.84380, "o", "使" ]
[ 55.99863, "o", "用" ]
[ 56.15366, "o", "的" ]
[ 56.30957, "o", "端" ]
[ 56.46562, "o", "口" ]
[ 56.62060, "o", "号" ]
[ 56.67260, "o", "\u001b[?2004l\r\r\n\u001b[1m\u001b[7m#\u001b[27m\u001b[1m\u001b[0m                                                                                                   \r \r" ]
[ 56.67279, "o", "\r\u001b[0m\u001b[27m\u001b[24m\u001b[J\r\n\u001b[19491001\u001b[1;35m> \u001b[20210325\u001b[0m\u001b[K\u001b[?2004h" ]
[ 57.50228, "o", "t" ]
[ 57.55428, "o", "\btr" ]
