{"version":2,"width":100,"height":26,"timestamp":1690611876,"env":{"SHELL":"","TERM":"xterm"}}
[ 0.00000, "o", "" ]
[ 0.13429, "o", "\u001b[19491001\u001b[1;35m> \u001b[20210325\u001b[0m\u001b[K\u001b[?2004h" ]
[ 0.41755, "o", "#\b# " ]
[ 0.52176, "o", "使" ]
[ 0.67734, "o", "用" ]
[ 0.72892, "o", " " ]
[ 0.78147, "o", "`" ]
[ 0.83334, "o", "x" ]
[ 0.88487, "o", " " ]
[ 0.93668, "o", "t" ]
[ 0.98802, "o", "r" ]
[ 1.04012, "o", "d" ]
[ 1.09164, "o", "s" ]
[ 1.14356, "o", "q" ]
[ 1.19557, "o", "l" ]
[ 1.24711, "o", "`" ]
[ 1.29903, "o", " " ]
[ 1.45337, "o", "命" ]
[ 1.60886, "o", "令" ]
[ 1.76404, "o", "格" ]
[ 1.91937, "o", "式" ]
[ 2.07469, "o", "能" ]
[ 2.23065, "o", "快" ]
[ 2.38600, "o", "捷" ]
[ 2.54136, "o", "地" ]
[ 2.69728, "o", "使" ]
[ 2.85288, "o", "用" ]
[ 2.90453, "o", " " ]
[ 2.95647, "o", "`" ]
[ 3.00868, "o", "t" ]
[ 3.06080, "o", "r" ]
[ 3.11237, "o", "d" ]
[ 3.16429, "o", "s" ]
[ 3.21606, "o", "q" ]
[ 3.26792, "o", "l" ]
[ 3.31989, "o", "`" ]
[ 3.37190, "o", " " ]
[ 3.52688, "o", "命" ]
[ 3.68141, "o", "令" ]
[ 3.73352, "o", "\u001b[?2004l\r\r\n" ]
[ 3.73379, "o", "\u001b[1m\u001b[7m#\u001b[27m\u001b[1m\u001b[0m                                                                                                   \r \r\r\u001b[0m\u001b[27m\u001b[24m\u001b[J\r\n\u001b[19491001\u001b[1;35m> \u001b[20210325\u001b[0m\u001b[K\u001b[?2004h" ]
[ 5.23695, "o", "x" ]
[ 5.28929, "o", "\bx " ]
[ 5.34109, "o", "t" ]
[ 5.39297, "o", "r" ]
[ 5.44496, "o", "d" ]
[ 5.49642, "o", "s" ]
[ 5.54808, "o", "q" ]
[ 5.60033, "o", "l" ]
[ 5.65204, "o", " " ]
[ 5.70343, "o", "-" ]
[ 5.75527, "o", "-" ]
[ 5.80681, "o", "v" ]
[ 5.85846, "o", "e" ]
[ 5.91041, "o", "r" ]
[ 5.96211, "o", "s" ]
[ 6.01372, "o", "i" ]
[ 6.06564, "o", "o" ]
[ 6.11784, "o", "n" ]
[ 6.37130, "o", "\u001b[?2004l\r\r\n" ]
[ 6.44277, "o", "trdsql version v0.11.1\r\n" ]
[ 6.44329, "o", "\u001b[1m\u001b[7m#\u001b[27m\u001b[1m\u001b[0m                                                                                                   \r \r\r\u001b[0m\u001b[27m\u001b[24m\u001b[J\r\n\u001b[19491001\u001b[1;35m> \u001b[20210325\u001b[0m\u001b[K" ]
[ 6.44350, "o", "\u001b[?2004h" ]
[ 7.37311, "o", "#" ]
[ 7.37316, "o", "\b# " ]
[ 7.47628, "o", "使" ]
[ 7.63161, "o", "用" ]
[ 7.68365, "o", " " ]
[ 7.73540, "o", "`" ]
[ 7.78763, "o", "x" ]
[ 7.83939, "o", " " ]
[ 7.89123, "o", "e" ]
[ 7.94276, "o", "n" ]
[ 7.99436, "o", "v" ]
[ 8.04671, "o", " " ]
[ 8.09862, "o", "u" ]
[ 8.15091, "o", "s" ]
[ 8.20298, "o", "e" ]
[ 8.25497, "o", "`" ]
[ 8.30677, "o", " " ]
[ 8.46219, "o", "能" ]
[ 8.61832, "o", "自" ]
[ 8.77381, "o", "动" ]
[ 8.92909, "o", "安" ]
[ 9.08441, "o", "装" ]
[ 9.23958, "o", "并" ]
[ 9.39562, "o", "配" ]
[ 9.55053, "o", "置" ]
[ 9.70607, "o", "好" ]
[ 9.86056, "o", "相" ]
[ 10.01591, "o", "应" ]
[ 10.17200, "o", "的" ]
[ 10.32712, "o", "全" ]
[ 10.48195, "o", "局" ]
[ 10.63730, "o", "环" ]
[ 10.79324, "o", "境" ]
[ 10.94848, "o", "变" ]
[ 11.10468, "o", "量" ]
[ 11.15648, "o", "\u001b[?2004l\r\r\n" ]
[ 11.15668, "o", "\u001b[1m\u001b[7m#\u001b[27m\u001b[1m\u001b[0m                                                                                                   \r \r\r\u001b[0m\u001b[27m\u001b[24m\u001b[J\r\n\u001b[19491001\u001b[1;35m> \u001b[20210325\u001b[0m\u001b[K\u001b[?2004h" ]
[ 12.66000, "o", "x" ]
[ 12.71077, "o", "\bx " ]
[ 12.76268, "o", "e" ]
[ 12.81428, "o", "n" ]
[ 12.86680, "o", "v" ]
[ 12.91846, "o", " " ]
[ 12.97015, "o", "u" ]
[ 13.02180, "o", "s" ]
[ 13.07394, "o", "e" ]
[ 13.12558, "o", " " ]
[ 13.17721, "o", "t" ]
[ 13.22917, "o", "r" ]
[ 13.28096, "o", "d" ]
[ 13.33317, "o", "s" ]
[ 13.38471, "o", "q" ]
[ 13.43670, "o", "l" ]
[ 13.68999, "o", "\u001b[?2004l\r\r\n" ]
[ 13.86244, "o", "- \u001b[32mI\u001b[0m\u001b[32m|pkg: \u001b[0mSuccessfully set link from path \u001b[0m\r\n" ]
[ 13.90256, "o", "- \u001b[32mI\u001b[0m\u001b[32m|env: \u001b[0mSuccessfully set trdsql=v0.0.1 in the current environment.\u001b[0m\r\n" ]
[ 13.97603, "o", "- \u001b[32mI\u001b[0m\u001b[32m|env: \u001b[0mConfig file updated to /root/.x-cmd.root/local/data/env/version\u001b[0m\r\n" ]
[ 13.97619, "o", "\u001b[1m\u001b[7m#\u001b[27m\u001b[1m\u001b[0m                                                                                                   \r \r" ]
[ 13.97629, "o", "\r\u001b[0m\u001b[27m\u001b[24m\u001b[J\r\n\u001b[19491001\u001b[1;35m> \u001b[20210325\u001b[0m\u001b[K\u001b[?2004h" ]
[ 14.69197, "o", "x" ]
[ 14.74430, "o", "\bx " ]
[ 14.79581, "o", "c" ]
[ 14.84772, "o", "a" ]
[ 14.89972, "o", "t" ]
[ 14.95157, "o", " " ]
[ 15.00390, "o", "d" ]
[ 15.05538, "o", "a" ]
[ 15.10733, "o", "t" ]
[ 15.15861, "o", "a" ]
[ 15.21039, "o", "." ]
[ 15.26180, "o", "c" ]
[ 15.31358, "o", "s" ]
[ 15.36541, "o", "v" ]
[ 15.61868, "o", "\u001b[?2004l\r\r\n" ]
[ 15.76366, "o", "\r\u001b[38;5;238m───────┬────────────────────────────────────────────────────────────────────────────────────────────\u001b[0m\u001b[m\r\n       \u001b[38;5;238m│ \u001b[0mFile: \u001b[1mdata.csv\u001b[0m\u001b[m\r\n\u001b[38;5;238m───────┼────────────────────────────────────────────────────────────────────────────────────────────\u001b[0m\u001b[m\r\n\u001b[38;5;238m   1\u001b[0m   \u001b[38;5;238m│\u001b[0m \u001b[38;5;149mPID\u001b[0m\u001b[38;5;208m,\u001b[0m\u001b[38;5;81mTTY\u001b[0m\u001b[38;5;208m,\u001b[0m\u001b[38;5;141mTIME\u001b[0m\u001b[38;5;208m,\u001b[0m\u001b[38;5;203mCMD\u001b[0m\u001b[m\r\n\u001b[38;5;238m   2\u001b[0m   \u001b[38;5;238m│\u001b[0m \u001b[38;5;149m9446\u001b[0m\u001b[38;5;208m,\u001b[0m\u001b[38;5;81mpts/2\u001b[0m\u001b[38;5;208m,\u001b[0m\u001b[38;5;141m00:00:00\u001b[0m\u001b[38;5;208m,\u001b[0m\u001b[38;5;203mbas" ]
[ 15.76383, "o", "h\u001b[" ]
[ 15.76386, "o", "0m\u001b[m\r\n\u001b[38;5;238m   3\u001b[0m   \u001b[38;5;238m│\u001b[0m \u001b[38;5;149m17654\u001b[0m\u001b[38;5;208m,\u001b[0m\u001b[38;5;81mpts/2\u001b[0m\u001b[38;5;208m,\u001b[0m\u001b[38;5;141m00:00:00\u001b[0m\u001b[38;5;208m,\u001b[0m\u001b[38;5;203mgit\u001b[0m\u001b[m\r\n\u001b[38;5;238m───────┴────────────────────────────────────────────────────────────────────────────────────────────\u001b[0m\u001b[m\r\n\r\u001b[K" ]
[ 15.76990, "o", "\u001b[1m\u001b[7m#\u001b[27m\u001b[1m\u001b[0m                                                                                                   \r \r\r\u001b[0m\u001b[27m\u001b[24m\u001b[J\r\n\u001b[19491001\u001b[1;35m> \u001b[20210325\u001b[0m\u001b[K\u001b[?2004h" ]
[ 17.62103, "o", "#\b# " ]
[ 17.72465, "o", "打" ]
[ 17.87997, "o", "印" ]
[ 17.93182, "o", " " ]
[ 17.98321, "o", "d" ]
[ 18.03517, "o", "a" ]
[ 18.08696, "o", "t" ]
[ 18.13908, "o", "a" ]
[ 18.19076, "o", "." ]
[ 18.24215, "o", "c" ]
[ 18.29435, "o", "s" ]
[ 18.34607, "o", "v" ]
[ 18.39790, "o", " " ]
[ 18.55362, "o", "数" ]
[ 18.70764, "o", "据" ]
[ 18.86245, "o", "中" ]
[ 19.01807, "o", "的" ]
[ 19.17361, "o", "第" ]
[ 19.22586, "o", " " ]
[ 19.27753, "o", "1" ]
[ 19.43245, "o", "，" ]
[ 19.48420, "o", "2" ]
[ 19.53566, "o", " " ]
[ 19.69079, "o", "列" ]
[ 19.74246, "o", "\u001b[?2004l\r\r\n" ]
[ 19.74262, "o", "\u001b[1m\u001b[7m#\u001b[27m\u001b[1m\u001b[0m                                                                                                   \r \r\r\u001b[0m\u001b[27m\u001b[24m\u001b[J\r\n\u001b[19491001\u001b[1;35m> \u001b[20210325\u001b[0m\u001b[K\u001b[?2004h" ]
[ 21.24626, "o", "t" ]
[ 21.29788, "o", "\btr" ]
[ 21.34932, "o", "d" ]
[ 21.40093, "o", "s" ]
[ 21.45266, "o", "q" ]
[ 21.50491, "o", "l" ]
[ 21.55655, "o", " " ]
[ 21.60872, "o", "\"" ]
[ 21.66057, "o", "S" ]
[ 21.71283, "o", "E" ]
[ 21.76422, "o", "L" ]
[ 21.81579, "o", "E" ]
[ 21.86760, "o", "C" ]
[ 21.91964, "o", "T" ]
[ 21.97151, "o", " " ]
[ 22.02309, "o", "c" ]
[ 22.07453, "o", "1" ]
[ 22.12641, "o", "," ]
[ 22.17826, "o", "c" ]
[ 22.22967, "o", "2" ]
[ 22.28265, "o", " " ]
[ 22.33460, "o", "F" ]
[ 22.38694, "o", "R" ]
[ 22.43866, "o", "O" ]
[ 22.49041, "o", "M" ]
[ 22.54234, "o", " " ]
[ 22.59401, "o", "d" ]
[ 22.64569, "o", "a" ]
[ 22.69738, "o", "t" ]
[ 22.74886, "o", "a" ]
