{"version":2,"width":100,"height":26,"timestamp":1692929725,"env":{"SHELL":"/bin/zsh","TERM":"xterm-256color"}}
[ 0.00000, "o", "" ]
[ 1.30083, "o", "\u001b[19491001\u001b[1;35m> \u001b[20210325\u001b[0m\u001b[K" ]
[ 1.30098, "o", "\u001b[?1h\u001b=\u001b[?2004h" ]
[ 3.25783, "o", "#\b# " ]
[ 3.36147, "o", "使" ]
[ 3.51689, "o", "用" ]
[ 3.56869, "o", " " ]
[ 3.62075, "o", "`" ]
[ 3.67222, "o", "x" ]
[ 3.72374, "o", " " ]
[ 3.77554, "o", "v" ]
[ 3.82742, "o", "h" ]
[ 3.87911, "o", "s" ]
[ 3.93062, "o", "`" ]
[ 3.98207, "o", " " ]
[ 4.13735, "o", "命" ]
[ 4.29282, "o", "令" ]
[ 4.44940, "o", "格" ]
[ 4.60440, "o", "式" ]
[ 4.75942, "o", "能" ]
[ 4.91516, "o", "快" ]
[ 5.07028, "o", "捷" ]
[ 5.22656, "o", "地" ]
[ 5.38240, "o", "使" ]
[ 5.53780, "o", "用" ]
[ 5.58964, "o", " " ]
[ 5.64174, "o", "`" ]
[ 5.69283, "o", "v" ]
[ 5.74490, "o", "h" ]
[ 5.79667, "o", "s" ]
[ 5.84833, "o", "`" ]
[ 5.89968, "o", " " ]
[ 6.05578, "o", "命" ]
[ 6.21098, "o", "令" ]
[ 6.26289, "o", "\u001b[?1l\u001b>\u001b[?2004l\r\r\n" ]
[ 6.26350, "o", "\u001b[1m\u001b[7m%\u001b[27m\u001b[1m\u001b[0m                                                                                                   \r \r" ]
[ 6.26355, "o", "\u001b]2;lxb@LAPTOP-983RA9LH:~/x-cmd/pkg_cmd/x-cmd-pkg/src/terminal/vhs/test\u0007\u001b]1;..inal/vhs/test\u0007" ]
[ 6.26595, "o", "\u001b]7;file://LAPTOP-983RA9LH/home/lxb/x-cmd/pkg_cmd/x-cmd-pkg/src/terminal/vhs/test\u001b\\" ]
[ 6.26605, "o", "\r\u001b[0m\u001b[27m\u001b[24m\u001b[J\r\n\u001b[19491001\u001b[1;35m> \u001b[20210325\u001b[0m\u001b[K\u001b[?1h\u001b=" ]
[ 6.26630, "o", "\u001b[?2004h" ]
[ 7.26487, "o", "x" ]
[ 7.31727, "o", "\bx " ]
[ 7.36959, "o", "v" ]
[ 7.42176, "o", "h" ]
[ 7.47328, "o", "s" ]
[ 7.52476, "o", " " ]
[ 7.57688, "o", "-" ]
[ 7.62908, "o", "-" ]
[ 7.68053, "o", "v" ]
[ 7.73247, "o", "e" ]
[ 7.78455, "o", "r" ]
[ 7.83661, "o", "s" ]
[ 7.88868, "o", "i" ]
[ 7.94099, "o", "o" ]
[ 7.99258, "o", "n" ]
[ 8.24628, "o", "\u001b[?1l\u001b>\u001b[?2004l\r\r\n" ]
[ 8.24688, "o", "\u001b]2;x vhs --version\u0007\u001b]1;x\u0007" ]
[ 8.52245, "o", "\u001b]10;?\u001b\\\u001b[6n" ]
[ 8.52315, "o", "\u001b]11;?\u001b\\\u001b[6n" ]
[ 8.52428, "o", "vhs version v0.5.0 (59a14d0)\r\n" ]
[ 8.52524, "o", "\u001b[1m\u001b[7m%\u001b[27m\u001b[1m\u001b[0m                                                                                                   \r \r" ]
[ 8.52533, "o", "\u001b]2;lxb@LAPTOP-983RA9LH:~/x-cmd/pkg_cmd/x-cmd-pkg/src/terminal/vhs/test\u0007\u001b]1;..inal/vhs/test\u0007" ]
[ 8.52749, "o", "\u001b]7;file://LAPTOP-983RA9LH/home/lxb/x-cmd/pkg_cmd/x-cmd-pkg/src/terminal/vhs/test\u001b\\" ]
[ 8.52763, "o", "\r\u001b[0m\u001b[27m\u001b[24m\u001b[J\r\n\u001b[19491001\u001b[1;35m> \u001b[20210325\u001b[0m\u001b[K" ]
[ 8.52774, "o", "\u001b[?1h\u001b=\u001b[?2004h" ]
[ 11.27099, "o", "#\b# " ]
[ 11.37464, "o", "使" ]
[ 11.52997, "o", "用" ]
[ 11.58152, "o", " " ]
[ 11.63360, "o", "`" ]
[ 11.68562, "o", "x" ]
[ 11.73773, "o", " " ]
[ 11.78935, "o", "e" ]
[ 11.84131, "o", "n" ]
[ 11.89358, "o", "v" ]
[ 11.94552, "o", " " ]
[ 11.99703, "o", "u" ]
[ 12.04909, "o", "s" ]
[ 12.10088, "o", "e" ]
[ 12.15239, "o", "`" ]
[ 12.20434, "o", " " ]
[ 12.35982, "o", "能" ]
[ 12.51522, "o", "自" ]
[ 12.67047, "o", "动" ]
[ 12.82491, "o", "安" ]
[ 12.98012, "o", "装" ]
[ 13.13557, "o", "并" ]
[ 13.29084, "o", "配" ]
[ 13.44671, "o", "置" ]
[ 13.60259, "o", "好" ]
[ 13.75778, "o", "相" ]
[ 13.91429, "o", "应" ]
[ 14.07006, "o", "的" ]
[ 14.22522, "o", "全" ]
[ 14.38113, "o", "局" ]
[ 14.53667, "o", "环" ]
[ 14.69234, "o", "境" ]
[ 14.84759, "o", "变" ]
[ 15.00294, "o", "量" ]
[ 15.05459, "o", "\u001b[?1l\u001b>" ]
[ 15.05480, "o", "\u001b[?2004l\r\r\n" ]
[ 15.05517, "o", "\u001b[1m\u001b[7m%\u001b[27m\u001b[1m\u001b[0m                                                                                                   \r \r" ]
[ 15.05532, "o", "\u001b]2;lxb@LAPTOP-983RA9LH:~/x-cmd/pkg_cmd/x-cmd-pkg/src/terminal/vhs/test\u0007\u001b]1;..inal/vhs/test\u0007" ]
[ 15.05778, "o", "\u001b]7;file://LAPTOP-983RA9LH/home/lxb/x-cmd/pkg_cmd/x-cmd-pkg/src/terminal/vhs/test\u001b\\" ]
[ 15.05795, "o", "\r\u001b[0m\u001b[27m\u001b[24m\u001b[J\r\n\u001b[19491001\u001b[1;35m> \u001b[20210325\u001b[0m\u001b[K" ]
[ 15.05814, "o", "\u001b[?1h\u001b=\u001b[?2004h" ]
[ 15.55674, "o", "x" ]
[ 15.61038, "o", "\bx " ]
[ 15.66204, "o", "e" ]
[ 15.71348, "o", "n" ]
[ 15.76537, "o", "v" ]
[ 15.81674, "o", " " ]
[ 15.86876, "o", "u" ]
[ 15.92053, "o", "s" ]
[ 15.97260, "o", "e" ]
[ 16.02433, "o", " " ]
[ 16.07629, "o", "v" ]
[ 16.12780, "o", "h" ]
[ 16.18014, "o", "s" ]
[ 16.43399, "o", "\u001b[?1l\u001b>" ]
[ 16.43408, "o", "\u001b[?2004l\r\r\n" ]
[ 16.43463, "o", "\u001b]2;x env use vhs\u0007\u001b]1;x\u0007" ]
[ 16.87289, "o", "- \u001b[32mI\u001b[0m\u001b[32m|pkg: \u001b[0mSuccessfully set link from path \u001b[0m\r\n" ]
[ 16.98475, "o", "- \u001b[32mI\u001b[0m\u001b[32m|env: \u001b[0mSuccessfully set vhs=v0.5.0 in the current environment.\u001b[0m\r\n" ]
[ 17.18340, "o", "- \u001b[32mI\u001b[0m\u001b[32m|env: \u001b[0mConfig file updated to /home/lxb/.x-cmd.root/local/data/env/version\u001b[0m\r\n" ]
[ 17.18390, "o", "\u001b[1m\u001b[7m%\u001b[27m\u001b[1m\u001b[0m                                                                                                   \r \r" ]
[ 17.18404, "o", "\u001b]2;lxb@LAPTOP-983RA9LH:~/x-cmd/pkg_cmd/x-cmd-pkg/src/terminal/vhs/test\u0007\u001b]1;..inal/vhs/test\u0007" ]
[ 17.18637, "o", "\u001b]7;file://LAPTOP-983RA9LH/home/lxb/x-cmd/pkg_cmd/x-cmd-pkg/src/terminal/vhs/test\u001b\\" ]
[ 17.18650, "o", "\r\u001b[0m\u001b[27m\u001b[24m\u001b[J\r\n\u001b[19491001\u001b[1;35m> \u001b[20210325\u001b[0m\u001b[K" ]
[ 17.18664, "o", "\u001b[?1h\u001b=\u001b[?2004h" ]
[ 18.43696, "o", "#\b# " ]
[ 18.54005, "o", "创" ]
[ 18.69646, "o", "建" ]
[ 18.85142, "o", "新" ]
[ 19.00644, "o", "的" ]
[ 19.05827, "o", " " ]
[ 19.11007, "o", "t" ]
[ 19.16158, "o", "a" ]
[ 19.21305, "o", "p" ]
[ 19.26516, "o", "e" ]
[ 19.31669, "o", " " ]
[ 19.47213, "o", "文" ]
[ 19.62773, "o", "件" ]
[ 19.78299, "o", "（" ]
[ 19.93854, "o", "默" ]
[ 20.09408, "o", "认" ]
[ 20.24937, "o", "内" ]
[ 20.40498, "o", "容" ]
[ 20.56039, "o", "为" ]
[ 20.71602, "o", "官" ]
[ 20.87115, "o", "方" ]
[ 20.92277, "o", " " ]
[ 20.97493, "o", "'" ]
[ 21.02601, "o", "W" ]
[ 21.07822, "o", "e" ]
[ 21.13035, "o", "l" ]
[ 21.18197, "o", "c" ]
[ 21.23359, "o", "o" ]
[ 21.28554, "o", "m" ]
[ 21.33704, "o", "e" ]
[ 21.38884, "o", " " ]
[ 21.44039, "o", "t" ]
[ 21.49220, "o", "o" ]
[ 21.54435, "o", " " ]
[ 21.59704, "o", "V" ]
[ 21.64901, "o", "H" ]
[ 21.70106, "o", "S" ]
[ 21.75333, "o", "!" ]
[ 21.80503, "o", "'" ]
[ 21.85659, "o", " " ]
[ 22.01241, "o", "示" ]
[ 22.16736, "o", "例" ]
[ 22.32229, "o", "）" ]
[ 22.37366, "o", "\u001b[?1l\u001b>" ]
[ 22.37381, "o", "\u001b[?2004l\r\r\n" ]
[ 22.37422, "o", "\u001b[1m\u001b[7m%\u001b[27m\u001b[1m\u001b[0m                                                                                                   \r \r" ]
[ 22.37434, "o", "\u001b]2;lxb@LAPTOP-983RA9LH:~/x-cmd/pkg_cmd/x-cmd-pkg/src/terminal/vhs/test\u0007\u001b]1;..inal/vhs/test\u0007" ]
[ 22.37684, "o", "\u001b]7;file://LAPTOP-983RA9LH/home/lxb/x-cmd/pkg_cmd/x-cmd-pkg/src/terminal/vhs/test\u001b\\" ]
[ 22.37705, "o", "\r\u001b[0m\u001b[27m\u001b[24m\u001b[J\r\n\u001b[19491001\u001b[1;35m> \u001b[20210325\u001b[0m\u001b[K\u001b[?1h\u001b=" ]
[ 22.37722, "o", "\u001b[?2004h" ]
[ 22.87574, "o", "x" ]
[ 22.92758, "o", "\bx " ]
[ 22.97932, "o", "v" ]
[ 23.03080, "o", "h" ]
[ 23.08227, "o", "s" ]
[ 23.13417, "o", " " ]
[ 23.18617, "o", "n" ]
[ 23.23813, "o", "e" ]
[ 23.29003, "o", "w" ]
[ 23.34134, "o", " " ]
[ 23.39341, "o", "n" ]
[ 23.44549, "o", "e" ]
[ 23.49728, "o", "w" ]
[ 23.54912, "o", "_" ]
[ 23.60099, "o", "f" ]
[ 23.65311, "o", "i" ]
[ 23.70462, "o", "l" ]
[ 23.75655, "o", "e" ]
[ 23.80816, "o", "." ]
[ 23.86026, "o", "t" ]
[ 23.91174, "o", "a" ]
[ 23.96332, "o", "p" ]
[ 24.01541, "o", "e" ]
[ 24.26901, "o", "\u001b[?1l\u001b>" ]
