{"version":2,"width":100,"height":26,"timestamp":1690277692,"env":{"SHELL":"","TERM":"xterm"}}
[ 0.00000, "o", "" ]
[ 0.15128, "o", "\u001b[19491001\u001b[1;35m> \u001b[20210325\u001b[0m\u001b[K" ]
[ 0.15144, "o", "\u001b[?2004h" ]
[ 1.41533, "o", "#" ]
[ 1.41548, "o", "\b# " ]
[ 1.51858, "o", "使" ]
[ 1.67435, "o", "用" ]
[ 1.72625, "o", " " ]
[ 1.77797, "o", "`" ]
[ 1.82968, "o", "x" ]
[ 1.88177, "o", " " ]
[ 1.93353, "o", "w" ]
[ 1.98519, "o", "e" ]
[ 2.03659, "o", "b" ]
[ 2.08851, "o", "s" ]
[ 2.14010, "o", "o" ]
[ 2.19209, "o", "c" ]
[ 2.24365, "o", "a" ]
[ 2.29514, "o", "t" ]
[ 2.34737, "o", "`" ]
[ 2.39937, "o", " " ]
[ 2.55465, "o", "命" ]
[ 2.71040, "o", "令" ]
[ 2.86669, "o", "格" ]
[ 3.02241, "o", "式" ]
[ 3.17755, "o", "能" ]
[ 3.33244, "o", "快" ]
[ 3.48767, "o", "捷" ]
[ 3.64334, "o", "地" ]
[ 3.79833, "o", "使" ]
[ 3.95407, "o", "用" ]
[ 4.00572, "o", " " ]
[ 4.05718, "o", "`" ]
[ 4.10905, "o", "w" ]
[ 4.16049, "o", "e" ]
[ 4.21228, "o", "b" ]
[ 4.26398, "o", "s" ]
[ 4.31621, "o", "o" ]
[ 4.36851, "o", "c" ]
[ 4.42011, "o", "a" ]
[ 4.47208, "o", "t" ]
[ 4.52348, "o", "`" ]
[ 4.57535, "o", " " ]
[ 4.73085, "o", "命" ]
[ 4.88660, "o", "令" ]
[ 4.93858, "o", "\u001b[?2004l\r\r\n\u001b[1m\u001b[7m#\u001b[27m\u001b[1m\u001b[0m                                                                                                   \r \r\r\u001b[0m\u001b[27m\u001b[24m\u001b[J\r\n\u001b[19491001\u001b[1;35m> \u001b[20210325\u001b[0m\u001b[K\u001b[?2004h" ]
[ 6.44143, "o", "x" ]
[ 6.49308, "o", "\bx " ]
[ 6.54471, "o", "w" ]
[ 6.59619, "o", "e" ]
[ 6.64930, "o", "b" ]
[ 6.70185, "o", "s" ]
[ 6.75335, "o", "o" ]
[ 6.80502, "o", "c" ]
[ 6.85656, "o", "a" ]
[ 6.90871, "o", "t" ]
[ 6.96051, "o", " " ]
[ 7.01194, "o", "-" ]
[ 7.06394, "o", "-" ]
[ 7.11674, "o", "v" ]
[ 7.16864, "o", "e" ]
[ 7.22043, "o", "r" ]
[ 7.27250, "o", "s" ]
[ 7.32441, "o", "i" ]
[ 7.37602, "o", "o" ]
[ 7.42770, "o", "n" ]
[ 7.68183, "o", "\u001b[?2004l\r\r\n" ]
[ 7.76152, "o", "websocat 1.11.0\r\n" ]
[ 7.76173, "o", "\u001b[1m\u001b[7m#\u001b[27m\u001b[1m\u001b[0m                                                                                                   \r \r" ]
[ 7.76186, "o", "\r\u001b[0m\u001b[27m\u001b[24m\u001b[J\r\n\u001b[19491001\u001b[1;35m> \u001b[20210325\u001b[0m\u001b[K\u001b[?2004h" ]
[ 9.68408, "o", "#\b# " ]
[ 9.78826, "o", "使" ]
[ 9.94378, "o", "用" ]
[ 9.99541, "o", " " ]
[ 10.04729, "o", "`" ]
[ 10.09961, "o", "x" ]
[ 10.15155, "o", " " ]
[ 10.20296, "o", "e" ]
[ 10.25460, "o", "n" ]
[ 10.30670, "o", "v" ]
[ 10.35854, "o", " " ]
[ 10.40993, "o", "u" ]
[ 10.46204, "o", "s" ]
[ 10.51506, "o", "e" ]
[ 10.56740, "o", "`" ]
[ 10.61945, "o", " " ]
[ 10.77435, "o", "能" ]
[ 10.93023, "o", "自" ]
[ 11.08594, "o", "动" ]
[ 11.24161, "o", "安" ]
[ 11.39613, "o", "装" ]
[ 11.55230, "o", "并" ]
[ 11.70749, "o", "配" ]
[ 11.86287, "o", "置" ]
[ 12.01884, "o", "好" ]
[ 12.17386, "o", "相" ]
[ 12.32859, "o", "应" ]
[ 12.48450, "o", "的" ]
[ 12.64123, "o", "全" ]
[ 12.79708, "o", "局" ]
[ 12.95201, "o", "环" ]
[ 13.10745, "o", "境" ]
[ 13.26221, "o", "变" ]
[ 13.41886, "o", "量" ]
[ 13.47060, "o", "\u001b[?2004l\r\r\n" ]
[ 13.47074, "o", "\u001b[1m\u001b[7m#\u001b[27m\u001b[1m\u001b[0m                                                                                                   \r \r\r\u001b[0m\u001b[27m\u001b[24m\u001b[J\r\n\u001b[19491001\u001b[1;35m> \u001b[20210325\u001b[0m\u001b[K\u001b[?2004h" ]
[ 14.97445, "o", "x" ]
[ 15.02592, "o", "\bx " ]
[ 15.07793, "o", "e" ]
[ 15.13021, "o", "n" ]
[ 15.18278, "o", "v" ]
[ 15.23495, "o", " " ]
[ 15.28729, "o", "u" ]
[ 15.33941, "o", "s" ]
[ 15.39120, "o", "e" ]
[ 15.44306, "o", " " ]
[ 15.49476, "o", "w" ]
[ 15.54691, "o", "e" ]
[ 15.59848, "o", "b" ]
[ 15.65088, "o", "s" ]
[ 15.70284, "o", "o" ]
[ 15.75447, "o", "c" ]
[ 15.80636, "o", "a" ]
[ 15.85777, "o", "t" ]
[ 16.11127, "o", "\u001b[?2004l\r\r\n" ]
[ 16.23968, "o", "- \u001b[32mI\u001b[0m\u001b[32m|pkg: \u001b[0mSuccessfully set link from path \u001b[0m\r\n" ]
[ 16.26360, "o", "- \u001b[32mI\u001b[0m\u001b[32m|env: \u001b[0mSuccessfully set websocat=v0.0.1 in the current environment.\u001b[0m\r\n" ]
[ 16.32858, "o", "- \u001b[32mI\u001b[0m\u001b[32m|env: \u001b[0mConfig file updated to /root/.x-cmd.root/local/data/env/version\u001b[0m\r\n" ]
[ 16.32871, "o", "\u001b[1m\u001b[7m#\u001b[27m\u001b[1m\u001b[0m                                                                                                   \r \r\r\u001b[0m\u001b[27m\u001b[24m\u001b[J\r\n\u001b[19491001\u001b[1;35m> \u001b[20210325\u001b[0m\u001b[K\u001b[?2004h" ]
[ 19.11502, "o", "x" ]
[ 19.16673, "o", "\bx " ]
[ 19.21853, "o", "t" ]
[ 19.26991, "o", "m" ]
[ 19.32196, "o", "u" ]
[ 19.37359, "o", "x" ]
[ 19.42608, "o", " " ]
[ 19.47763, "o", "n" ]
[ 19.52994, "o", "e" ]
[ 19.58173, "o", "w" ]
[ 19.63347, "o", " " ]
[ 19.68573, "o", "-" ]
[ 19.73776, "o", "s" ]
[ 19.78988, "o", " " ]
[ 19.84191, "o", "w" ]
[ 19.89355, "o", "e" ]
[ 19.94535, "o", "b" ]
[ 19.99685, "o", "s" ]
[ 20.04848, "o", "o" ]
[ 20.10012, "o", "c" ]
[ 20.15228, "o", "a" ]
[ 20.20437, "o", "t" ]
[ 20.25585, "o", "_" ]
[ 20.30814, "o", "t" ]
[ 20.35980, "o", "e" ]
[ 20.41181, "o", "s" ]
[ 20.46328, "o", "t" ]
[ 20.51524, "o", "\u001b[?2004l\r\r\n" ]
[ 20.60268, "o", "\u001b[?1049h\u001b[22;0;0t\u001b[?1h\u001b=\u001b[H\u001b[2J\u001b[?12l\u001b[?25h\u001b[?1000l\u001b[?1002l\u001b[?1003l\u001b[?1006l\u001b[?1005l\u001b(B\u001b[m\u001b[?12l\u001b[?25h\u001b[?1006l\u001b[?1000l\u001b[?1002l\u001b[?1003l\u001b[?2004l\u001b[1;1H\u001b[1;26r\u001b[>c\u001b[>q\u001b[1;1H" ]
[ 20.60292, "o", "\u001b[?25l\u001b[K\r\n\u001b[K\r\n\u001b[K\r\n\u001b[K\r\n\u001b[K\r\n\u001b[K\r\n\u001b[K\r\n\u001b[K\r\n\u001b[K\r\n\u001b[K\r\n\u001b[K\r\n\u001b[K\r\n\u001b[K\r\n\u001b[K\r\n\u001b[K\r\n\u001b[K\r\n\u001b[K\r\n\u001b[K\r\n\u001b[K\r\n\u001b[K\r\n\u001b[K\r\n\u001b[K\r\n\u001b[K\r\n\u001b[K\r\n\u001b[K\u001b[30m\u001b[42m\r\n[websocat_0:bash*                                                     \"83b0a5f393d7\" 09:35 25-Jul-23\u001b(B\u001b[m\u001b[?12l\u001b[?25h\u001b[1;1H\u001b(B\u001b[m\u001b[?12l\u001b[?25h\u001b[?1006l\u001b[?1000l\u001b[?1002l\u001b[?1003l\u001b[?2004l\u001b[1;1H\u001b[1;26r\u001b[1;1H" ]
[ 20.60317, "o", "\u001b[?25l\u001b[K\r\n\u001b[K\r\n\u001b[K\r\n\u001b[K\r\n\u001b[K\r\n\u001b[K\r\n\u001b[K\r\n\u001b[K\r\n\u001b[K\r\n\u001b[K\r\n\u001b[K\r\n\u001b[K\r\n\u001b[K\r\n\u001b[K\r\n\u001b[K\r\n\u001b[K\r\n\u001b[K\r\n\u001b[K\r\n\u001b[K\r\n\u001b[K\r\n\u001b[K\r\n\u001b[K\r\n\u001b[K\r\n\u001b[K\r\n\u001b[K\u001b[30m\u001b[42m\r\n[websocat_0:bash*                                                     \"83b0a5f393d7\" 09:35 25-Jul-23\u001b(B\u001b[m\u001b[?12l\u001b[?25h\u001b[1;1H" ]
[ 20.60489, "o", "\u001b[?7727h" ]
[ 20.82150, "o", "\u001b[?2004h[root@83b0a5f393d7 test]# " ]
[ 24.72062, "o", "\u001b[?25l\u001b[13;1H───────────────────────────────────────────────────\u001b[32m─────────────────────────────────────────────────\u001b(B\u001b[m\u001b[1;1H[root@83b0a5f393d7 test]# \u001b[K\r\n\u001b[K\r\n\u001b[K\r\n\u001b[K\r\n\u001b[K\r\n\u001b[K\r\n\u001b[K\r\n\u001b[K\r\n\u001b[K\r\n\u001b[K\r\n\u001b[K\r\n\u001b[K\u001b[2B\u001b[K\r\n\u001b[K\r\n\u001b[K\r\n\u001b[K\r\n\u001b[K\r\n\u001b[K\r\n\u001b[K\r\n\u001b[K\r\n\u001b[K\r\n\u001b[K\r\n\u001b[K\r\n\u001b[K\u001b[30m\u001b[42m\r\n[websocat_0:bash*                                                     \"83b0a5f393d7\" 09:35 25-Jul-23\u001b(B\u001b[m\u001b[?12l\u001b[?25h\u001b[14;1H\u001b[?2004l" ]
[ 24.72083, "o", "\u001b[H[root@83b0a5f393d7 test]# \u001b[K\u001b[14;1H" ]
[ 24.93545, "o", "\u001b[?2004h[root@83b0a5f393d7 test]# " ]
[ 26.77426, "o", "# " ]
[ 26.87814, "o", "启" ]
[ 27.03396, "o", "动" ]
[ 27.08528, "o", " " ]
[ 27.13750, "o", "W" ]
[ 27.18908, "o", "e" ]
[ 27.24183, "o", "b" ]
[ 27.29352, "o", "S" ]
[ 27.34564, "o", "o" ]
[ 27.39784, "o", "c" ]
[ 27.44917, "o", "k" ]
[ 27.50154, "o", "e" ]
[ 27.55324, "o", "t" ]
[ 27.60538, "o", " " ]
[ 27.76062, "o", "服" ]
[ 27.91520, "o", "务" ]
