{"version":2,"width":100,"height":26,"timestamp":1690532238,"env":{"SHELL":"","TERM":"xterm"}}
[ 0.00000, "o", "" ]
[ 0.13708, "o", "\u001b[19491001\u001b[1;35m> \u001b[20210325\u001b[0m" ]
[ 0.13742, "o", "\u001b[K\u001b[?2004h" ]
[ 0.41391, "o", "#\b# " ]
[ 0.51780, "o", "使" ]
[ 0.67333, "o", "用" ]
[ 0.72484, "o", " " ]
[ 0.77633, "o", "`" ]
[ 0.82851, "o", "x" ]
[ 0.88045, "o", " " ]
[ 0.93186, "o", "z" ]
[ 0.98395, "o", "s" ]
[ 1.03554, "o", "t" ]
[ 1.08750, "o", "d" ]
[ 1.13906, "o", "`" ]
[ 1.19107, "o", " " ]
[ 1.34714, "o", "命" ]
[ 1.50249, "o", "令" ]
[ 1.65793, "o", "格" ]
[ 1.81321, "o", "式" ]
[ 1.96885, "o", "能" ]
[ 2.12367, "o", "快" ]
[ 2.27873, "o", "捷" ]
[ 2.43364, "o", "地" ]
[ 2.58894, "o", "使" ]
[ 2.74439, "o", "用" ]
[ 2.79621, "o", " " ]
[ 2.84801, "o", "`" ]
[ 2.90018, "o", "z" ]
[ 2.95269, "o", "s" ]
[ 3.00437, "o", "t" ]
[ 3.05574, "o", "d" ]
[ 3.10771, "o", "`" ]
[ 3.15914, "o", " " ]
[ 3.31483, "o", "命" ]
[ 3.47018, "o", "令" ]
[ 3.52177, "o", "\u001b[?2004l\r\r\n\u001b[1m\u001b[7m#\u001b[27m\u001b[1m\u001b[0m                                                                                                   \r \r\r\u001b[0m\u001b[27m\u001b[24m\u001b[J\r\n\u001b[19491001\u001b[1;35m> \u001b[20210325\u001b[0m" ]
[ 3.52192, "o", "\u001b[K\u001b[?2004h" ]
[ 5.02479, "o", "x" ]
[ 5.07710, "o", "\bx " ]
[ 5.12886, "o", "z" ]
[ 5.18041, "o", "s" ]
[ 5.23232, "o", "t" ]
[ 5.28399, "o", "d" ]
[ 5.33630, "o", " " ]
[ 5.38785, "o", "-" ]
[ 5.43993, "o", "-" ]
[ 5.49179, "o", "v" ]
[ 5.54330, "o", "e" ]
[ 5.59515, "o", "r" ]
[ 5.64678, "o", "s" ]
[ 5.69825, "o", "i" ]
[ 5.74995, "o", "o" ]
[ 5.80204, "o", "n" ]
[ 6.05578, "o", "\u001b[?2004l\r\r\n" ]
[ 6.12681, "o", "*** Zstandard CLI (64-bit) v1.5.5, by Yann Collet ***\r\n" ]
[ 6.12702, "o", "\u001b[1m\u001b[7m#\u001b[27m\u001b[1m\u001b[0m                                                                                                   \r \r" ]
[ 6.12703, "o", "\r\u001b[0m\u001b[27m\u001b[24m\u001b[J\r\n\u001b[19491001\u001b[1;35m> \u001b[20210325\u001b[0m" ]
[ 6.12704, "o", "\u001b[K\u001b[?2004h" ]
[ 8.05831, "o", "#\b# " ]
[ 8.16152, "o", "使" ]
[ 8.31667, "o", "用" ]
[ 8.36860, "o", " " ]
[ 8.42058, "o", "`" ]
[ 8.47203, "o", "x" ]
[ 8.52440, "o", " " ]
[ 8.57607, "o", "e" ]
[ 8.62828, "o", "n" ]
[ 8.68071, "o", "v" ]
[ 8.73234, "o", " " ]
[ 8.78449, "o", "u" ]
[ 8.83613, "o", "s" ]
[ 8.88869, "o", "e" ]
[ 8.94009, "o", "`" ]
[ 8.99174, "o", " " ]
[ 9.14859, "o", "能" ]
[ 9.30480, "o", "自" ]
[ 9.45943, "o", "动" ]
[ 9.61565, "o", "安" ]
[ 9.77071, "o", "装" ]
[ 9.92622, "o", "并" ]
[ 10.08160, "o", "配" ]
[ 10.23616, "o", "置" ]
[ 10.39152, "o", "好" ]
[ 10.54658, "o", "相" ]
[ 10.70205, "o", "应" ]
[ 10.85786, "o", "的" ]
[ 11.01269, "o", "全" ]
[ 11.16801, "o", "局" ]
[ 11.32360, "o", "环" ]
[ 11.47821, "o", "境" ]
[ 11.63408, "o", "变" ]
[ 11.78905, "o", "量" ]
[ 11.84094, "o", "\u001b[?2004l\r\r\n\u001b[1m\u001b[7m#\u001b[27m\u001b[1m\u001b[0m                                                                                                   \r \r\r\u001b[0m\u001b[27m\u001b[24m\u001b[J\r\n\u001b[19491001\u001b[1;35m> \u001b[20210325\u001b[0m\u001b[K\u001b[?2004h" ]
[ 13.34458, "o", "x" ]
[ 13.39646, "o", "\bx " ]
[ 13.44800, "o", "e" ]
[ 13.50039, "o", "n" ]
[ 13.55125, "o", "v" ]
[ 13.60351, "o", " " ]
[ 13.65517, "o", "u" ]
[ 13.70713, "o", "s" ]
[ 13.75914, "o", "e" ]
[ 13.81074, "o", " " ]
[ 13.86254, "o", "z" ]
[ 13.91405, "o", "s" ]
[ 13.96589, "o", "t" ]
[ 14.01738, "o", "d" ]
[ 14.27064, "o", "\u001b[?2004l\r\r\n" ]
[ 14.35976, "o", "- \u001b[32mI\u001b[0m\u001b[32m|pkg: \u001b[0mSuccessfully set link from path \u001b[0m\r\n" ]
[ 14.38627, "o", "- \u001b[32mI\u001b[0m\u001b[32m|env: \u001b[0mSuccessfully set zstd=v0.0.1 in the current environment.\u001b[0m\r\n" ]
[ 14.44273, "o", "- \u001b[32mI\u001b[0m\u001b[32m|env: \u001b[0mConfig file updated to /root/.x-cmd.root/local/data/env/version\u001b[0m\r\n" ]
[ 14.44295, "o", "\u001b[1m\u001b[7m#\u001b[27m\u001b[1m\u001b[0m                                                                                                   \r \r\r\u001b[0m\u001b[27m\u001b[24m\u001b[J\r\n\u001b[19491001\u001b[1;35m> \u001b[20210325\u001b[0m\u001b[K\u001b[?2004h" ]
[ 16.27245, "o", "x" ]
[ 16.32433, "o", "\bx " ]
[ 16.37594, "o", "e" ]
[ 16.42746, "o", "x" ]
[ 16.47980, "o", "a" ]
[ 16.53174, "o", " " ]
[ 16.58364, "o", "-" ]
[ 16.63537, "o", "l" ]
[ 16.68716, "o", "h" ]
[ 16.73861, "o", "T" ]
[ 17.29243, "o", "\u001b[?2004l\r\r\n" ]
[ 17.36407, "o", "\u001b[4mPermissions\u001b[0m \u001b[4mSize\u001b[0m \u001b[4mUser\u001b[0m \u001b[4mDate Modified\u001b[0m \u001b[4mName\u001b[0m\r\n\u001b[1;34md\u001b[33mr\u001b[31mw\u001b[32mx\u001b[0m\u001b[33mr\u001b[38;5;244m-\u001b[32mx\u001b[33mr\u001b[38;5;244m-\u001b[32mx\u001b[0m     \u001b[38;5;244m-\u001b[0m \u001b[1;33mroot\u001b[0m \u001b[34m28 Jul 08:17\u001b[0m  \u001b[1;34m.\u001b[0m\r\n.\u001b[1;33mr\u001b[31mw\u001b[0m\u001b[38;5;244m-\u001b[33mr\u001b[38;5;244m--\u001b[33mr\u001b[38;5;244m--\u001b[0m  \u001b[1;32m2.1\u001b[0m\u001b[32mM\u001b[0m \u001b[1;33mroot\u001b[0m \u001b[34m28 Jul 08:17\u001b[0m  \u001b[38;5;244m└──\u001b[0m test.exe\r\n" ]
[ 17.36447, "o", "\u001b[1m\u001b[7m#\u001b[27m\u001b[1m\u001b[0m                                                                                                   \r \r\r\u001b[0m\u001b[27m\u001b[24m\u001b[J\r\n\u001b[19491001\u001b[1;35m> \u001b[20210325\u001b[0m\u001b[K\u001b[?2004h" ]
[ 18.29403, "o", "#\b# " ]
[ 18.39777, "o", "压" ]
[ 18.55342, "o", "缩" ]
[ 18.60562, "o", " " ]
[ 18.65714, "o", "t" ]
[ 18.70908, "o", "e" ]
[ 18.76087, "o", "s" ]
[ 18.81269, "o", "t" ]
[ 18.86487, "o", "." ]
[ 18.91720, "o", "e" ]
[ 18.96910, "o", "x" ]
[ 19.02093, "o", "e" ]
[ 19.07318, "o", " " ]
[ 19.22760, "o", "文" ]
[ 19.38274, "o", "件" ]
[ 19.53830, "o", "并" ]
[ 19.69279, "o", "输" ]
[ 19.84793, "o", "出" ]
[ 20.00330, "o", "保" ]
[ 20.15810, "o", "存" ]
[ 20.31372, "o", "为" ]
[ 20.36593, "o", " " ]
[ 20.41747, "o", "t" ]
[ 20.46958, "o", "e" ]
[ 20.52210, "o", "s" ]
[ 20.57409, "o", "t" ]
[ 20.62564, "o", "." ]
[ 20.67831, "o", "z" ]
[ 20.73039, "o", "s" ]
[ 20.78203, "o", "t" ]
[ 20.83416, "o", " " ]
[ 20.98915, "o", "文" ]
[ 21.14426, "o", "件" ]
[ 21.19621, "o", "\u001b[?2004l\r\r\n\u001b[1m\u001b[7m#\u001b[27m\u001b[1m\u001b[0m                                                                                                   \r \r\r\u001b[0m\u001b[27m\u001b[24m\u001b[J\r\n\u001b[19491001\u001b[1;35m> \u001b[20210325\u001b[0m" ]
[ 21.19629, "o", "\u001b[K\u001b[?2004h" ]
[ 22.70068, "o", "z" ]
[ 22.75247, "o", "\bzs" ]
[ 22.80442, "o", "t" ]
[ 22.85633, "o", "d" ]
[ 22.90829, "o", " " ]
[ 22.96009, "o", "t" ]
[ 23.01150, "o", "e" ]
[ 23.06373, "o", "s" ]
[ 23.11542, "o", "t" ]
[ 23.16747, "o", "." ]
[ 23.21893, "o", "e" ]
[ 23.27078, "o", "x" ]
[ 23.32233, "o", "e" ]
[ 23.37443, "o", " " ]
[ 23.42670, "o", "-" ]
[ 23.47835, "o", "o" ]
[ 23.52980, "o", " " ]
[ 23.58149, "o", "t" ]
[ 23.63416, "o", "e" ]
[ 23.68661, "o", "s" ]
[ 23.73819, "o", "t" ]
[ 23.79054, "o", "." ]
[ 23.84251, "o", "z" ]
[ 23.89439, "o", "s" ]
[ 23.94600, "o", "t" ]
[ 24.19923, "o", "\u001b[?2004l\r\r\n" ]
[ 24.20069, "o", "\r                                                                               \rRead:     0   B /  1.96 MiB ==>  0%" ]
[ 24.21213, "o", "\r                                                                               \rtest.exe             : 30.96%   (  1.96 MiB =>    622 KiB, test.zst) \r\n" ]
[ 24.21322, "o", "\u001b[1m\u001b[7m#\u001b[27m\u001b[1m\u001b[0m                                                                                                   \r \r\r\u001b[0m\u001b[27m\u001b[24m\u001b[J\r\n\u001b[19491001\u001b[1;35m> \u001b[20210325\u001b[0m\u001b[K\u001b[?2004h" ]
[ 26.20091, "o", "#" ]
[ 26.20106, "o", "\b# " ]
[ 26.30466, "o", "查" ]
[ 26.45965, "o", "看" ]
[ 26.61486, "o", "压" ]
[ 26.76982, "o", "缩" ]
[ 26.92551, "o", "文" ]
[ 27.08079, "o", "件" ]
[ 27.23538, "o", "的" ]
