{"version":2,"width":100,"height":26,"timestamp":1693273037,"env":{"SHELL":"","TERM":"xterm"}}
[ 0.00000, "o", "" ]
[ 0.01946, "o", "\u001b[19491001\u001b[1;35m> \u001b[20210325\u001b[0m\u001b[K\u001b[?2004h" ]
[ 1.40924, "o", "#\b# " ]
[ 1.51251, "o", "压" ]
[ 1.66792, "o", "缩" ]
[ 1.82336, "o", "文" ]
[ 1.97825, "o", "件" ]
[ 2.03003, "o", "\u001b[?2004l\r\r\n\u001b[1m\u001b[7m#\u001b[27m\u001b[1m\u001b[0m                                                                                                   \r \r\r\u001b[0m\u001b[27m\u001b[24m\u001b[J\r\n\u001b[19491001\u001b[1;35m> \u001b[20210325\u001b[0m\u001b[K" ]
[ 2.03010, "o", "\u001b[?2004h" ]
[ 3.53361, "o", "x" ]
[ 3.58539, "o", "\bx " ]
[ 3.63753, "o", "e" ]
[ 3.68948, "o", "x" ]
[ 3.74126, "o", "a" ]
[ 3.79302, "o", " " ]
[ 3.84490, "o", "-" ]
[ 3.89656, "o", "l" ]
[ 3.94835, "o", "h" ]
[ 3.99992, "o", "T" ]
[ 7.05338, "o", "\u001b[?2004l\r\r\n" ]
[ 7.29629, "o", "\u001b[4mPermissions\u001b[0m \u001b[4mSize\u001b[0m \u001b[4mUser\u001b[0m \u001b[4mDate Modified\u001b[0m \u001b[4mName\u001b[0m\r\n\u001b[1;34md\u001b[33mr\u001b[31mw\u001b[32mx\u001b[0m\u001b[33mr\u001b[38;5;244m-\u001b[32mx\u001b[33mr\u001b[38;5;244m-\u001b[32mx\u001b[0m     \u001b[38;5;244m-\u001b[0m \u001b[1;33mroot\u001b[0m \u001b[34m29 Aug 01:37\u001b[0m  \u001b[1;34m.\u001b[0m\r\n" ]
[ 7.29646, "o", ".\u001b[1;33mr\u001b[31mw\u001b[0m\u001b[38;5;244m-\u001b[33mr\u001b[38;5;244m--\u001b[33mr\u001b[38;5;244m--\u001b[0m  \u001b[1;32m2.1\u001b[0m\u001b[32mM\u001b[0m \u001b[1;33mroot\u001b[0m \u001b[34m29 Aug 01:37\u001b[0m  \u001b[38;5;244m├──\u001b[0m file.exe\r\n.\u001b[1;33mr\u001b[31mw\u001b[0m\u001b[38;5;244m-\u001b[33mr\u001b[38;5;244m--\u001b[33mr\u001b[38;5;244m--\u001b[0m    \u001b[1;32m22\u001b[0m \u001b[1;33mroot\u001b[0m \u001b[34m29 Aug 01:37\u001b[0m  \u001b[38;5;244m├──\u001b[0m file.py\r\n.\u001b[1;33mr\u001b[31mw\u001b[0m\u001b[38;5;244m-\u001b[33mr\u001b[38;5;244m--\u001b[33mr\u001b[38;5;244m--\u001b[0m  \u001b[1;32m1.3\u001b[0m\u001b[32mk\u001b[0m \u001b[1;33mroot\u001b[0m \u001b[34m29 Aug 01:37\u001b[0m  \u001b[38;5;244m└──\u001b[0m file.txt\r\n" ]
[ 7.29694, "o", "\u001b[1m\u001b[7m#\u001b[27m\u001b[1m\u001b[0m                                                                                                   \r \r" ]
[ 7.29709, "o", "\r\u001b[0m\u001b[27m\u001b[24m\u001b[J\r\n\u001b[19491001\u001b[1;35m> \u001b[20210325\u001b[0m\u001b[K\u001b[?2004h" ]
[ 8.05531, "o", "x" ]
[ 8.10710, "o", "\bx " ]
[ 8.15907, "o", "7" ]
[ 8.21102, "o", "z" ]
[ 8.26317, "o", "a" ]
[ 8.31514, "o", " " ]
[ 8.36681, "o", "a" ]
[ 8.41854, "o", " " ]
[ 8.47051, "o", "-" ]
[ 8.52210, "o", "t" ]
[ 8.57411, "o", "z" ]
[ 8.62634, "o", "i" ]
[ 8.67808, "o", "p" ]
[ 8.73003, "o", " " ]
[ 8.78179, "o", "F" ]
[ 8.83394, "o", "i" ]
[ 8.88583, "o", "l" ]
[ 8.93741, "o", "e" ]
[ 8.98915, "o", "s" ]
[ 9.04102, "o", "." ]
[ 9.09278, "o", "z" ]
[ 9.14455, "o", "i" ]
[ 9.19624, "o", "p" ]
[ 9.24806, "o", " " ]
[ 9.29970, "o", "f" ]
[ 9.35166, "o", "i" ]
[ 9.40333, "o", "l" ]
[ 9.45509, "o", "e" ]
[ 9.50714, "o", "." ]
[ 9.55909, "o", "t" ]
[ 9.61064, "o", "x" ]
[ 9.66238, "o", "t" ]
[ 9.71416, "o", " " ]
[ 9.76580, "o", "f" ]
[ 9.81799, "o", "i" ]
[ 9.86963, "o", "l" ]
[ 9.92165, "o", "e" ]
[ 9.97347, "o", "." ]
[ 10.02510, "o", "e" ]
[ 10.07715, "o", "x" ]
[ 10.12908, "o", "e" ]
[ 13.18249, "o", "\u001b[?2004l\r\r\n" ]
[ 13.28808, "o", "\r\n7-Zip (a) [64] 16.02 : Copyright (c) 1999-2016 Igor Pavlov : 2016-05-21\r\np7zip Version 16.02 (locale=C.UTF-8,Utf16=on,HugeFiles=on,64 bits,8 CPUs x64)\r\n\r\n" ]
[ 13.28829, "o", "Scanning the drive:\r\n  0M Scan \b\b\b\b\b\b\b\b\b\b          \b\b\b\b\b\b\b\b\b\b2 files, 2059527 bytes (2012 KiB)\r\n\r\n" ]
[ 13.28842, "o", "Creating archive: Files.zip\r\n\r\nItems to compress: 2\r\n\r\n  0%" ]
[ 13.48869, "o", "\b\b\b\b    \b\b\b\b 63% 2 + file.txt" ]
[ 13.59253, "o", "\b\b\b\b\b\b\b\b\b\b\b\b\b\b\b\b\b                 \b\b\b\b\b\b\b\b\b\b\b\b\b\b\b\b\b\r\nFiles read from disk: 2\r\nArchive size: 669544 bytes (654 KiB)\r\nEverything is Ok\r\n" ]
[ 13.59294, "o", "\u001b[1m\u001b[7m#\u001b[27m\u001b[1m\u001b[0m                                                                                                   \r \r" ]
[ 13.59306, "o", "\r\u001b[0m\u001b[27m\u001b[24m\u001b[J\r\n\u001b[19491001\u001b[1;35m> \u001b[20210325\u001b[0m\u001b[K\u001b[?2004h" ]
[ 16.18477, "o", "#\b# " ]
[ 16.28828, "o", "查" ]
[ 16.44336, "o", "看" ]
[ 16.59830, "o", "压" ]
[ 16.75338, "o", "缩" ]
[ 16.90864, "o", "包" ]
[ 17.06450, "o", "内" ]
[ 17.21965, "o", "容" ]
[ 17.27167, "o", "\u001b[?2004l\r\r\n\u001b[1m\u001b[7m#\u001b[27m\u001b[1m\u001b[0m                                                                                                   \r \r" ]
[ 17.27181, "o", "\r\u001b[0m\u001b[27m\u001b[24m\u001b[J\r\n\u001b[19491001\u001b[1;35m> \u001b[20210325\u001b[0m\u001b[K\u001b[?2004h" ]
[ 18.77530, "o", "x" ]
[ 18.82727, "o", "\bx " ]
[ 18.87923, "o", "7" ]
[ 18.93112, "o", "z" ]
[ 18.98289, "o", "a" ]
[ 19.03541, "o", " " ]
[ 19.08704, "o", "l" ]
[ 19.13909, "o", " " ]
[ 19.19071, "o", "F" ]
[ 19.24217, "o", "i" ]
[ 19.29397, "o", "l" ]
[ 19.34550, "o", "e" ]
[ 19.39742, "o", "s" ]
[ 19.44919, "o", "." ]
[ 19.50128, "o", "z" ]
[ 19.55301, "o", "i" ]
[ 19.60584, "o", "p" ]
[ 22.65919, "o", "\u001b[?2004l\r\r\n" ]
[ 22.66026, "o", "\r\n7-Zip (a) [64] 16.02 : Copyright (c) 1999-2016 Igor Pavlov : 2016-05-21\r\np7zip Version 16.02 (locale=C.UTF-8,Utf16=on,HugeFiles=on,64 bits,8 CPUs x64)\r\n\r\n" ]
[ 22.66041, "o", "Scanning the drive for archives:\r\n  0M Scan" ]
[ 22.66044, "o", "\b\b\b\b\b\b\b\b\b         \b\b\b\b\b\b\b\b\b1 file, 669544 bytes (654 KiB)\r\n" ]
[ 22.66068, "o", "\r\nListing archive: Files.zip\r\n\r\n" ]
[ 22.66079, "o", "--\r\nPath = Files.zip\r\nType = zip\r\nPhysical Size = 669544\r\n\r\n   Date      Time    Attr         Size   Compressed  Name\r\n------------------- ----- ------------ ------------  ------------------------\r\n2023-08-29 01:37:16 .....      2058241       668515  file.exe\r\n2023-08-29 01:37:16 .....         1286          751  file.txt\r\n------------------- ----- ------------ ------------  ------------------------\r\n2023-08-29 01:37:16            2059527       669266  2 files\r\n" ]
[ 22.66122, "o", "\u001b[1m\u001b[7m#\u001b[27m\u001b[1m\u001b[0m                                                                                                   \r \r\r\u001b[0m\u001b[27m\u001b[24m\u001b[J\r\n\u001b[19491001\u001b[1;35m> \u001b[20210325\u001b[0m\u001b[K\u001b[?2004h" ]
[ 25.66151, "o", "#\b# " ]
[ 25.76548, "o", "向" ]
[ 25.92070, "o", "压" ]
[ 26.07598, "o", "缩" ]
[ 26.23133, "o", "包" ]
[ 26.38636, "o", "添" ]
[ 26.54137, "o", "加" ]
[ 26.69669, "o", "文" ]
[ 26.85221, "o", "件" ]
[ 26.90412, "o", "\u001b[?2004l\r\r\n\u001b[1m\u001b[7m#\u001b[27m\u001b[1m\u001b[0m                                                                                                   \r \r\r\u001b[0m\u001b[27m\u001b[24m\u001b[J\r\n\u001b[19491001\u001b[1;35m> \u001b[20210325\u001b[0m\u001b[K\u001b[?2004h" ]
[ 28.40762, "o", "x" ]
[ 28.45935, "o", "\bx " ]
[ 28.51119, "o", "7" ]
[ 28.56294, "o", "z" ]
[ 28.61488, "o", "a" ]
[ 28.66665, "o", " " ]
[ 28.71913, "o", "u" ]
[ 28.77112, "o", " " ]
[ 28.82321, "o", "F" ]
[ 28.87482, "o", "i" ]
[ 28.92676, "o", "l" ]
[ 28.97877, "o", "e" ]
[ 29.03035, "o", "s" ]
[ 29.08229, "o", "." ]
[ 29.13393, "o", "z" ]
[ 29.18632, "o", "i" ]
[ 29.23810, "o", "p" ]
[ 29.28972, "o", " " ]
[ 29.34187, "o", "f" ]
[ 29.39360, "o", "i" ]
[ 29.44588, "o", "l" ]
[ 29.49747, "o", "e" ]
[ 29.54928, "o", "." ]
[ 29.60146, "o", "p" ]
[ 29.65342, "o", "y" ]
[ 32.70748, "o", "\u001b[?2004l\r\r\n" ]
[ 32.70853, "o", "\r\n7-Zip (a) [64] 16.02 : Copyright (c) 1999-2016 Igor Pavlov : 2016-05-21\r\np7zip Version 16.02 (locale=C.UTF-8,Utf16=on,HugeFiles=on,64 bits,8 CPUs x64)\r\n\r\n" ]
[ 32.70877, "o", "Open archive: Files.zip\r\n" ]
