{"version":2,"width":100,"height":26,"timestamp":1693281782,"env":{"SHELL":"","TERM":"xterm"}}
[ 0.00000, "o", "" ]
[ 0.01813, "o", "\u001b[19491001\u001b[1;35m> \u001b[20210325\u001b[0m" ]
[ 0.01826, "o", "\u001b[K\u001b[?2004h" ]
[ 0.42027, "o", "#\b# " ]
[ 0.52448, "o", "查" ]
[ 0.68065, "o", "看" ]
[ 0.83731, "o", "文" ]
[ 0.99282, "o", "件" ]
[ 1.14908, "o", "列" ]
[ 1.30518, "o", "表" ]
[ 1.35725, "o", "\u001b[?2004l\r\r\n\u001b[1m\u001b[7m#\u001b[27m\u001b[1m\u001b[0m                                                                                                   \r \r\r\u001b[0m\u001b[27m\u001b[24m\u001b[J\r\n\u001b[19491001\u001b[1;35m> \u001b[20210325\u001b[0m\u001b[K\u001b[?2004h" ]
[ 2.86167, "o", "x" ]
[ 2.91398, "o", "\bx " ]
[ 2.96618, "o", "b" ]
[ 3.01820, "o", "u" ]
[ 3.07037, "o", "s" ]
[ 3.12227, "o", "y" ]
[ 3.17429, "o", "b" ]
[ 3.22638, "o", "o" ]
[ 3.27870, "o", "x" ]
[ 3.33082, "o", " " ]
[ 3.38292, "o", "l" ]
[ 3.43541, "o", "s" ]
[ 3.48707, "o", " " ]
[ 3.53941, "o", "." ]
[ 3.59157, "o", "." ]
[ 3.64372, "o", "/" ]
[ 6.69867, "o", "\u001b[?2004l\r\r\n" ]
[ 6.91662, "o", "\u001b[0;0m1min.asciinema.yml\u001b[m  \u001b[0;0mbusybox.md\u001b[m          \u001b[1;34mtest\u001b[m\r\n\u001b[1;34massets\u001b[m              \u001b[1;34mdemo\u001b[m\r\n" ]
[ 6.91677, "o", "\u001b[1m\u001b[7m#\u001b[27m\u001b[1m\u001b[0m                                                                                                   \r \r\r\u001b[0m\u001b[27m\u001b[24m\u001b[J\r\n\u001b[19491001\u001b[1;35m> \u001b[20210325\u001b[0m\u001b[K\u001b[?2004h" ]
[ 8.70152, "o", "#\b# " ]
[ 8.80611, "o", "创" ]
[ 8.96243, "o", "建" ]
[ 9.11904, "o", "文" ]
[ 9.27544, "o", "件" ]
[ 9.43229, "o", "或" ]
[ 9.58723, "o", "文" ]
[ 9.74306, "o", "件" ]
[ 9.89902, "o", "目" ]
[ 10.05557, "o", "录" ]
[ 10.10764, "o", "\u001b[?2004l\r\r\n\u001b[1m\u001b[7m#\u001b[27m\u001b[1m\u001b[0m                                                                                                   \r \r\r\u001b[0m\u001b[27m\u001b[24m\u001b[J\r\n\u001b[19491001\u001b[1;35m> \u001b[20210325\u001b[0m\u001b[K\u001b[?2004h" ]
[ 11.61121, "o", "x" ]
[ 11.66287, "o", "\bx " ]
[ 11.71479, "o", "b" ]
[ 11.76723, "o", "u" ]
[ 11.81933, "o", "s" ]
[ 11.87137, "o", "y" ]
[ 11.92348, "o", "b" ]
[ 11.97559, "o", "o" ]
[ 12.02770, "o", "x" ]
[ 12.07993, "o", " " ]
[ 12.13191, "o", "m" ]
[ 12.18400, "o", "k" ]
[ 12.23645, "o", "d" ]
[ 12.28888, "o", "i" ]
[ 12.34098, "o", "r" ]
[ 12.39351, "o", " " ]
[ 12.44555, "o", "." ]
[ 12.49783, "o", "/" ]
[ 12.54986, "o", "t" ]
[ 12.60245, "o", "e" ]
[ 12.65453, "o", "s" ]
[ 12.70659, "o", "t" ]
[ 12.75896, "o", "\u001b[?2004l\r\r\n" ]
[ 12.76045, "o", "\u001b[1m\u001b[7m#\u001b[27m\u001b[1m\u001b[0m                                                                                                   \r \r\r\u001b[0m\u001b[27m\u001b[24m\u001b[J\r\n\u001b[19491001\u001b[1;35m> \u001b[20210325\u001b[0m\u001b[K\u001b[?2004h" ]
[ 12.81095, "o", "x" ]
[ 12.86301, "o", "\bx " ]
[ 12.91513, "o", "b" ]
[ 12.96715, "o", "u" ]
[ 13.01960, "o", "s" ]
[ 13.07177, "o", "y" ]
[ 13.12392, "o", "b" ]
[ 13.17596, "o", "o" ]
[ 13.22814, "o", "x" ]
[ 13.28030, "o", " " ]
[ 13.33237, "o", "t" ]
[ 13.38450, "o", "o" ]
[ 13.43647, "o", "u" ]
[ 13.48882, "o", "c" ]
[ 13.54055, "o", "h" ]
[ 13.59249, "o", " " ]
[ 13.64499, "o", "." ]
[ 13.69664, "o", "/" ]
[ 13.74830, "o", "t" ]
[ 13.80099, "o", "e" ]
[ 13.85315, "o", "s" ]
[ 13.90574, "o", "t" ]
[ 13.95790, "o", "/" ]
[ 14.01011, "o", "t" ]
[ 14.06231, "o", "e" ]
[ 14.11442, "o", "s" ]
[ 14.16669, "o", "t" ]
[ 14.21915, "o", "." ]
[ 14.27134, "o", "s" ]
[ 14.32358, "o", "h" ]
[ 14.37548, "o", "\u001b[?2004l\r\r\n" ]
[ 14.37673, "o", "\u001b[1m\u001b[7m#\u001b[27m\u001b[1m\u001b[0m                                                                                                   \r \r\r\u001b[0m\u001b[27m\u001b[24m\u001b[J\r\n\u001b[19491001\u001b[1;35m> \u001b[20210325\u001b[0m\u001b[K" ]
[ 14.37692, "o", "\u001b[?2004h" ]
[ 15.43011, "o", "x" ]
[ 15.48225, "o", "\bx " ]
[ 15.53456, "o", "b" ]
[ 15.58680, "o", "u" ]
[ 15.63937, "o", "s" ]
[ 15.69148, "o", "y" ]
[ 15.74350, "o", "b" ]
[ 15.79553, "o", "o" ]
[ 15.84779, "o", "x" ]
[ 15.90020, "o", " " ]
[ 15.95226, "o", "l" ]
[ 16.00440, "o", "s" ]
[ 16.05694, "o", " " ]
[ 16.10901, "o", "-" ]
[ 16.16097, "o", "l" ]
[ 16.21305, "o", " " ]
[ 16.26541, "o", "." ]
[ 16.31763, "o", "/" ]
[ 16.36963, "o", "t" ]
[ 16.42136, "o", "e" ]
[ 16.47300, "o", "s" ]
[ 16.52492, "o", "t" ]
[ 19.57843, "o", "\u001b[?2004l\r\r\n" ]
[ 19.57941, "o", "total 0\r\n" ]
[ 19.57956, "o", "-rw-r--r--    1 root     root             0 Aug 29 04:03 \u001b[0;0mtest.sh\u001b[m\r\n" ]
[ 19.57977, "o", "\u001b[1m\u001b[7m#\u001b[27m\u001b[1m\u001b[0m                                                                                                   \r \r\r\u001b[0m\u001b[27m\u001b[24m\u001b[J" ]
[ 19.57980, "o", "\r\n\u001b[19491001\u001b[1;35m> \u001b[20210325\u001b[0m\u001b[K" ]
[ 19.57990, "o", "\u001b[?2004h" ]
[ 20.58156, "o", "#\b# " ]
[ 20.68515, "o", "查" ]
[ 20.84148, "o", "看" ]
[ 20.99743, "o", "文" ]
[ 21.15337, "o", "件" ]
[ 21.30925, "o", "内" ]
[ 21.46632, "o", "容" ]
[ 21.51840, "o", "\u001b[?2004l\r\r\n\u001b[1m\u001b[7m#\u001b[27m\u001b[1m\u001b[0m                                                                                                   \r \r" ]
[ 21.51846, "o", "\r\u001b[0m\u001b[27m\u001b[24m\u001b[J\r\n\u001b[19491001\u001b[1;35m> \u001b[20210325\u001b[0m\u001b[K\u001b[?2004h" ]
[ 23.02290, "o", "e" ]
[ 23.07548, "o", "\bec" ]
[ 23.12754, "o", "h" ]
[ 23.17964, "o", "o" ]
[ 23.23167, "o", " " ]
[ 23.28373, "o", "\"" ]
[ 23.33577, "o", "h" ]
[ 23.38817, "o", "e" ]
[ 23.44055, "o", "l" ]
[ 23.49269, "o", "l" ]
[ 23.54487, "o", "o" ]
[ 23.59702, "o", " " ]
[ 23.64899, "o", "b" ]
[ 23.70102, "o", "u" ]
[ 23.75309, "o", "s" ]
[ 23.80525, "o", "y" ]
[ 23.85684, "o", "b" ]
[ 23.90848, "o", "o" ]
[ 23.96108, "o", "x" ]
[ 24.01325, "o", "\"" ]
[ 24.06541, "o", " " ]
[ 24.11755, "o", ">" ]
[ 24.16971, "o", " " ]
[ 24.22183, "o", "h" ]
[ 24.27423, "o", "e" ]
[ 24.32624, "o", "l" ]
[ 24.37825, "o", "l" ]
[ 24.43030, "o", "o" ]
[ 24.48246, "o", "." ]
[ 24.53456, "o", "t" ]
[ 24.58661, "o", "x" ]
[ 24.63827, "o", "t" ]
[ 24.69045, "o", "\u001b[?2004l\r\r\n" ]
[ 24.69060, "o", "\u001b[1m\u001b[7m#\u001b[27m\u001b[1m\u001b[0m                                                                                                   \r \r\r\u001b[0m\u001b[27m\u001b[24m\u001b[J\r\n\u001b[19491001\u001b[1;35m> \u001b[20210325\u001b[0m\u001b[K\u001b[?2004h" ]
[ 24.74256, "o", "x" ]
[ 24.79477, "o", "\bx " ]
[ 24.84690, "o", "b" ]
[ 24.89897, "o", "u" ]
[ 24.95141, "o", "s" ]
[ 25.00366, "o", "y" ]
[ 25.05592, "o", "b" ]
[ 25.10858, "o", "o" ]
[ 25.16065, "o", "x" ]
[ 25.21280, "o", " " ]
[ 25.26492, "o", "c" ]
[ 25.31700, "o", "a" ]
[ 25.36936, "o", "t" ]
[ 25.42157, "o", " " ]
[ 25.47382, "o", "h" ]
[ 25.52586, "o", "e" ]
[ 25.57829, "o", "l" ]
[ 25.63044, "o", "l" ]
[ 25.68292, "o", "o" ]
[ 25.73495, "o", "." ]
[ 25.78704, "o", "t" ]
[ 25.83919, "o", "x" ]
[ 25.89162, "o", "t" ]
[ 25.94335, "o", "\u001b[?2004l\r\r\n" ]
[ 25.94420, "o", "hello busybox\r\n" ]
[ 25.94451, "o", "\u001b[1m\u001b[7m#\u001b[27m\u001b[1m\u001b[0m                                                                                                   \r \r\r\u001b[0m\u001b[27m\u001b[24m\u001b[J" ]
[ 25.94456, "o", "\r\n\u001b[19491001\u001b[1;35m> \u001b[20210325\u001b[0m\u001b[K\u001b[?2004h" ]
[ 30.99799, "o", "\u001b[?2004l\r\r\n\u001b[1m\u001b[7m#\u001b[27m\u001b[1m\u001b[0m                                                                                                   \r \r" ]
[ 30.99809, "o", "\r\u001b[0m\u001b[27m\u001b[24m\u001b[J\r\n\u001b[19491001\u001b[1;35m> \u001b[20210325\u001b[0m\u001b[K\u001b[?2004h" ]
[ 33.00061, "o", "#\b# " ]
[ 33.10580, "o", "查" ]
[ 33.26321, "o", "看" ]
[ 33.41992, "o", "系" ]
[ 33.57648, "o", "统" ]
[ 33.73338, "o", "进" ]
