{"version":2,"width":100,"height":26,"timestamp":1690893663,"env":{"SHELL":"","TERM":"xterm"}}
[ 0.00000, "o", "" ]
[ 0.14504, "o", "\u001b[19491001\u001b[1;35m> \u001b[20210325\u001b[0m" ]
[ 0.14530, "o", "\u001b[K\u001b[?2004h" ]
[ 0.41156, "o", "#\b# " ]
[ 0.51527, "o", "对" ]
[ 0.56709, "o", " " ]
[ 0.61918, "o", "m" ]
[ 0.67083, "o", "r" ]
[ 0.72283, "o", "k" ]
[ 0.77498, "o", "a" ]
[ 0.82694, "o", "r" ]
[ 0.87885, "o", "a" ]
[ 0.93292, "o", "n" ]
[ 0.98500, "o", "." ]
[ 1.03750, "o", "d" ]
[ 1.08948, "o", "e" ]
[ 1.14115, "o", "v" ]
[ 1.19338, "o", " " ]
[ 1.34892, "o", "执" ]
[ 1.50423, "o", "行" ]
[ 1.65998, "o", "简" ]
[ 1.81584, "o", "单" ]
[ 1.97221, "o", "的" ]
[ 2.02438, "o", " " ]
[ 2.07619, "o", "D" ]
[ 2.12804, "o", "N" ]
[ 2.17970, "o", "S" ]
[ 2.23227, "o", " " ]
[ 2.38778, "o", "查" ]
[ 2.54337, "o", "找" ]
[ 2.59547, "o", "\u001b[?2004l\r\r\n" ]
[ 2.59560, "o", "\u001b[1m\u001b[7m#\u001b[27m\u001b[1m\u001b[0m                                                                                                   \r \r\r\u001b[0m\u001b[27m\u001b[24m\u001b[J\r\n\u001b[19491001\u001b[1;35m> \u001b[20210325\u001b[0m\u001b[K\u001b[?2004h" ]
[ 4.10021, "o", "x" ]
[ 4.15246, "o", "\bx " ]
[ 4.20409, "o", "d" ]
[ 4.25607, "o", "o" ]
[ 4.30803, "o", "g" ]
[ 4.36015, "o", "g" ]
[ 4.41210, "o", "o" ]
[ 4.46474, "o", " " ]
[ 4.51683, "o", "m" ]
[ 4.56889, "o", "r" ]
[ 4.62106, "o", "k" ]
[ 4.67309, "o", "a" ]
[ 4.72510, "o", "r" ]
[ 4.77672, "o", "a" ]
[ 4.82891, "o", "n" ]
[ 4.88088, "o", "." ]
[ 4.93302, "o", "d" ]
[ 4.98505, "o", "e" ]
[ 5.03701, "o", "v" ]
[ 5.29097, "o", "\u001b[?2004l\r\r\n" ]
[ 5.39851, "o", "NAME        \tTYPE\tCLASS\tTTL \tADDRESS       \tNAMESERVER      \r\n\u001b[32;1mmrkaran.dev.\u001b[0m\t\u001b[34;1mA\u001b[0m   \tIN   \t" ]
[ 5.39874, "o", "248s\t104.21.7.168  \t192.168.65.7:53\t\r\n\u001b[32;1mmrkaran.dev.\u001b[0m\t\u001b[34;1mA\u001b[0m   \tIN   \t248s\t172.67.187.239\t192.168.65.7:53\t\r\n" ]
[ 5.39944, "o", "\u001b[1m\u001b[7m#\u001b[27m\u001b[1m\u001b[0m                                                                                                   \r \r\r\u001b[0m\u001b[27m\u001b[24m\u001b[J\r\n\u001b[19491001\u001b[1;35m> \u001b[20210325\u001b[0m" ]
[ 5.39960, "o", "\u001b[K\u001b[?2004h" ]
[ 8.29347, "o", "#\b# " ]
[ 8.39832, "o", "使" ]
[ 8.55333, "o", "用" ]
[ 8.71020, "o", "自" ]
[ 8.86589, "o", "定" ]
[ 9.02155, "o", "义" ]
[ 9.07324, "o", " " ]
[ 9.12542, "o", "D" ]
[ 9.17715, "o", "N" ]
[ 9.22937, "o", "S" ]
[ 9.28110, "o", " " ]
[ 9.43640, "o", "解" ]
[ 9.59248, "o", "析" ]
[ 9.74811, "o", "器" ]
[ 9.90384, "o", "查" ]
[ 10.06052, "o", "询" ]
[ 10.11204, "o", "\u001b[?2004l\r\r\n" ]
[ 10.11224, "o", "\u001b[1m\u001b[7m#\u001b[27m\u001b[1m\u001b[0m                                                                                                   \r \r\r\u001b[0m\u001b[27m\u001b[24m\u001b[J\r\n\u001b[19491001\u001b[1;35m> \u001b[20210325\u001b[0m\u001b[K\u001b[?2004h" ]
[ 11.61565, "o", "x" ]
[ 11.66757, "o", "\bx " ]
[ 11.71983, "o", "d" ]
[ 11.77179, "o", "o" ]
[ 11.82470, "o", "g" ]
[ 11.87626, "o", "g" ]
[ 11.92841, "o", "o" ]
[ 11.98015, "o", " " ]
[ 12.03215, "o", "M" ]
[ 12.08428, "o", "X" ]
[ 12.13640, "o", " " ]
[ 12.18849, "o", "g" ]
[ 12.24040, "o", "i" ]
[ 12.29224, "o", "t" ]
[ 12.34384, "o", "h" ]
[ 12.39637, "o", "u" ]
[ 12.44807, "o", "b" ]
[ 12.50056, "o", "." ]
[ 12.55238, "o", "c" ]
[ 12.60450, "o", "o" ]
[ 12.65672, "o", "m" ]
[ 12.70866, "o", " " ]
[ 12.76069, "o", "@" ]
[ 12.81237, "o", "9" ]
[ 12.86426, "o", "." ]
[ 12.91612, "o", "9" ]
[ 12.96871, "o", "." ]
[ 13.02118, "o", "9" ]
[ 13.07345, "o", "." ]
[ 13.12560, "o", "9" ]
[ 14.17948, "o", "\u001b[?2004l\r\r\n" ]
[ 14.18979, "o", "NAME       \tTYPE\tCLASS\tTTL  \tADDRESS                    \tNAMESERVER \r\n\u001b[32;1mgithub.com.\u001b[0m\t\u001b[35;1mMX\u001b[0m  \tIN   \t3021s\t10 alt3.aspmx.l.google.com.\t9.9.9.9:53\t\r\n\u001b[32;1mgithub.com.\u001b[0m\t\u001b[35;1mMX\u001b[0m  " ]
[ 14.18984, "o", "\tIN   \t3021s\t5 alt1.aspmx.l.google.com. " ]
[ 14.18998, "o", "\t" ]
[ 14.19012, "o", "9.9.9.9:53\t\r\n\u001b[32;1mgithub.com.\u001b[0m\t\u001b[35;1mMX\u001b[0m  \tIN   \t3021s\t5 alt2.aspmx.l.google.com. \t9.9.9.9:53\t\r\n\u001b[32;1mgithub.com.\u001b[0m\t\u001b[35;1mMX\u001b[0m  \tIN   \t3021s\t10 alt4.aspmx.l.google.com.\t" ]
[ 14.19031, "o", "9.9.9.9:53\t\r\n\u001b[32;1mgithub.com.\u001b[0m\t\u001b[35;1mMX\u001b[0m  \tIN   \t3021s\t1 aspmx.l.google.com.      \t9.9.9.9:53\t\r\n" ]
[ 14.19097, "o", "\u001b[1m\u001b[7m#\u001b[27m\u001b[1m\u001b[0m                                                                                                   \r \r\r\u001b[0m\u001b[27m\u001b[24m\u001b[J\r\n\u001b[19491001\u001b[1;35m> \u001b[20210325\u001b[0m\u001b[K" ]
[ 14.19114, "o", "\u001b[?2004h" ]
[ 17.18162, "o", "#\b# " ]
[ 17.28550, "o", "使" ]
[ 17.44188, "o", "用" ]
[ 17.59762, "o", "命" ]
[ 17.75396, "o", "名" ]
[ 17.90955, "o", "参" ]
[ 18.06529, "o", "数" ]
[ 18.11711, "o", "\u001b[?2004l\r\r\n" ]
[ 18.11727, "o", "\u001b[1m\u001b[7m#\u001b[27m\u001b[1m\u001b[0m                                                                                                   \r \r\r\u001b[0m\u001b[27m\u001b[24m\u001b[J\r\n\u001b[19491001\u001b[1;35m> \u001b[20210325\u001b[0m\u001b[K\u001b[?2004h" ]
[ 19.62171, "o", "x" ]
[ 19.67379, "o", "\bx " ]
[ 19.72542, "o", "d" ]
[ 19.77719, "o", "o" ]
[ 19.82921, "o", "g" ]
[ 19.88152, "o", "g" ]
[ 19.93325, "o", "o" ]
[ 19.98553, "o", " " ]
[ 20.03729, "o", "-" ]
[ 20.08947, "o", "t" ]
[ 20.14119, "o", " " ]
[ 20.19320, "o", "N" ]
[ 20.24461, "o", "S" ]
[ 20.29650, "o", " " ]
[ 20.34819, "o", "-" ]
[ 20.40018, "o", "n" ]
[ 20.45232, "o", " " ]
[ 20.50402, "o", "9" ]
[ 20.55604, "o", "." ]
[ 20.60765, "o", "9" ]
[ 20.65963, "o", "." ]
[ 20.71180, "o", "9" ]
[ 20.76418, "o", "." ]
[ 20.81653, "o", "9" ]
[ 20.86858, "o", " " ]
[ 20.92096, "o", "g" ]
[ 20.97279, "o", "i" ]
[ 21.02467, "o", "t" ]
[ 21.07620, "o", "h" ]
[ 21.12822, "o", "u" ]
[ 21.18042, "o", "b" ]
[ 21.23206, "o", "." ]
[ 21.28413, "o", "c" ]
[ 21.33595, "o", "o" ]
[ 21.38814, "o", "m" ]
[ 22.44215, "o", "\u001b[?2004l\r\r\n" ]
[ 22.44797, "o", "NAME       \tTYPE\tCLASS\tTTL  \tADDRESS                 \tNAMESERVER      \r\n" ]
[ 22.44802, "o", "\u001b[32;1mgithub.com.\u001b[0m\t\u001b[36;1mNS\u001b[0m  \tIN   \t3021s\tns-421.awsdns-52.com.   \t192.168.65.7:53\t\r\n" ]
[ 22.44820, "o", "\u001b[32;1mgithub.com.\u001b[0m\t\u001b[36;1mNS\u001b[0m  \tIN   \t3021s\tdns2.p08.nsone.net.     \t192.168.65.7:53\t\r\n" ]
[ 22.44833, "o", "\u001b[32;1mgithub.com.\u001b[0m\t\u001b[36;1mNS\u001b[0m  \tIN   \t3021s\tns-1283.awsdns-32.org.  \t192.168.65.7:53\t\r\n\u001b[32;1mgithub.com.\u001b[0m\t\u001b[36;1mNS\u001b[0m  \tIN   \t3021s\tns-520.awsdns-01.net.   \t" ]
[ 22.44841, "o", "192.168.65.7:53\t\r\n\u001b[32;1mgithub.com.\u001b[0m\t\u001b[36;1mNS\u001b[0m  \tIN   \t3021s\tdns4.p08.nsone.net.     \t" ]
[ 22.44864, "o", "192.168.65.7:53\t\r\n\u001b[32;1mgithub.com.\u001b[0m\t\u001b[36;1mNS\u001b[0m  \tIN   \t3021s\tdns3.p08.nsone.net.     \t192.168.65.7:53\t\r\n\u001b[32;1mgithub.com.\u001b[0m\t\u001b[36;1mNS\u001b[0m  \tIN   \t3021s\tdns1.p08.nsone.net.     \t192.168.65.7:53\t\r\n\u001b[32;1mgithub.com.\u001b[0m\t\u001b[36;1mNS\u001b[0m  \tIN   \t3021s\tns-1707.awsdns-21.co.uk.\t192.168.65.7:53\t\r\n" ]
[ 22.44928, "o", "\u001b[1m\u001b[7m#\u001b[27m\u001b[1m\u001b[0m                                                                                                   \r \r\r\u001b[0m\u001b[27m\u001b[24m\u001b[J\r\n\u001b[19491001\u001b[1;35m> \u001b[20210325\u001b[0m\u001b[K" ]
[ 22.44942, "o", "\u001b[?2004h" ]
[ 24.44439, "o", "#\b# " ]
[ 24.54843, "o", "使" ]
[ 24.70435, "o", "用" ]
[ 24.75614, "o", " " ]
[ 24.80827, "o", "C" ]
[ 24.86001, "o", "l" ]
[ 24.91215, "o", "o" ]
[ 24.96402, "o", "u" ]
[ 25.01623, "o", "d" ]
[ 25.06842, "o", "f" ]
[ 25.12021, "o", "l" ]
[ 25.17221, "o", "a" ]
[ 25.22386, "o", "r" ]
[ 25.27628, "o", "e" ]
[ 25.32789, "o", " " ]
