{"version":2,"width":100,"height":26,"timestamp":1693281836,"env":{"SHELL":"","TERM":"xterm"}}
[ 0.00000, "o", "" ]
[ 0.01824, "o", "\u001b[19491001\u001b[1;35m> \u001b[20210325\u001b[0m" ]
[ 0.01840, "o", "\u001b[K\u001b[?2004h" ]
[ 0.41812, "o", "#\b# " ]
[ 0.52247, "o", "以" ]
[ 0.67855, "o", "网" ]
[ 0.83428, "o", "格" ]
[ 0.98992, "o", "视" ]
[ 1.14623, "o", "图" ]
[ 1.30286, "o", "显" ]
[ 1.45916, "o", "示" ]
[ 1.61571, "o", "当" ]
[ 1.77215, "o", "前" ]
[ 1.92810, "o", "目" ]
[ 2.08422, "o", "录" ]
[ 2.24066, "o", "的" ]
[ 2.39689, "o", "文" ]
[ 2.55334, "o", "件" ]
[ 2.70940, "o", "列" ]
[ 2.86517, "o", "表" ]
[ 2.91760, "o", "\u001b[?2004l\r\r\n\u001b[1m\u001b[7m#\u001b[27m\u001b[1m\u001b[0m                                                                                                   \r \r" ]
[ 2.91778, "o", "\r\u001b[0m\u001b[27m\u001b[24m\u001b[J\r\n\u001b[19491001\u001b[1;35m> \u001b[20210325\u001b[0m\u001b[K\u001b[?2004h" ]
[ 4.42138, "o", "x" ]
[ 4.47369, "o", "\bx " ]
[ 4.52586, "o", "e" ]
[ 4.57803, "o", "x" ]
[ 4.63017, "o", "a" ]
[ 7.68411, "o", "\u001b[?2004l\r\r\n" ]
[ 7.89328, "o", "1min.asciinema.yml\r\n" ]
[ 7.89345, "o", "\u001b[1m\u001b[7m#\u001b[27m\u001b[1m\u001b[0m                                                                                                   \r \r\r\u001b[0m\u001b[27m\u001b[24m\u001b[J\r\n\u001b[19491001\u001b[1;35m> \u001b[20210325\u001b[0m\u001b[K" ]
[ 7.89363, "o", "\u001b[?2004h" ]
[ 9.68664, "o", "#\b# " ]
[ 9.79129, "o", "显" ]
[ 9.94737, "o", "示" ]
[ 10.10319, "o", "当" ]
[ 10.25970, "o", "前" ]
[ 10.41515, "o", "目" ]
[ 10.57116, "o", "录" ]
[ 10.72718, "o", "的" ]
[ 10.88268, "o", "文" ]
[ 11.03897, "o", "件" ]
[ 11.19495, "o", "列" ]
[ 11.35106, "o", "表" ]
[ 11.50689, "o", "并" ]
[ 11.66288, "o", "附" ]
[ 11.81866, "o", "带" ]
[ 11.97508, "o", "详" ]
[ 12.13126, "o", "细" ]
[ 12.28724, "o", "信" ]
[ 12.44382, "o", "息" ]
[ 12.49566, "o", "\u001b[?2004l\r\r\n" ]
[ 12.49576, "o", "\u001b[1m\u001b[7m#\u001b[27m\u001b[1m\u001b[0m                                                                                                   \r \r\r\u001b[0m\u001b[27m\u001b[24m\u001b[J\r\n\u001b[19491001\u001b[1;35m> \u001b[20210325\u001b[0m\u001b[K\u001b[?2004h" ]
[ 13.99972, "o", "x" ]
[ 14.05225, "o", "\bx " ]
[ 14.10440, "o", "e" ]
[ 14.15687, "o", "x" ]
[ 14.20901, "o", "a" ]
[ 14.26132, "o", " " ]
[ 14.31380, "o", "-" ]
[ 14.36620, "o", "-" ]
[ 14.41835, "o", "l" ]
[ 14.47077, "o", "o" ]
[ 14.52258, "o", "n" ]
[ 14.57494, "o", "g" ]
[ 17.62969, "o", "\u001b[?2004l\r\r\n" ]
[ 17.63178, "o", ".\u001b[1;33mr\u001b[31mw\u001b[0m\u001b[38;5;244m-\u001b[33mr\u001b[38;5;244m--\u001b[33mr\u001b[38;5;244m--\u001b[0m \u001b[1;32m4.6\u001b[0m\u001b[32mk\u001b[0m mosquitto \u001b[34m28 Aug 15:21\u001b[0m 1min.asciinema.yml\r\n" ]
[ 17.63223, "o", "\u001b[1m\u001b[7m#\u001b[27m\u001b[1m\u001b[0m                                                                                                   \r \r\r\u001b[0m\u001b[27m\u001b[24m\u001b[J\r\n\u001b[19491001\u001b[1;35m> \u001b[20210325\u001b[0m" ]
[ 17.63228, "o", "\u001b[K\u001b[?2004h" ]
[ 19.63245, "o", "#\b# " ]
[ 19.73707, "o", "以" ]
[ 19.89398, "o", "树" ]
[ 20.04997, "o", "状" ]
[ 20.20595, "o", "视" ]
[ 20.36182, "o", "图" ]
[ 20.51866, "o", "显" ]
[ 20.67511, "o", "示" ]
[ 20.83121, "o", "当" ]
[ 20.98729, "o", "前" ]
[ 21.14396, "o", "目" ]
[ 21.29948, "o", "录" ]
[ 21.45537, "o", "的" ]
[ 21.61235, "o", "文" ]
[ 21.76828, "o", "件" ]
[ 21.92429, "o", "列" ]
[ 22.08098, "o", "表" ]
[ 22.13302, "o", "\u001b[?2004l\r\r\n\u001b[1m\u001b[7m#\u001b[27m\u001b[1m\u001b[0m                                                                                                   \r \r" ]
[ 22.13310, "o", "\r\u001b[0m\u001b[27m\u001b[24m\u001b[J\r\n\u001b[19491001\u001b[1;35m> \u001b[20210325\u001b[0m\u001b[K\u001b[?2004h" ]
[ 23.63702, "o", "x" ]
[ 23.68914, "o", "\bx " ]
[ 23.74118, "o", "e" ]
[ 23.79321, "o", "x" ]
[ 23.84492, "o", "a" ]
[ 23.89686, "o", " " ]
[ 23.94896, "o", "-" ]
[ 24.00145, "o", "-" ]
[ 24.05357, "o", "t" ]
[ 24.10562, "o", "r" ]
[ 24.15798, "o", "e" ]
[ 24.21005, "o", "e" ]
[ 27.26440, "o", "\u001b[?2004l\r\r\n" ]
[ 27.26682, "o", "\u001b[1;34m.\u001b[0m\r\n\u001b[38;5;244m└──\u001b[0m 1min.asciinema.yml\r\n" ]
[ 27.26742, "o", "\u001b[1m\u001b[7m#\u001b[27m\u001b[1m\u001b[0m                                                                                                   \r \r\r\u001b[0m\u001b[27m\u001b[24m\u001b[J\r\n\u001b[19491001\u001b[1;35m> \u001b[20210325\u001b[0m\u001b[K" ]
[ 27.26756, "o", "\u001b[?2004h" ]
[ 29.26699, "o", "#\b# " ]
[ 29.37230, "o", "在" ]
[ 29.52835, "o", "文" ]
[ 29.68504, "o", "件" ]
[ 29.84060, "o", "名" ]
[ 29.99728, "o", "旁" ]
[ 30.15298, "o", "边" ]
[ 30.30939, "o", "显" ]
[ 30.46511, "o", "示" ]
[ 30.62133, "o", "图" ]
[ 30.77747, "o", "标" ]
[ 30.82908, "o", "\u001b[?2004l\r" ]
[ 30.82921, "o", "\r\n" ]
[ 30.82932, "o", "\u001b[1m\u001b[7m#\u001b[27m\u001b[1m\u001b[0m                                                                                                   \r \r\r\u001b[0m\u001b[27m\u001b[24m\u001b[J\r\n\u001b[19491001\u001b[1;35m> \u001b[20210325\u001b[0m\u001b[K\u001b[?2004h" ]
[ 32.33368, "o", "x" ]
[ 32.38614, "o", "\bx " ]
[ 32.43847, "o", "e" ]
[ 32.49089, "o", "x" ]
[ 32.54298, "o", "a" ]
[ 32.59505, "o", " " ]
[ 32.64712, "o", "-" ]
[ 32.69875, "o", "-" ]
[ 32.75077, "o", "i" ]
[ 32.80289, "o", "c" ]
[ 32.85457, "o", "o" ]
[ 32.90666, "o", "n" ]
[ 32.95884, "o", "s" ]
[ 36.01281, "o", "\u001b[?2004l\r\r\n" ]
[ 36.01400, "o", " 1min.asciinema.yml\r\n" ]
[ 36.01425, "o", "\u001b[1m\u001b[7m#\u001b[27m\u001b[1m\u001b[0m                                                                                                   \r \r\r\u001b[0m\u001b[27m\u001b[24m\u001b[J\r\n\u001b[19491001\u001b[1;35m> \u001b[20210325\u001b[0m\u001b[K\u001b[?2004h" ]
[ 38.01474, "o", "#\b# " ]
[ 38.11921, "o", "将" ]
[ 38.27528, "o", "各" ]
[ 38.43141, "o", "选" ]
[ 38.58729, "o", "项" ]
[ 38.74333, "o", "组" ]
[ 38.89943, "o", "合" ]
[ 39.05495, "o", "使" ]
[ 39.21129, "o", "用" ]
[ 39.36736, "o", "以" ]
[ 39.52316, "o", "更" ]
[ 39.67951, "o", "为" ]
[ 39.83578, "o", "简" ]
[ 39.99208, "o", "单" ]
[ 40.14857, "o", "直" ]
[ 40.30500, "o", "观" ]
[ 40.46113, "o", "的" ]
[ 40.61745, "o", "方" ]
[ 40.77346, "o", "式" ]
[ 40.92908, "o", "查" ]
[ 41.08501, "o", "看" ]
[ 41.24139, "o", "文" ]
[ 41.39744, "o", "件" ]
[ 41.55379, "o", "列" ]
[ 41.70971, "o", "表" ]
[ 41.76167, "o", "\u001b[?2004l\r\r\n\u001b[1m\u001b[7m#\u001b[27m\u001b[1m\u001b[0m                                                                                                   \r \r" ]
[ 41.76183, "o", "\r\u001b[0m\u001b[27m\u001b[24m\u001b[J\r\n\u001b[19491001\u001b[1;35m> \u001b[20210325\u001b[0m\u001b[K\u001b[?2004h" ]
[ 43.26585, "o", "x" ]
[ 43.31864, "o", "\bx " ]
[ 43.37076, "o", "e" ]
[ 43.42299, "o", "x" ]
[ 43.47520, "o", "a" ]
[ 43.52729, "o", " " ]
[ 43.57931, "o", "." ]
[ 43.63139, "o", "/" ]
[ 43.68350, "o", " " ]
[ 43.73565, "o", "-" ]
[ 43.78788, "o", "-" ]
[ 43.84010, "o", "t" ]
[ 43.89219, "o", "r" ]
[ 43.94421, "o", "e" ]
[ 43.99603, "o", "e" ]
[ 44.04817, "o", " " ]
[ 44.10065, "o", "-" ]
[ 44.15308, "o", "-" ]
[ 44.20544, "o", "l" ]
[ 44.25759, "o", "e" ]
[ 44.30961, "o", "v" ]
[ 44.36168, "o", "e" ]
[ 44.41374, "o", "l" ]
[ 44.46598, "o", "=" ]
[ 44.51809, "o", "2" ]
[ 44.57024, "o", " " ]
[ 44.62270, "o", "-" ]
[ 44.67504, "o", "-" ]
[ 44.72715, "o", "l" ]
[ 44.77912, "o", "o" ]
[ 44.83127, "o", "n" ]
[ 44.88382, "o", "g" ]
[ 44.93628, "o", " " ]
[ 44.98836, "o", "-" ]
[ 45.04030, "o", "-" ]
[ 45.09232, "o", "i" ]
[ 45.14441, "o", "c" ]
[ 45.19643, "o", "o" ]
[ 45.24899, "o", "n" ]
[ 45.30107, "o", "s" ]
[ 49.35527, "o", "\u001b[?2004l\r\r\n" ]
