{"version":2,"width":100,"height":26,"timestamp":1693281403,"env":{"SHELL":"","TERM":"xterm"}}
[ 0.00000, "o", "" ]
[ 0.01845, "o", "\u001b[19491001\u001b[1;35m> \u001b[20210325\u001b[0m\u001b[K\u001b[?2004h" ]
[ 0.41796, "o", "#\b# " ]
[ 0.52194, "o", "搜" ]
[ 0.67803, "o", "索" ]
[ 0.83406, "o", "文" ]
[ 0.98955, "o", "件" ]
[ 1.14651, "o", "名" ]
[ 1.30277, "o", "字" ]
[ 1.45934, "o", "包" ]
[ 1.61530, "o", "含" ]
[ 1.66737, "o", " " ]
[ 1.71937, "o", "m" ]
[ 1.77126, "o", "o" ]
[ 1.82324, "o", "d" ]
[ 1.87538, "o", " " ]
[ 2.03114, "o", "的" ]
[ 2.18752, "o", "条" ]
[ 2.34399, "o", "目" ]
[ 2.39610, "o", "\u001b[?2004l\r\r\n\u001b[1m\u001b[7m#\u001b[27m\u001b[1m\u001b[0m                                                                                                   \r \r\r\u001b[0m\u001b[27m\u001b[24m\u001b[J\r\n\u001b[19491001\u001b[1;35m> \u001b[20210325\u001b[0m\u001b[K\u001b[?2004h" ]
[ 3.89992, "o", "x" ]
[ 3.95212, "o", "\bx " ]
[ 4.00431, "o", "f" ]
[ 4.05637, "o", "d" ]
[ 4.10844, "o", " " ]
[ 4.16052, "o", "m" ]
[ 4.21249, "o", "o" ]
[ 4.26452, "o", "d" ]
[ 7.31820, "o", "\u001b[?2004l\r\r\n" ]
[ 7.47846, "o", "\u001b[1;34mmod\u001b[0m\u001b[1;34m/\u001b[0m\r\n\u001b[1;34mmod/boot/lib/\u001b[0mmod\r\n\u001b[1;34mmod/csv/lib/awk/\u001b[0mheader_mod.awk\r\n\u001b[1;34mmod/git/lib/\u001b[0m\u001b[1;34msubmodule\u001b[0m\u001b[1;34m/\u001b[0m\r\n\u001b[1;34mmod/scotty/lib/\u001b[0m\u001b[1;34mmod\u001b[0m\u001b[1;34m/\u001b[0m\r\n\u001b[1;34mmod/tui/lib/\u001b[0mmodel.awk\r\n" ]
[ 7.47939, "o", "\u001b[1m\u001b[7m#\u001b[27m\u001b[1m\u001b[0m                                                                                                   \r \r\r\u001b[0m\u001b[27m\u001b[24m\u001b[J\r\n\u001b[19491001\u001b[1;35m> \u001b[20210325\u001b[0m\u001b[K\u001b[?2004h" ]
[ 9.32174, "o", "#\b# " ]
[ 9.42544, "o", "显" ]
[ 9.58105, "o", "示" ]
[ 9.73726, "o", "包" ]
[ 9.89363, "o", "含" ]
[ 9.94609, "o", " " ]
[ 9.99782, "o", "d" ]
[ 10.04998, "o", "o" ]
[ 10.10206, "o", "c" ]
[ 10.15414, "o", "k" ]
[ 10.20653, "o", "e" ]
[ 10.25884, "o", "r" ]
[ 10.31110, "o", " " ]
[ 10.46747, "o", "文" ]
[ 10.62478, "o", "件" ]
[ 10.78096, "o", "夹" ]
[ 10.93703, "o", "的" ]
[ 11.09252, "o", "目" ]
[ 11.25005, "o", "录" ]
[ 11.30205, "o", "\u001b[?2004l\r\r\n\u001b[1m\u001b[7m#\u001b[27m\u001b[1m\u001b[0m                                                                                                   \r \r\r\u001b[0m\u001b[27m\u001b[24m\u001b[J\r\n" ]
[ 11.30215, "o", "\u001b[19491001\u001b[1;35m> \u001b[20210325\u001b[0m\u001b[K\u001b[?2004h" ]
[ 12.80646, "o", "x" ]
[ 12.85880, "o", "\bx " ]
[ 12.91072, "o", "f" ]
[ 12.96267, "o", "d" ]
[ 13.01525, "o", " " ]
[ 13.06732, "o", "-" ]
[ 13.11912, "o", "-" ]
[ 13.17146, "o", "t" ]
[ 13.22312, "o", "y" ]
[ 13.27517, "o", "p" ]
[ 13.32768, "o", "e" ]
[ 13.38006, "o", " " ]
[ 13.43213, "o", "d" ]
[ 13.48422, "o", " " ]
[ 13.53629, "o", "d" ]
[ 13.58834, "o", "o" ]
[ 13.64072, "o", "c" ]
[ 13.69278, "o", "k" ]
[ 13.74497, "o", "e" ]
[ 13.79721, "o", "r" ]
[ 16.85121, "o", "\u001b[?2004l\r\r\n" ]
[ 16.87607, "o", "\u001b[1;34madv/\u001b[0m\u001b[1;34mdocker\u001b[0m\u001b[1;34m/\u001b[0m\r\n\u001b[1;34mmod/\u001b[0m\u001b[1;34mdocker\u001b[0m\u001b[1;34m/\u001b[0m\r\n\u001b[1;34mmod/docker/lib/\u001b[0m\u001b[1;34mDockerfile\u001b[0m\u001b[1;34m/\u001b[0m\r\n" ]
[ 16.87691, "o", "\u001b[1m\u001b[7m#\u001b[27m\u001b[1m\u001b[0m                                                                                                   \r \r" ]
[ 16.87709, "o", "\r\u001b[0m\u001b[27m\u001b[24m\u001b[J\r\n\u001b[19491001\u001b[1;35m> \u001b[20210325\u001b[0m\u001b[K\u001b[?2004h" ]
[ 18.85334, "o", "#\b# " ]
[ 18.95794, "o", "通" ]
[ 19.11338, "o", "过" ]
[ 19.26932, "o", "正" ]
[ 19.42563, "o", "则" ]
[ 19.58192, "o", "表" ]
[ 19.73846, "o", "达" ]
[ 19.89483, "o", "式" ]
[ 20.05148, "o", "搜" ]
[ 20.20698, "o", "索" ]
[ 20.36279, "o", "文" ]
[ 20.51944, "o", "件" ]
[ 20.67585, "o", "名" ]
[ 20.83197, "o", "为" ]
[ 20.98815, "o", "大" ]
[ 21.14356, "o", "写" ]
[ 21.29960, "o", "字" ]
[ 21.45620, "o", "母" ]
[ 21.61241, "o", "的" ]
[ 21.76893, "o", "条" ]
[ 21.92526, "o", "目" ]
[ 21.97736, "o", "\u001b[?2004l\r\r\n\u001b[1m\u001b[7m#\u001b[27m\u001b[1m\u001b[0m                                                                                                   \r \r" ]
[ 21.97742, "o", "\r\u001b[0m\u001b[27m\u001b[24m\u001b[J\r\n\u001b[19491001\u001b[1;35m> \u001b[20210325\u001b[0m\u001b[K\u001b[?2004h" ]
[ 23.48113, "o", "x" ]
[ 23.53336, "o", "\bx " ]
[ 23.58527, "o", "f" ]
[ 23.63783, "o", "d" ]
[ 23.68998, "o", " " ]
[ 23.74204, "o", "'" ]
[ 23.79401, "o", "^" ]
[ 23.84647, "o", "[" ]
[ 23.89874, "o", "A" ]
[ 23.95091, "o", "-" ]
[ 24.00303, "o", "Z" ]
[ 24.05504, "o", "]" ]
[ 24.10707, "o", "'" ]
[ 27.16071, "o", "\u001b[?2004l\r\r\n" ]
[ 27.18149, "o", "LICENSE\r\nX\r\n\u001b[1;34mmod/docker/lib/\u001b[0m\u001b[1;34mDockerfile\u001b[0m\u001b[1;34m/\u001b[0m\r\n\u001b[1;34mmod/docker/lib/ximg/data/\u001b[0mLICENSE\r\n\u001b[1;34mmod/docker/lib/ximg/data/x/almal/\u001b[0mX\r\n\u001b[1;34mmod/docker/lib/ximg/data/x/alpine/\u001b[0mX\r\n\u001b[1;34mmod/docker/lib/ximg/data/x/centos/\u001b[0mX\r\n\u001b[1;34mmod/docker/lib/ximg/data/x/debian/\u001b[0mX\r\n\u001b[1;34mmod/docker/lib/ximg/data/x/fedora/\u001b[0mX\r\n\u001b[1;34mmod/docker/lib/ximg/data/x/rocky/\u001b[0mX\r\n\u001b[1;34mmod/docker/lib/ximg/data/x/ubuntu/\u001b[0mX\r\n\u001b[1;34mmod/docker/lib/ximg/data/x/ubuntu/openssh/\u001b[0mDockerfile\r\n\u001b[1;34mmod/docker/lib/ximg/data/x/ubuntu/ssh/\u001b[0mDockerfile\r\n" ]
[ 27.18250, "o", "\u001b[1m\u001b[7m#\u001b[27m\u001b[1m\u001b[0m                                                                                                   \r \r\r\u001b[0m\u001b[27m\u001b[24m\u001b[J\r\n\u001b[19491001\u001b[1;35m> \u001b[20210325\u001b[0m\u001b[K" ]
[ 27.18264, "o", "\u001b[?2004h" ]
[ 29.16293, "o", "#\b# " ]
[ 29.26646, "o", "搜" ]
[ 29.42179, "o", "索" ]
[ 29.47407, "o", " " ]
[ 29.52606, "o", "m" ]
[ 29.57854, "o", "o" ]
[ 29.63103, "o", "d" ]
[ 29.68323, "o", "/" ]
[ 29.73541, "o", "j" ]
[ 29.78779, "o", "o" ]
[ 29.84033, "o", "b" ]
[ 29.89286, "o", " " ]
[ 30.04915, "o", "目" ]
[ 30.20557, "o", "录" ]
[ 30.36193, "o", "下" ]
[ 30.51779, "o", "以" ]
[ 30.57027, "o", " " ]
[ 30.62251, "o", "." ]
[ 30.67463, "o", "a" ]
[ 30.72709, "o", "w" ]
[ 30.77904, "o", "k" ]
[ 30.83122, "o", " " ]
[ 30.98708, "o", "作" ]
[ 31.14353, "o", "为" ]
[ 31.29970, "o", "文" ]
[ 31.45570, "o", "件" ]
[ 31.61152, "o", "扩" ]
[ 31.76780, "o", "展" ]
[ 31.92438, "o", "名" ]
[ 32.08110, "o", "的" ]
[ 32.23733, "o", "文" ]
[ 32.39371, "o", "件" ]
[ 32.44536, "o", "\u001b[?2004l\r\r\n" ]
[ 32.44556, "o", "\u001b[1m\u001b[7m#\u001b[27m\u001b[1m\u001b[0m                                                                                                   \r \r\r\u001b[0m\u001b[27m\u001b[24m\u001b[J\r\n\u001b[19491001\u001b[1;35m> \u001b[20210325\u001b[0m\u001b[K\u001b[?2004h" ]
[ 33.94962, "o", "x" ]
[ 34.00219, "o", "\bx " ]
[ 34.05416, "o", "f" ]
[ 34.10623, "o", "d" ]
[ 34.15835, "o", " " ]
[ 34.21098, "o", "-" ]
[ 34.26306, "o", "e" ]
[ 34.31458, "o", " " ]
[ 34.36666, "o", "a" ]
[ 34.41875, "o", "w" ]
[ 34.47063, "o", "k" ]
[ 34.52270, "o", " " ]
[ 34.57463, "o", "-" ]
[ 34.62639, "o", "-" ]
[ 34.67825, "o", "f" ]
[ 34.73104, "o", "u" ]
[ 34.78330, "o", "l" ]
[ 34.83536, "o", "l" ]
[ 34.88774, "o", "-" ]
[ 34.93992, "o", "p" ]
[ 34.99188, "o", "a" ]
[ 35.04444, "o", "t" ]
[ 35.09702, "o", "h" ]
[ 35.14923, "o", " " ]
[ 35.20127, "o", "m" ]
[ 35.25309, "o", "o" ]
[ 35.30497, "o", "d" ]
[ 35.35694, "o", "/" ]
[ 35.40916, "o", "j" ]
[ 35.46123, "o", "o" ]
[ 35.51332, "o", "b" ]
[ 38.56731, "o", "\u001b[?2004l\r\r\n" ]
[ 38.58881, "o", "\u001b[1;34mmod/job/lib/app/\u001b[0mlog.awk\r\n\u001b[1;34mmod/job/lib/\u001b[0mreport.awk\r\n" ]
