{"version":2,"width":100,"height":26,"timestamp":1690602693,"env":{"SHELL":"","TERM":"xterm"}}
[ 0.00000, "o", "" ]
[ 0.13303, "o", "\u001b[19491001\u001b[1;35m> \u001b[20210325\u001b[0m\u001b[K\u001b[?2004h" ]
[ 0.42548, "o", "#\b# " ]
[ 0.52928, "o", "进" ]
[ 0.68476, "o", "入" ]
[ 0.84046, "o", "本" ]
[ 0.99630, "o", "地" ]
[ 1.04790, "o", " " ]
[ 1.09961, "o", "g" ]
[ 1.15186, "o", "i" ]
[ 1.20386, "o", "t" ]
[ 1.25590, "o", " " ]
[ 1.30796, "o", "r" ]
[ 1.35983, "o", "e" ]
[ 1.41196, "o", "p" ]
[ 1.46397, "o", "o" ]
[ 1.51582, "o", " " ]
[ 1.67162, "o", "目" ]
[ 1.82771, "o", "录" ]
[ 1.87946, "o", "\u001b[?2004l\r\r\n\u001b[1m\u001b[7m#\u001b[27m\u001b[1m\u001b[0m                                                                                                   \r \r\r\u001b[0m\u001b[27m\u001b[24m\u001b[J\r\n\u001b[19491001\u001b[1;35m> \u001b[20210325\u001b[0m\u001b[K\u001b[?2004h" ]
[ 2.38143, "o", "x" ]
[ 2.43318, "o", "\bx " ]
[ 2.48498, "o", "e" ]
[ 2.53692, "o", "x" ]
[ 2.58918, "o", "a" ]
[ 2.64122, "o", " " ]
[ 2.69311, "o", "-" ]
[ 2.74518, "o", "-" ]
[ 2.79729, "o", "t" ]
[ 2.84960, "o", "r" ]
[ 2.90166, "o", "e" ]
[ 2.95376, "o", "e" ]
[ 3.00573, "o", " " ]
[ 3.05744, "o", "-" ]
[ 3.10940, "o", "-" ]
[ 3.16137, "o", "l" ]
[ 3.21338, "o", "e" ]
[ 3.26529, "o", "v" ]
[ 3.31708, "o", "e" ]
[ 3.36895, "o", "l" ]
[ 3.42112, "o", "=" ]
[ 3.47318, "o", "1" ]
[ 3.52507, "o", " " ]
[ 3.57730, "o", "&" ]
[ 3.62941, "o", "&" ]
[ 3.68142, "o", " " ]
[ 3.73371, "o", "c" ]
[ 3.78558, "o", "d" ]
[ 3.83752, "o", " " ]
[ 3.88942, "o", "g" ]
[ 3.94128, "o", "i" ]
[ 3.99323, "o", "t" ]
[ 4.04516, "o", "l" ]
[ 4.09724, "o", "e" ]
[ 4.14925, "o", "a" ]
[ 4.20116, "o", "k" ]
[ 4.25306, "o", "s" ]
[ 4.30516, "o", "/" ]
[ 5.35896, "o", "\u001b[?2004l\r\r\n" ]
[ 5.44257, "o", "\u001b[1;34m.\u001b[0m\r\n\u001b[38;5;244m└──\u001b[0m \u001b[1;34mgitleaks\u001b[0m\r\n" ]
[ 5.44313, "o", "\u001b[1m\u001b[7m#\u001b[27m\u001b[1m\u001b[0m                                                                                                   \r \r\r\u001b[0m\u001b[27m\u001b[24m\u001b[J\r\n\u001b[19491001\u001b[1;35m> \u001b[20210325\u001b[0m\u001b[K" ]
[ 5.44332, "o", "\u001b[?2004h" ]
[ 7.36137, "o", "#\b# " ]
[ 7.46573, "o", "检" ]
[ 7.62159, "o", "测" ]
[ 7.77752, "o", "代" ]
[ 7.93304, "o", "码" ]
[ 8.08909, "o", "中" ]
[ 8.24483, "o", "的" ]
[ 8.29698, "o", " " ]
[ 8.34925, "o", "s" ]
[ 8.40121, "o", "e" ]
[ 8.45313, "o", "c" ]
[ 8.50536, "o", "r" ]
[ 8.55730, "o", "e" ]
[ 8.60932, "o", "t" ]
[ 8.66123, "o", "s" ]
[ 8.71309, "o", "\u001b[?2004l\r\r\n\u001b[1m\u001b[7m#\u001b[27m\u001b[1m\u001b[0m                                                                                                   \r \r\r\u001b[0m\u001b[27m\u001b[24m\u001b[J\r\n\u001b[19491001\u001b[1;35m> \u001b[20210325\u001b[0m\u001b[K\u001b[?2004h" ]
[ 10.21712, "o", "x" ]
[ 10.26918, "o", "\bx " ]
[ 10.32122, "o", "g" ]
[ 10.37306, "o", "i" ]
[ 10.42499, "o", "t" ]
[ 10.47682, "o", "l" ]
[ 10.52883, "o", "e" ]
[ 10.58020, "o", "a" ]
[ 10.63204, "o", "k" ]
[ 10.68397, "o", "s" ]
[ 10.73583, "o", " " ]
[ 10.78790, "o", "d" ]
[ 10.83964, "o", "e" ]
[ 10.89158, "o", "t" ]
[ 10.94338, "o", "e" ]
[ 10.99523, "o", "c" ]
[ 11.04714, "o", "t" ]
[ 11.30099, "o", "\u001b[?2004l\r\r\n" ]
[ 11.35866, "o", "\r\n    ○\r\n    │╲\r\n    │ ○\r\n    ○ ░\r\n    ░    gitleaks\r\n\r\n" ]
[ 12.22842, "o", "\u001b[90m3:51AM\u001b[0m \u001b[32mINF\u001b[0m 785 commits scanned.\r\n\u001b[90m3:51AM\u001b[0m \u001b[32mINF\u001b[0m scan completed in 852ms\r\n\u001b[90m3:51AM\u001b[0m \u001b[31mWRN\u001b[0m leaks found: 23\r\n" ]
[ 12.22983, "o", "\u001b[1m\u001b[7m#\u001b[27m\u001b[1m\u001b[0m                                                                                                   \r \r\r\u001b[0m\u001b[27m\u001b[24m\u001b[J\r\n\u001b[19491001\u001b[1;35m> \u001b[20210325\u001b[0m\u001b[K" ]
[ 12.22999, "o", "\u001b[?2004h" ]
[ 13.30334, "o", "#\b# " ]
[ 13.40757, "o", "检" ]
[ 13.56326, "o", "测" ]
[ 13.71903, "o", "代" ]
[ 13.87452, "o", "码" ]
[ 14.03048, "o", "中" ]
[ 14.18663, "o", "的" ]
[ 14.23870, "o", " " ]
[ 14.29040, "o", "s" ]
[ 14.34240, "o", "e" ]
[ 14.39429, "o", "c" ]
[ 14.44654, "o", "r" ]
[ 14.49879, "o", "e" ]
[ 14.55075, "o", "t" ]
[ 14.60274, "o", "s" ]
[ 14.75847, "o", "，" ]
[ 14.91380, "o", "并" ]
[ 15.06962, "o", "生" ]
[ 15.22550, "o", "成" ]
[ 15.27740, "o", " " ]
[ 15.32920, "o", "j" ]
[ 15.38148, "o", "s" ]
[ 15.43343, "o", "o" ]
[ 15.48535, "o", "n" ]
[ 15.53756, "o", " " ]
[ 15.69297, "o", "格" ]
[ 15.84844, "o", "式" ]
[ 16.00474, "o", "的" ]
[ 16.16059, "o", "报" ]
[ 16.31599, "o", "告" ]
[ 16.36793, "o", "\u001b[?2004l\r\r\n\u001b[1m\u001b[7m#\u001b[27m\u001b[1m\u001b[0m                                                                                                   \r \r\r\u001b[0m\u001b[27m\u001b[24m\u001b[J\r\n\u001b[19491001\u001b[1;35m> \u001b[20210325\u001b[0m\u001b[K\u001b[?2004h" ]
[ 17.87194, "o", "x" ]
[ 17.92411, "o", "\bx " ]
[ 17.97610, "o", "g" ]
[ 18.02807, "o", "i" ]
[ 18.08013, "o", "t" ]
[ 18.13207, "o", "l" ]
[ 18.18395, "o", "e" ]
[ 18.23581, "o", "a" ]
[ 18.28754, "o", "k" ]
[ 18.33940, "o", "s" ]
[ 18.39165, "o", " " ]
[ 18.44354, "o", "d" ]
[ 18.49547, "o", "e" ]
[ 18.54730, "o", "t" ]
[ 18.59928, "o", "e" ]
[ 18.65123, "o", "c" ]
[ 18.70319, "o", "t" ]
[ 18.75517, "o", " " ]
[ 18.80709, "o", "-" ]
[ 18.85896, "o", "-" ]
[ 18.91094, "o", "r" ]
[ 18.96297, "o", "e" ]
[ 19.01504, "o", "p" ]
[ 19.06713, "o", "o" ]
[ 19.11917, "o", "r" ]
[ 19.17073, "o", "t" ]
[ 19.22261, "o", "-" ]
[ 19.27434, "o", "p" ]
[ 19.32617, "o", "a" ]
[ 19.37823, "o", "t" ]
[ 19.43050, "o", "h" ]
[ 19.48246, "o", " " ]
[ 19.53448, "o", "o" ]
[ 19.58610, "o", "u" ]
[ 19.63827, "o", "t" ]
[ 19.69050, "o", "p" ]
[ 19.74252, "o", "u" ]
[ 19.79445, "o", "t" ]
[ 19.84643, "o", "." ]
[ 19.89861, "o", "j" ]
[ 19.95059, "o", "s" ]
[ 20.00275, "o", "o" ]
[ 20.05479, "o", "n" ]
[ 21.10860, "o", "\u001b[?2004l\r\r\n" ]
[ 21.11101, "o", "\r\n    ○\r\n    │╲\r\n    │ ○\r\n    ○ ░\r\n    ░    gitleaks\r\n\r\n" ]
[ 21.97734, "o", "\u001b[90m3:51AM\u001b[0m \u001b[32mINF\u001b[0m 785 commits scanned.\r\n\u001b[90m3:51AM\u001b[0m \u001b[32mINF\u001b[0m scan completed in 847ms\r\n" ]
[ 21.97748, "o", "\u001b[90m3:51AM\u001b[0m \u001b[31mWRN\u001b[0m leaks found: 23\r\n" ]
[ 21.97915, "o", "\u001b[1m\u001b[7m#\u001b[27m\u001b[1m\u001b[0m                                                                                                   \r \r\r\u001b[0m\u001b[27m\u001b[24m\u001b[J\r\n\u001b[19491001\u001b[1;35m> \u001b[20210325\u001b[0m" ]
[ 21.97928, "o", "\u001b[K\u001b[?2004h" ]
[ 23.11110, "o", "#\b# " ]
[ 23.21526, "o", "基" ]
[ 23.37055, "o", "于" ]
[ 23.52652, "o", "检" ]
[ 23.68203, "o", "测" ]
[ 23.83747, "o", "报" ]
[ 23.99340, "o", "告" ]
[ 24.14951, "o", "运" ]
[ 24.30544, "o", "行" ]
[ 24.46114, "o", "检" ]
[ 24.61674, "o", "测" ]
[ 24.77281, "o", "命" ]
[ 24.92839, "o", "令" ]
[ 25.08508, "o", "，" ]
[ 25.24120, "o", "报" ]
[ 25.39670, "o", "告" ]
[ 25.55274, "o", "输" ]
[ 25.70843, "o", "出" ]
[ 25.86411, "o", "将" ]
[ 26.01964, "o", "仅" ]
[ 26.17537, "o", "包" ]
[ 26.33069, "o", "含" ]
[ 26.48681, "o", "新" ]
[ 26.64264, "o", "问" ]
[ 26.79799, "o", "题" ]
[ 26.84983, "o", "\u001b[?2004l\r\r\n\u001b[1m\u001b[7m#\u001b[27m\u001b[1m\u001b[0m                                                                                                   \r \r\r\u001b[0m\u001b[27m\u001b[24m\u001b[J\r\n\u001b[19491001\u001b[1;35m> \u001b[20210325\u001b[0m\u001b[K\u001b[?2004h" ]
[ 29.35283, "o", "x" ]
[ 29.40500, "o", "\bx " ]
[ 29.45696, "o", "g" ]
[ 29.50899, "o", "i" ]
[ 29.56107, "o", "t" ]
[ 29.61290, "o", "l" ]
[ 29.66490, "o", "e" ]
[ 29.71681, "o", "a" ]
[ 29.76896, "o", "k" ]
[ 29.82099, "o", "s" ]
[ 29.87292, "o", " " ]
[ 29.92483, "o", "d" ]
[ 29.97669, "o", "e" ]
[ 30.02852, "o", "t" ]
[ 30.08038, "o", "e" ]
[ 30.13218, "o", "c" ]
[ 30.18400, "o", "t" ]
[ 30.23596, "o", " " ]
[ 30.28800, "o", "-" ]
[ 30.33974, "o", "-" ]
[ 30.39156, "o", "b" ]
