{"version":2,"width":100,"height":26,"timestamp":1693292121,"env":{"SHELL":"","TERM":"xterm"}}
[ 0.00000, "o", "" ]
[ 0.02205, "o", "\u001b[19491001\u001b[1;35m> \u001b[20210325\u001b[0m\u001b[K\u001b[?2004h" ]
[ 0.39256, "o", "x" ]
[ 0.44420, "o", "\bx " ]
[ 0.49648, "o", "e" ]
[ 0.54834, "o", "x" ]
[ 0.60043, "o", "a" ]
[ 0.65266, "o", " " ]
[ 0.70488, "o", "-" ]
[ 0.75685, "o", "a" ]
[ 3.81075, "o", "\u001b[?2004l" ]
[ 3.81095, "o", "\r\r\n" ]
[ 4.14675, "o", "\u001b[1;34m.git\u001b[0m\r\n" ]
[ 4.14714, "o", "\u001b[1m\u001b[7m#\u001b[27m\u001b[1m\u001b[0m                                                                                                   \r \r\r\u001b[0m\u001b[27m\u001b[24m\u001b[J\r\n\u001b[19491001\u001b[1;35m> \u001b[20210325\u001b[0m" ]
[ 4.14745, "o", "\u001b[K\u001b[?2004h" ]
[ 5.81318, "o", "#\b# " ]
[ 5.91682, "o", "添" ]
[ 6.07194, "o", "加" ]
[ 6.22819, "o", "一" ]
[ 6.38398, "o", "个" ]
[ 6.53965, "o", "主" ]
[ 6.69607, "o", "包" ]
[ 6.74878, "o", "\u001b[?2004l\r\r\n" ]
[ 6.74896, "o", "\u001b[1m\u001b[7m#\u001b[27m\u001b[1m\u001b[0m                                                                                                   \r \r\r\u001b[0m\u001b[27m\u001b[24m\u001b[J\r\n\u001b[19491001\u001b[1;35m> \u001b[20210325\u001b[0m\u001b[K\u001b[?2004h" ]
[ 8.25289, "o", "e" ]
[ 8.30490, "o", "\bec" ]
[ 8.35692, "o", "h" ]
[ 8.40899, "o", "o" ]
[ 8.46104, "o", " " ]
[ 8.51345, "o", "'" ]
[ 8.56535, "o", "p" ]
[ 8.61740, "o", "a" ]
[ 8.66948, "o", "c" ]
[ 8.72150, "o", "k" ]
[ 8.77369, "o", "a" ]
[ 8.82547, "o", "g" ]
[ 8.87771, "o", "e" ]
[ 8.93032, "o", " " ]
[ 8.98309, "o", "m" ]
[ 9.03544, "o", "a" ]
[ 9.08807, "o", "i" ]
[ 9.14034, "o", "n" ]
[ 9.19253, "o", "\u001b[?2004l\r\r\n" ]
[ 9.19270, "o", "\r\u001b[0m\u001b[27m\u001b[24m\u001b[J> \u001b[K\u001b[?2004h" ]
[ 9.24540, "o", "f" ]
[ 9.29764, "o", "\bfu" ]
[ 9.35053, "o", "n" ]
[ 9.40339, "o", "c" ]
[ 9.45638, "o", " " ]
[ 9.50878, "o", "m" ]
[ 9.56105, "o", "a" ]
[ 9.61345, "o", "i" ]
[ 9.66602, "o", "n" ]
[ 9.71804, "o", "(" ]
[ 9.77036, "o", ")" ]
[ 9.82273, "o", " " ]
[ 9.87457, "o", "{" ]
[ 9.92754, "o", "\u001b[?2004l\r\r\n\r\u001b[0m\u001b[27m\u001b[24m\u001b[J> \u001b[K\u001b[?2004h" ]
[ 9.98147, "o", " " ]
[ 10.03348, "o", "\b  " ]
[ 10.08547, "o", "p" ]
[ 10.13740, "o", "r" ]
[ 10.18942, "o", "i" ]
[ 10.24144, "o", "n" ]
[ 10.29400, "o", "t" ]
[ 10.34636, "o", "l" ]
[ 10.39874, "o", "n" ]
[ 10.45076, "o", "(" ]
[ 10.50350, "o", "\"" ]
[ 10.55562, "o", "h" ]
[ 10.60741, "o", "e" ]
[ 10.65976, "o", "l" ]
[ 10.71153, "o", "l" ]
[ 10.76362, "o", "o" ]
[ 10.81538, "o", " " ]
[ 10.86745, "o", "g" ]
[ 10.91954, "o", "o" ]
[ 10.97118, "o", "r" ]
[ 11.02315, "o", "e" ]
[ 11.07508, "o", "l" ]
[ 11.12724, "o", "e" ]
[ 11.17944, "o", "a" ]
[ 11.23152, "o", "s" ]
[ 11.28346, "o", "e" ]
[ 11.33537, "o", "r" ]
[ 11.38748, "o", "\"" ]
[ 11.43927, "o", ")" ]
[ 11.49123, "o", "\u001b[?2004l\r\r\n\r\u001b[0m\u001b[27m\u001b[24m\u001b[J> \u001b[K\u001b[?2004h" ]
[ 11.54302, "o", "}" ]
[ 11.59549, "o", "\b}'" ]
[ 11.64715, "o", " " ]
[ 11.69944, "o", ">" ]
[ 11.75134, "o", " " ]
[ 11.80361, "o", "m" ]
[ 11.85565, "o", "a" ]
[ 11.90749, "o", "i" ]
[ 11.95994, "o", "n" ]
[ 12.01194, "o", "." ]
[ 12.06373, "o", "g" ]
[ 12.11535, "o", "o" ]
[ 12.16748, "o", "\u001b[?2004l\r\r\n" ]
[ 12.16766, "o", "\u001b[1m\u001b[7m#\u001b[27m\u001b[1m\u001b[0m                                                                                                   \r \r\r\u001b[0m\u001b[27m\u001b[24m\u001b[J\r\n\u001b[19491001\u001b[1;35m> \u001b[20210325\u001b[0m\u001b[K\u001b[?2004h" ]
[ 17.22138, "o", "#\b# " ]
[ 17.32489, "o", "初" ]
[ 17.48095, "o", "始" ]
[ 17.63610, "o", "化" ]
[ 17.79223, "o", "模" ]
[ 17.94899, "o", "块" ]
[ 18.00081, "o", "\u001b[?2004l\r\r\n" ]
[ 18.00088, "o", "\u001b[1m\u001b[7m#\u001b[27m\u001b[1m\u001b[0m                                                                                                   \r \r\r\u001b[0m\u001b[27m\u001b[24m\u001b[J\r\n\u001b[19491001\u001b[1;35m> \u001b[20210325\u001b[0m\u001b[K\u001b[?2004h" ]
[ 19.50438, "o", "x" ]
[ 19.55661, "o", "\bx " ]
[ 19.60903, "o", "g" ]
[ 19.66103, "o", "o" ]
[ 19.71268, "o", " " ]
[ 19.76464, "o", "m" ]
[ 19.81631, "o", "o" ]
[ 19.86809, "o", "d" ]
[ 19.92028, "o", " " ]
[ 19.97275, "o", "i" ]
[ 20.02545, "o", "n" ]
[ 20.07648, "o", "i" ]
[ 20.12821, "o", "t" ]
[ 20.18012, "o", " " ]
[ 20.23208, "o", "m" ]
[ 20.28385, "o", "a" ]
[ 20.33638, "o", "i" ]
[ 20.38842, "o", "n" ]
[ 23.44209, "o", "\u001b[?2004l\r\r\n" ]
[ 23.58208, "o", "go: creating new go.mod: module main\r\n" ]
[ 23.58249, "o", "go: to add module requirements and sums:\r\n\tgo mod tidy\r\n" ]
[ 23.58350, "o", "\u001b[1m\u001b[7m#\u001b[27m\u001b[1m\u001b[0m                                                                                                   \r \r\r\u001b[0m\u001b[27m\u001b[24m\u001b[J\r\n\u001b[19491001\u001b[1;35m> \u001b[20210325\u001b[0m\u001b[K" ]
[ 23.58373, "o", "\u001b[?2004h" ]
[ 25.44449, "o", "#\b# " ]
[ 25.54860, "o", "生" ]
[ 25.70389, "o", "成" ]
[ 25.75623, "o", " " ]
[ 25.80822, "o", "." ]
[ 25.86007, "o", "g" ]
[ 25.91201, "o", "o" ]
[ 25.96377, "o", "r" ]
[ 26.01643, "o", "e" ]
[ 26.06828, "o", "l" ]
[ 26.12017, "o", "e" ]
[ 26.17183, "o", "a" ]
[ 26.22405, "o", "s" ]
[ 26.27589, "o", "e" ]
[ 26.32737, "o", "r" ]
[ 26.37934, "o", "." ]
[ 26.43105, "o", "y" ]
[ 26.48338, "o", "a" ]
[ 26.53484, "o", "m" ]
[ 26.58715, "o", "l" ]
[ 26.63979, "o", " " ]
[ 26.79621, "o", "配" ]
[ 26.95190, "o", "置" ]
[ 27.10921, "o", "文" ]
[ 27.26721, "o", "件" ]
[ 27.31943, "o", "\u001b[?2004l\r\r\n\u001b[1m\u001b[7m#\u001b[27m\u001b[1m\u001b[0m                                                                                                   \r \r\r\u001b[0m\u001b[27m\u001b[24m\u001b[J\r\n\u001b[19491001\u001b[1;35m> \u001b[20210325\u001b[0m" ]
[ 27.31956, "o", "\u001b[K\u001b[?2004h" ]
[ 28.82347, "o", "x" ]
[ 28.87533, "o", "\bx " ]
[ 28.92763, "o", "g" ]
[ 28.97946, "o", "o" ]
[ 29.03134, "o", "r" ]
[ 29.08362, "o", "e" ]
[ 29.13520, "o", "l" ]
[ 29.18690, "o", "e" ]
[ 29.23872, "o", "a" ]
[ 29.29071, "o", "s" ]
[ 29.34325, "o", "e" ]
[ 29.39493, "o", "r" ]
[ 29.44701, "o", " " ]
[ 29.49872, "o", "i" ]
[ 29.55062, "o", "n" ]
[ 29.60240, "o", "i" ]
[ 29.65464, "o", "t" ]
[ 32.70944, "o", "\u001b[?2004l\r\r\n" ]
[ 32.88418, "o", "\u001b[1;m  •\u001b[0m \u001b[1mGenerating .goreleaser.yaml file\u001b[0m\r\n" ]
[ 32.88436, "o", "\u001b[1;m  •\u001b[0m config created; please edit accordingly to your needs \u001b[1;mfile\u001b[0m=.goreleaser.yaml\r\n" ]
[ 32.88608, "o", "\u001b[1m\u001b[7m#\u001b[27m\u001b[1m\u001b[0m                                                                                                   \r \r\r\u001b[0m\u001b[27m\u001b[24m\u001b[J\r\n\u001b[19491001\u001b[1;35m> \u001b[20210325\u001b[0m\u001b[K\u001b[?2004h" ]
[ 34.71187, "o", "#\b# " ]
[ 34.81536, "o", "验" ]
[ 34.97067, "o", "证" ]
[ 35.02265, "o", " " ]
[ 35.07458, "o", "." ]
[ 35.12637, "o", "g" ]
[ 35.17796, "o", "o" ]
[ 35.22989, "o", "r" ]
[ 35.28165, "o", "e" ]
[ 35.33383, "o", "l" ]
[ 35.38578, "o", "e" ]
[ 35.43753, "o", "a" ]
[ 35.48944, "o", "s" ]
[ 35.54162, "o", "e" ]
[ 35.59376, "o", "r" ]
[ 35.64525, "o", "." ]
[ 35.69714, "o", "y" ]
[ 35.74885, "o", "a" ]
[ 35.80106, "o", "m" ]
[ 35.85285, "o", "l" ]
[ 35.90490, "o", " " ]
[ 36.06024, "o", "是" ]
[ 36.21572, "o", "否" ]
[ 36.37229, "o", "有" ]
[ 36.52865, "o", "效" ]
[ 36.58036, "o", "\u001b[?2004l\r\r\n" ]
[ 36.58050, "o", "\u001b[1m\u001b[7m#\u001b[27m\u001b[1m\u001b[0m                                                                                                   \r \r\r\u001b[0m\u001b[27m\u001b[24m\u001b[J\r\n\u001b[19491001\u001b[1;35m> \u001b[20210325\u001b[0m\u001b[K\u001b[?2004h" ]
[ 39.08417, "o", "x" ]
[ 39.13622, "o", "\bx " ]
[ 39.18823, "o", "g" ]
[ 39.24018, "o", "o" ]
[ 39.29206, "o", "r" ]
[ 39.34425, "o", "e" ]
[ 39.39643, "o", "l" ]
[ 39.44823, "o", "e" ]
[ 39.50021, "o", "a" ]
