{"version":2,"width":100,"height":26,"timestamp":1693273307,"env":{"SHELL":"","TERM":"xterm"}}
[ 0.00000, "o", "" ]
[ 0.02222, "o", "\u001b[19491001\u001b[1;35m> \u001b[20210325\u001b[0m\u001b[K\u001b[?2004h" ]
[ 0.39650, "o", "#\b# " ]
[ 0.50048, "o", "生" ]
[ 0.65554, "o", "成" ]
[ 0.81069, "o", "字" ]
[ 0.96698, "o", "母" ]
[ 1.01856, "o", " " ]
[ 1.07071, "o", "a" ]
[ 1.12270, "o", "-" ]
[ 1.17479, "o", "f" ]
[ 1.22661, "o", " " ]
[ 1.38199, "o", "的" ]
[ 1.53757, "o", "正" ]
[ 1.69346, "o", "则" ]
[ 1.84831, "o", "表" ]
[ 2.00403, "o", "达" ]
[ 2.15886, "o", "式" ]
[ 2.21081, "o", "\u001b[?2004l\r\r\n\u001b[1m\u001b[7m#\u001b[27m\u001b[1m\u001b[0m                                                                                                   \r \r\r\u001b[0m\u001b[27m\u001b[24m\u001b[J\r\n\u001b[19491001\u001b[1;35m> \u001b[20210325\u001b[0m\u001b[K\u001b[?2004h" ]
[ 4.71433, "o", "x" ]
[ 4.76644, "o", "\bx " ]
[ 4.81806, "o", "g" ]
[ 4.86963, "o", "r" ]
[ 4.92151, "o", "e" ]
[ 4.97343, "o", "x" ]
[ 5.02503, "o", " " ]
[ 5.07683, "o", "a" ]
[ 5.12881, "o", " " ]
[ 5.18109, "o", "b" ]
[ 5.23299, "o", " " ]
[ 5.28491, "o", "c" ]
[ 5.33691, "o", " " ]
[ 5.38905, "o", "d" ]
[ 5.44150, "o", " " ]
[ 5.49322, "o", "e" ]
[ 5.54530, "o", " " ]
[ 5.59700, "o", "f" ]
[ 8.65091, "o", "\u001b[?2004l\r\r\n" ]
[ 8.91026, "o", "^[a-f]$\r\n" ]
[ 8.91065, "o", "\u001b[1m\u001b[7m#\u001b[27m\u001b[1m\u001b[0m                                                                                                   \r \r\r\u001b[0m\u001b[27m\u001b[24m\u001b[J\r\n\u001b[19491001\u001b[1;35m> \u001b[20210325\u001b[0m\u001b[K" ]
[ 8.91069, "o", "\u001b[?2004h" ]
[ 10.65329, "o", "#\b# " ]
[ 10.75664, "o", "将" ]
[ 10.91180, "o", "所" ]
[ 11.06762, "o", "有" ]
[ 11.12018, "o", " " ]
[ 11.17215, "o", "U" ]
[ 11.22464, "o", "n" ]
[ 11.27669, "o", "i" ]
[ 11.32937, "o", "c" ]
[ 11.38129, "o", "o" ]
[ 11.43419, "o", "d" ]
[ 11.48565, "o", "e" ]
[ 11.53748, "o", " " ]
[ 11.69260, "o", "十" ]
[ 11.84904, "o", "进" ]
[ 12.00412, "o", "制" ]
[ 12.15915, "o", "数" ]
[ 12.31466, "o", "字" ]
[ 12.46994, "o", "转" ]
[ 12.62559, "o", "换" ]
[ 12.78322, "o", "为" ]
[ 12.83534, "o", " " ]
[ 12.88763, "o", "\\" ]
[ 12.93970, "o", "d" ]
[ 12.99225, "o", "\u001b[?2004l\r\r\n" ]
[ 12.99245, "o", "\u001b[1m\u001b[7m#\u001b[27m\u001b[1m\u001b[0m                                                                                                   \r \r\r\u001b[0m\u001b[27m\u001b[24m\u001b[J\r\n\u001b[19491001\u001b[1;35m> \u001b[20210325\u001b[0m\u001b[K\u001b[?2004h" ]
[ 14.49680, "o", "x" ]
[ 14.54849, "o", "\bx " ]
[ 14.60048, "o", "g" ]
[ 14.65230, "o", "r" ]
[ 14.70403, "o", "e" ]
[ 14.75578, "o", "x" ]
[ 14.80774, "o", " " ]
[ 14.85959, "o", "-" ]
[ 14.91193, "o", "d" ]
[ 14.96379, "o", " " ]
[ 15.01550, "o", "\"" ]
[ 15.06725, "o", "b" ]
[ 15.11935, "o", "c" ]
[ 15.17122, "o", "\"" ]
[ 15.22361, "o", " " ]
[ 15.27556, "o", "\"" ]
[ 15.32747, "o", "1" ]
[ 15.37954, "o", "1" ]
[ 15.43147, "o", "1" ]
[ 15.48373, "o", "\"" ]
[ 18.53733, "o", "\u001b[?2004l\r\r\n" ]
[ 18.53874, "o", "^(?:\\d\\d\\d|bc)$\r\n" ]
[ 18.53898, "o", "\u001b[1m\u001b[7m#\u001b[27m\u001b[1m\u001b[0m                                                                                                   \r \r\r\u001b[0m\u001b[27m\u001b[24m\u001b[J\r\n\u001b[19491001\u001b[1;35m> \u001b[20210325\u001b[0m" ]
[ 18.53908, "o", "\u001b[K\u001b[?2004h" ]
[ 20.53922, "o", "#" ]
[ 20.53939, "o", "\b# " ]
[ 20.64261, "o", "将" ]
[ 20.79810, "o", "所" ]
[ 20.95327, "o", "有" ]
[ 21.10849, "o", "不" ]
[ 21.26384, "o", "是" ]
[ 21.31595, "o", " " ]
[ 21.36786, "o", "U" ]
[ 21.41955, "o", "n" ]
[ 21.47128, "o", "i" ]
[ 21.52313, "o", "c" ]
[ 21.57465, "o", "o" ]
[ 21.62654, "o", "d" ]
[ 21.67812, "o", "e" ]
[ 21.72999, "o", " " ]
[ 21.88628, "o", "十" ]
[ 22.04120, "o", "进" ]
[ 22.19700, "o", "制" ]
[ 22.35292, "o", "数" ]
[ 22.50817, "o", "字" ]
[ 22.66431, "o", "的" ]
[ 22.81974, "o", "字" ]
[ 22.97482, "o", "符" ]
[ 23.13086, "o", "转" ]
[ 23.28733, "o", "换" ]
[ 23.44300, "o", "为" ]
[ 23.49555, "o", " " ]
[ 23.54765, "o", "\\" ]
[ 23.59991, "o", "D" ]
[ 23.65168, "o", "\u001b[?2004l\r\r\n\u001b[1m\u001b[7m#\u001b[27m\u001b[1m\u001b[0m                                                                                                   \r \r" ]
[ 23.65177, "o", "\r\u001b[0m\u001b[27m\u001b[24m\u001b[J\r\n\u001b[19491001\u001b[1;35m> \u001b[20210325\u001b[0m\u001b[K\u001b[?2004h" ]
[ 25.15585, "o", "x" ]
[ 25.20754, "o", "\bx " ]
[ 25.25948, "o", "g" ]
[ 25.31184, "o", "r" ]
[ 25.36371, "o", "e" ]
[ 25.41565, "o", "x" ]
[ 25.46746, "o", " " ]
[ 25.51939, "o", "-" ]
[ 25.57151, "o", "D" ]
[ 25.62350, "o", " " ]
[ 25.67512, "o", "b" ]
[ 25.72712, "o", "c" ]
[ 25.77976, "o", " " ]
[ 25.83153, "o", "\"" ]
[ 25.88349, "o", "1" ]
[ 25.93512, "o", "1" ]
[ 25.98702, "o", "1" ]
[ 26.03890, "o", "\"" ]
[ 29.09260, "o", "\u001b[?2004l\r\r\n" ]
[ 29.09389, "o", "^(?:111|\\D\\D)$\r\n" ]
[ 29.09416, "o", "\u001b[1m\u001b[7m#\u001b[27m\u001b[1m\u001b[0m                                                                                                   \r \r\r\u001b[0m\u001b[27m\u001b[24m\u001b[J\r\n\u001b[19491001\u001b[1;35m> \u001b[20210325\u001b[0m\u001b[K\u001b[?2004h" ]
[ 31.09537, "o", "#\b# " ]
[ 31.19851, "o", "将" ]
[ 31.35392, "o", "所" ]
[ 31.51027, "o", "有" ]
[ 31.56260, "o", " " ]
[ 31.61434, "o", "U" ]
[ 31.66620, "o", "n" ]
[ 31.71810, "o", "i" ]
[ 31.76977, "o", "c" ]
[ 31.82156, "o", "o" ]
[ 31.87412, "o", "d" ]
[ 31.92581, "o", "e" ]
[ 31.97780, "o", " " ]
[ 32.13273, "o", "空" ]
[ 32.28806, "o", "格" ]
[ 32.44282, "o", "字" ]
[ 32.59854, "o", "符" ]
[ 32.75376, "o", "转" ]
[ 32.90878, "o", "换" ]
[ 33.06407, "o", "为" ]
[ 33.11584, "o", " " ]
[ 33.16760, "o", "\\" ]
[ 33.21941, "o", "s" ]
[ 33.27153, "o", "\u001b[?2004l\r\r\n\u001b[1m\u001b[7m#\u001b[27m\u001b[1m\u001b[0m                                                                                                   \r \r" ]
[ 33.27177, "o", "\r\u001b[0m\u001b[27m\u001b[24m\u001b[J\r\n\u001b[19491001\u001b[1;35m> \u001b[20210325\u001b[0m\u001b[K\u001b[?2004h" ]
[ 34.77549, "o", "x" ]
[ 34.82777, "o", "\bx " ]
[ 34.88023, "o", "g" ]
[ 34.93226, "o", "r" ]
[ 34.98445, "o", "e" ]
[ 35.03622, "o", "x" ]
[ 35.08804, "o", " " ]
[ 35.13991, "o", "-" ]
[ 35.19205, "o", "c" ]
[ 35.24398, "o", "s" ]
[ 35.29630, "o", " " ]
[ 35.34850, "o", "\"" ]
[ 35.40064, "o", "b" ]
[ 35.45243, "o", "c" ]
[ 35.50446, "o", "\"" ]
[ 35.55680, "o", " " ]
[ 35.60846, "o", "\"" ]
[ 35.66101, "o", "b" ]
[ 35.71276, "o", "c" ]
[ 35.76461, "o", " " ]
[ 35.81625, "o", "d" ]
[ 35.86811, "o", "a" ]
[ 35.91990, "o", "s" ]
[ 35.97165, "o", "\"" ]
[ 39.02511, "o", "\u001b[?2004l\r\r\n" ]
[ 39.02655, "o", "\u001b[1;33m^\u001b[0mbc\u001b[1;32m(?:\u001b[0m\u001b[103;30m\\s\u001b[0mdas\u001b[1;32m)\u001b[0m\u001b[1;35m?\u001b[0m\u001b[1;33m$\u001b[0m\r\n" ]
[ 39.02692, "o", "\u001b[1m\u001b[7m#\u001b[27m\u001b[1m\u001b[0m                                                                                                   \r \r\r\u001b[0m\u001b[27m\u001b[24m\u001b[J\r\n\u001b[19491001\u001b[1;35m> \u001b[20210325\u001b[0m\u001b[K" ]
[ 39.02705, "o", "\u001b[?2004h" ]
[ 41.02733, "o", "#\b# " ]
[ 41.13102, "o", "将" ]
[ 41.28627, "o", "所" ]
[ 41.44175, "o", "有" ]
[ 41.49384, "o", " " ]
[ 41.54554, "o", "U" ]
[ 41.59711, "o", "n" ]
[ 41.64894, "o", "i" ]
[ 41.70151, "o", "c" ]
[ 41.75331, "o", "o" ]
[ 41.80576, "o", "d" ]
[ 41.85756, "o", "e" ]
[ 41.90961, "o", " " ]
[ 42.06525, "o", "字" ]
[ 42.22064, "o", "符" ]
[ 42.37735, "o", "转" ]
[ 42.53290, "o", "换" ]
[ 42.68779, "o", "为" ]
[ 42.74028, "o", " " ]
[ 42.79253, "o", "\\" ]
[ 42.84476, "o", "w" ]
[ 42.89650, "o", "\u001b[?2004l\r\r\n" ]
[ 42.89665, "o", "\u001b[1m\u001b[7m#\u001b[27m\u001b[1m\u001b[0m                                                                                                   \r \r\r\u001b[0m\u001b[27m\u001b[24m\u001b[J\r\n\u001b[19491001\u001b[1;35m> \u001b[20210325\u001b[0m\u001b[K\u001b[?2004h" ]
