{"version":2,"width":100,"height":26,"timestamp":1690534555,"env":{"SHELL":"","TERM":"xterm"}}
[ 0.00000, "o", "" ]
[ 0.13893, "o", "\u001b[19491001\u001b[1;35m> \u001b[20210325\u001b[0m\u001b[K\u001b[?2004h" ]
[ 0.42262, "o", "#\b# " ]
[ 0.52571, "o", "在" ]
[ 0.68067, "o", "命" ]
[ 0.83676, "o", "令" ]
[ 0.99224, "o", "行" ]
[ 1.14705, "o", "中" ]
[ 1.30320, "o", "构" ]
[ 1.45827, "o", "建" ]
[ 1.61371, "o", "选" ]
[ 1.76905, "o", "项" ]
[ 1.92410, "o", "列" ]
[ 2.07933, "o", "表" ]
[ 2.23554, "o", "界" ]
[ 2.39015, "o", "面" ]
[ 2.44201, "o", "\u001b[?2004l\r\r\n" ]
[ 2.44221, "o", "\u001b[1m\u001b[7m#\u001b[27m\u001b[1m\u001b[0m                                                                                                   \r \r\r\u001b[0m\u001b[27m\u001b[24m\u001b[J\r\n\u001b[19491001\u001b[1;35m> \u001b[20210325\u001b[0m\u001b[K\u001b[?2004h" ]
[ 3.94550, "o", "x" ]
[ 3.99745, "o", "\bx " ]
[ 4.04908, "o", "g" ]
[ 4.10117, "o", "u" ]
[ 4.15296, "o", "m" ]
[ 4.20566, "o", " " ]
[ 4.25747, "o", "c" ]
[ 4.30896, "o", "h" ]
[ 4.36088, "o", "o" ]
[ 4.41244, "o", "o" ]
[ 4.46423, "o", "s" ]
[ 4.51583, "o", "e" ]
[ 4.56772, "o", " " ]
[ 4.61947, "o", "\"" ]
[ 4.67128, "o", "1" ]
[ 4.72308, "o", "\"" ]
[ 4.77463, "o", " " ]
[ 4.82652, "o", "\"" ]
[ 4.87800, "o", "2" ]
[ 4.92986, "o", "\"" ]
[ 4.98138, "o", " " ]
[ 5.03370, "o", "\"" ]
[ 5.08553, "o", "3" ]
[ 5.13753, "o", "\"" ]
[ 5.39105, "o", "\u001b[?2004l\r\r\n" ]
[ 5.50166, "o", "\u001b]11;?\u001b\\\u001b[6n" ]
[ 5.50355, "o", "\u001b]11;?\u001b\\\u001b[6n" ]
[ 5.50473, "o", "\u001b]10;?\u001b\\\u001b[6n" ]
[ 5.50584, "o", "\u001b]11;?\u001b\\\u001b[6n" ]
[ 5.50702, "o", "\u001b[?25l" ]
[ 5.52473, "o", "> 1\r\r\n  2\r\r\n  3\r\r\n\u001b[100D" ]
[ 7.40809, "o", "\u001b[1A\u001b[1A\u001b[2K\u001b[1A\u001b[100D\u001b[2K  1\r\r\n> 2\r\r\n\u001b[1B\u001b[100D" ]
[ 8.39463, "o", "\u001b[2K\u001b[1A\u001b[2K\u001b[1A\u001b[2K\u001b[1A\u001b[100D\u001b[2K \u001b[100D\u001b[2K\u001b[?25h\u001b[?1002l\u001b[?1003l" ]
[ 8.39476, "o", "2\r\n" ]
[ 8.39594, "o", "\u001b[1m\u001b[7m#\u001b[27m\u001b[1m\u001b[0m                                                                                                   \r \r\r\u001b[0m\u001b[27m\u001b[24m\u001b[J\r\n\u001b[19491001\u001b[1;35m> \u001b[20210325\u001b[0m\u001b[K\u001b[?2004h" ]
[ 10.39674, "o", "#\b# " ]
[ 10.50009, "o", "在" ]
[ 10.65439, "o", "命" ]
[ 10.80956, "o", "令" ]
[ 10.96458, "o", "行" ]
[ 11.11959, "o", "中" ]
[ 11.27484, "o", "构" ]
[ 11.42928, "o", "建" ]
[ 11.58440, "o", "确" ]
[ 11.74081, "o", "认" ]
[ 11.89562, "o", "界" ]
[ 12.05091, "o", "面" ]
[ 12.10287, "o", "\u001b[?2004l\r\r\n\u001b[1m\u001b[7m#\u001b[27m\u001b[1m\u001b[0m                                                                                                   \r \r" ]
[ 12.10299, "o", "\r\u001b[0m\u001b[27m\u001b[24m\u001b[J\r\n\u001b[19491001\u001b[1;35m> \u001b[20210325\u001b[0m\u001b[K\u001b[?2004h" ]
[ 13.60621, "o", "x" ]
[ 13.65838, "o", "\bx " ]
[ 13.71091, "o", "g" ]
[ 13.76280, "o", "u" ]
[ 13.81538, "o", "m" ]
[ 13.86776, "o", " " ]
[ 13.91978, "o", "c" ]
[ 13.97164, "o", "o" ]
[ 14.02337, "o", "n" ]
[ 14.07505, "o", "f" ]
[ 14.12696, "o", "i" ]
[ 14.17889, "o", "r" ]
[ 14.23068, "o", "m" ]
[ 14.28250, "o", " " ]
[ 14.33441, "o", "&" ]
[ 14.38601, "o", "&" ]
[ 14.43765, "o", " " ]
[ 14.48953, "o", "e" ]
[ 14.54118, "o", "c" ]
[ 14.59297, "o", "h" ]
[ 14.64479, "o", "o" ]
[ 14.69620, "o", " " ]
[ 14.74772, "o", "\"" ]
[ 14.79923, "o", "C" ]
[ 14.85183, "o", "o" ]
[ 14.90384, "o", "n" ]
[ 14.95552, "o", "f" ]
[ 15.00762, "o", "i" ]
[ 15.05932, "o", "r" ]
[ 15.11097, "o", "m" ]
[ 15.16246, "o", "\"" ]
[ 15.21399, "o", " " ]
[ 15.26578, "o", "|" ]
[ 15.31780, "o", "|" ]
[ 15.36927, "o", " " ]
[ 15.42076, "o", "e" ]
[ 15.47289, "o", "c" ]
[ 15.52502, "o", "h" ]
[ 15.57725, "o", "o" ]
[ 15.62881, "o", " " ]
[ 15.68066, "o", "\"" ]
[ 15.73232, "o", "C" ]
[ 15.78416, "o", "a" ]
[ 15.83568, "o", "n" ]
[ 15.88710, "o", "c" ]
[ 15.93891, "o", "e" ]
[ 15.99043, "o", "l" ]
[ 16.04195, "o", "\"" ]
[ 16.29513, "o", "\u001b[?2004l\r\r\n" ]
[ 16.31813, "o", "\u001b]10;?\u001b\\\u001b[6n" ]
[ 16.31950, "o", "\u001b]11;?\u001b\\\u001b[6n" ]
[ 16.32058, "o", "\u001b[?25l" ]
[ 16.33814, "o", "                     \r\r\n    Are you sure?    \r\r\n                     \r\r\n    Yes        No    \r\r\n                     \u001b[100D" ]
[ 18.29715, "o", "\u001b[2K\u001b[1A\u001b[2K\u001b[1A\u001b[2K\u001b[1A\u001b[2K\u001b[1A\u001b[100D\u001b[2K \u001b[100D\u001b[2K\u001b[?25h\u001b[?1002l\u001b[?1003l" ]
[ 18.29814, "o", "Confirm\r\n\u001b[1m\u001b[7m#\u001b[27m\u001b[1m\u001b[0m                                                                                                   \r \r\r\u001b[0m\u001b[27m\u001b[24m\u001b[J\r\n\u001b[19491001\u001b[1;35m> \u001b[20210325\u001b[0m\u001b[K\u001b[?2004h" ]
[ 20.29966, "o", "#\b# " ]
[ 20.40278, "o", "在" ]
[ 20.55772, "o", "命" ]
[ 20.71273, "o", "令" ]
[ 20.86799, "o", "行" ]
[ 21.02415, "o", "中" ]
[ 21.17984, "o", "构" ]
[ 21.33469, "o", "建" ]
[ 21.48983, "o", "文" ]
[ 21.64519, "o", "件" ]
[ 21.80075, "o", "选" ]
[ 21.95645, "o", "择" ]
[ 22.11130, "o", "界" ]
[ 22.26658, "o", "面" ]
[ 22.31858, "o", "\u001b[?2004l\r\r\n\u001b[1m\u001b[7m#\u001b[27m\u001b[1m\u001b[0m                                                                                                   \r \r\r\u001b[0m\u001b[27m\u001b[24m\u001b[J\r\n\u001b[19491001\u001b[1;35m> \u001b[20210325\u001b[0m\u001b[K\u001b[?2004h" ]
[ 23.82197, "o", "t" ]
[ 23.87430, "o", "\bto" ]
[ 23.92615, "o", "u" ]
[ 23.97836, "o", "c" ]
[ 24.02982, "o", "h" ]
[ 24.08174, "o", " " ]
[ 24.13338, "o", "." ]
[ 24.18540, "o", "/" ]
[ 24.23681, "o", "f" ]
[ 24.28920, "o", "i" ]
[ 24.34116, "o", "l" ]
[ 24.39276, "o", "e" ]
[ 24.44433, "o", "\u001b[?2004l\r\r\n" ]
[ 24.44570, "o", "\u001b[1m\u001b[7m#\u001b[27m\u001b[1m\u001b[0m                                                                                                   \r \r\r\u001b[0m\u001b[27m\u001b[24m\u001b[J\r\n\u001b[19491001\u001b[1;35m> \u001b[20210325\u001b[0m\u001b[K\u001b[?2004h" ]
[ 24.49627, "o", "m" ]
[ 24.54804, "o", "\bmk" ]
[ 24.59955, "o", "d" ]
[ 24.65192, "o", "i" ]
[ 24.70338, "o", "r" ]
[ 24.75543, "o", " " ]
[ 24.80736, "o", "." ]
[ 24.85939, "o", "/" ]
[ 24.91152, "o", "t" ]
[ 24.96321, "o", "e" ]
[ 25.01585, "o", "s" ]
[ 25.06735, "o", "t" ]
[ 25.11991, "o", "\u001b[?2004l\r\r\n" ]
[ 25.12137, "o", "\u001b[1m\u001b[7m#\u001b[27m\u001b[1m\u001b[0m                                                                                                   \r \r\r\u001b[0m\u001b[27m\u001b[24m\u001b[J\r\n\u001b[19491001\u001b[1;35m> \u001b[20210325\u001b[0m\u001b[K\u001b[?2004h" ]
[ 25.17211, "o", "t" ]
[ 25.22428, "o", "\bto" ]
[ 25.27636, "o", "u" ]
[ 25.32804, "o", "c" ]
[ 25.37971, "o", "h" ]
[ 25.43152, "o", " " ]
[ 25.48301, "o", "." ]
[ 25.53486, "o", "/" ]
[ 25.58661, "o", "t" ]
[ 25.63850, "o", "e" ]
[ 25.69002, "o", "s" ]
[ 25.74233, "o", "t" ]
[ 25.79392, "o", "/" ]
[ 25.84567, "o", "f" ]
[ 25.89741, "o", "i" ]
[ 25.94921, "o", "l" ]
[ 26.00132, "o", "e" ]
[ 26.05306, "o", "1" ]
[ 26.10506, "o", " " ]
[ 26.15664, "o", "." ]
[ 26.20857, "o", "/" ]
[ 26.26014, "o", "t" ]
[ 26.31279, "o", "e" ]
[ 26.36451, "o", "s" ]
[ 26.41622, "o", "t" ]
[ 26.46797, "o", "/" ]
[ 26.51960, "o", "f" ]
[ 26.57129, "o", "i" ]
[ 26.62282, "o", "l" ]
[ 26.67460, "o", "e" ]
[ 26.72601, "o", "2" ]
[ 26.77843, "o", "\u001b[?2004l\r\r\n" ]
[ 26.77973, "o", "\u001b[1m\u001b[7m#\u001b[27m\u001b[1m\u001b[0m                                                                                                   \r \r" ]
[ 26.78006, "o", "\r\u001b[0m\u001b[27m\u001b[24m\u001b[J\r\n\u001b[19491001\u001b[1;35m> \u001b[20210325\u001b[0m\u001b[K\u001b[?2004h" ]
[ 26.83019, "o", "x" ]
[ 26.88163, "o", "\bx " ]
[ 26.93321, "o", "g" ]
[ 26.98527, "o", "u" ]
[ 27.03698, "o", "m" ]
[ 27.08851, "o", " " ]
[ 27.14073, "o", "f" ]
[ 27.19233, "o", "i" ]
[ 27.24470, "o", "l" ]
[ 27.29661, "o", "e" ]
