{"version":2,"width":100,"height":26,"timestamp":1693292299,"env":{"SHELL":"","TERM":"xterm"}}
[ 0.00000, "o", "" ]
[ 0.01968, "o", "\u001b[19491001\u001b[1;35m> \u001b[20210325\u001b[0m\u001b[K\u001b[?2004h" ]
[ 0.40474, "o", "#\b# " ]
[ 0.50818, "o", "读" ]
[ 0.66332, "o", "取" ]
[ 0.81852, "o", "文" ]
[ 0.97428, "o", "件" ]
[ 1.13065, "o", "的" ]
[ 1.28576, "o", "数" ]
[ 1.44133, "o", "据" ]
[ 1.59728, "o", "，" ]
[ 1.75247, "o", "并" ]
[ 1.90801, "o", "输" ]
[ 2.06343, "o", "出" ]
[ 2.11507, "o", " " ]
[ 2.16698, "o", "s" ]
[ 2.21903, "o", "t" ]
[ 2.27135, "o", "d" ]
[ 2.32297, "o", "o" ]
[ 2.37487, "o", "u" ]
[ 2.42667, "o", "t" ]
[ 2.47828, "o", "\u001b[?2004l\r\r\n" ]
[ 2.47846, "o", "\u001b[1m\u001b[7m#\u001b[27m\u001b[1m\u001b[0m                                                                                                   \r \r\r\u001b[0m\u001b[27m\u001b[24m\u001b[J\r\n\u001b[19491001\u001b[1;35m> \u001b[20210325\u001b[0m\u001b[K\u001b[?2004h" ]
[ 4.98197, "o", "<" ]
[ 5.03406, "o", "\b< " ]
[ 5.08582, "o", "d" ]
[ 5.13781, "o", "a" ]
[ 5.18942, "o", "t" ]
[ 5.24134, "o", "a" ]
[ 5.29296, "o", "." ]
[ 5.34543, "o", "t" ]
[ 5.39725, "o", "x" ]
[ 5.44898, "o", "t" ]
[ 5.50094, "o", " " ]
[ 5.55249, "o", "x" ]
[ 5.60431, "o", " " ]
[ 5.65640, "o", "m" ]
[ 5.70865, "o", "a" ]
[ 5.76057, "o", "w" ]
[ 5.81276, "o", "k" ]
[ 5.86486, "o", " " ]
[ 5.91660, "o", "'" ]
[ 5.96856, "o", "{" ]
[ 6.02022, "o", " " ]
[ 6.07221, "o", "p" ]
[ 6.12407, "o", "r" ]
[ 6.17628, "o", "i" ]
[ 6.22801, "o", "n" ]
[ 6.28031, "o", "t" ]
[ 6.33214, "o", " " ]
[ 6.38369, "o", "$" ]
[ 6.43557, "o", "0" ]
[ 6.48800, "o", " " ]
[ 6.54015, "o", "}" ]
[ 6.59242, "o", "'" ]
[ 9.64601, "o", "\u001b[?2004l\r\r\n" ]
[ 9.76983, "o", "ID  name    gender  age  email          phone\r\n1   Bob     male    28   abc@qq.com     18023394012\r\n2   Alice   female  24   def@gmail.com  18084925203\r\n3   Tony    male    21   aaa@163.com    17048792503\r\n4   Kevin   male    21   bbb@189.com    17023929033\r\n5   Alex    male    18   ccc@xyz.com    18185904230\r\n6   Andy    female  22   ddd@139.com    18923902352\r\n7   Jerry   female  25   exdsa@189.com  18785234906\r\n8   Peter   male    20   bax@qq.com     17729348758\r\n9   Steven  female  23   bc@sohu.com    15947893212\r\n10  Bruce   female  27   bcbd@139.com   13942943905\r\n" ]
[ 9.77033, "o", "\u001b[1m\u001b[7m#\u001b[27m\u001b[1m\u001b[0m                                                                                                   \r \r\r\u001b[0m\u001b[27m\u001b[24m\u001b[J\r\n\u001b[19491001\u001b[1;35m> \u001b[20210325\u001b[0m\u001b[K\u001b[?2004h" ]
[ 11.64814, "o", "#\b# B" ]
[ 11.70034, "o", "E" ]
[ 11.75209, "o", "G" ]
[ 11.80406, "o", "I" ]
[ 11.85634, "o", "N" ]
[ 12.01218, "o", "、" ]
[ 12.06410, "o", "E" ]
[ 12.11639, "o", "N" ]
[ 12.16861, "o", "D" ]
[ 12.22057, "o", " " ]
[ 12.37626, "o", "和" ]
[ 12.42809, "o", " " ]
[ 12.48000, "o", "m" ]
[ 12.53160, "o", "a" ]
[ 12.58392, "o", "i" ]
[ 12.63570, "o", "n" ]
[ 12.68784, "o", " " ]
[ 12.84335, "o", "代" ]
[ 12.99948, "o", "码" ]
[ 13.15475, "o", "块" ]
[ 13.31061, "o", "的" ]
[ 13.46631, "o", "特" ]
[ 13.62231, "o", "性" ]
[ 13.67420, "o", "\u001b[?2004l\r\r\n\u001b[1m\u001b[7m#\u001b[27m\u001b[1m\u001b[0m                                                                                                   \r \r\r\u001b[0m\u001b[27m\u001b[24m\u001b[J\r\n\u001b[19491001\u001b[1;35m> \u001b[20210325\u001b[0m\u001b[K\u001b[?2004h" ]
[ 16.17872, "o", "e" ]
[ 16.23069, "o", "\bec" ]
[ 16.28251, "o", "h" ]
[ 16.33495, "o", "o" ]
[ 16.38692, "o", " " ]
[ 16.43882, "o", "\"" ]
[ 16.49078, "o", "m" ]
[ 16.54244, "o", "a" ]
[ 16.59445, "o", "w" ]
[ 16.64616, "o", "k" ]
[ 16.69846, "o", " " ]
[ 16.75030, "o", "m" ]
[ 16.80257, "o", "a" ]
[ 16.85443, "o", "i" ]
[ 16.90674, "o", "n" ]
[ 16.95871, "o", " " ]
[ 17.01041, "o", "b" ]
[ 17.06247, "o", "o" ]
[ 17.11414, "o", "d" ]
[ 17.16676, "o", "y" ]
[ 17.21875, "o", "\"" ]
[ 17.27101, "o", " " ]
[ 17.32284, "o", "|" ]
[ 17.37441, "o", " " ]
[ 17.42639, "o", "x" ]
[ 17.47839, "o", " " ]
[ 17.53021, "o", "m" ]
[ 17.58208, "o", "a" ]
[ 17.63460, "o", "w" ]
[ 17.68640, "o", "k" ]
[ 17.73811, "o", " " ]
[ 17.79000, "o", "'" ]
[ 17.84169, "o", "B" ]
[ 17.89387, "o", "E" ]
[ 17.94572, "o", "G" ]
[ 17.99770, "o", "I" ]
[ 18.05014, "o", "N" ]
[ 18.10232, "o", "{" ]
[ 18.15414, "o", "p" ]
[ 18.20606, "o", "r" ]
[ 18.25817, "o", "i" ]
[ 18.31011, "o", "n" ]
[ 18.36229, "o", "t" ]
[ 18.41398, "o", " " ]
[ 18.46648, "o", "\"" ]
[ 18.51875, "o", "B" ]
[ 18.57098, "o", "E" ]
[ 18.62314, "o", "G" ]
[ 18.67483, "o", "I" ]
[ 18.72687, "o", "N" ]
[ 18.77921, "o", "\"" ]
[ 18.83126, "o", "}" ]
[ 18.88311, "o", "{" ]
[ 18.93525, "o", "p" ]
[ 18.98722, "o", "r" ]
[ 19.03941, "o", "i" ]
[ 19.09155, "o", "n" ]
[ 19.14346, "o", "t" ]
[ 19.19543, "o", " " ]
[ 19.24736, "o", "$" ]
[ 19.29924, "o", "0" ]
[ 19.35207, "o", "}" ]
[ 19.40365, "o", "E" ]
[ 19.45554, "o", "N" ]
[ 19.50772, "o", "D" ]
[ 19.56023, "o", "{" ]
[ 19.61259, "o", "p" ]
[ 19.66496, "o", "r" ]
[ 19.71719, "o", "i" ]
[ 19.76941, "o", "n" ]
[ 19.82121, "o", "t" ]
[ 19.87332, "o", " " ]
[ 19.92558, "o", "\"" ]
[ 19.97768, "o", "E" ]
[ 20.02968, "o", "N" ]
[ 20.08162, "o", "G" ]
[ 20.13357, "o", "\"" ]
[ 20.18534, "o", "}" ]
[ 20.23791, "o", "'" ]
[ 25.29162, "o", "\u001b[?2004l\r\r\n" ]
[ 25.31967, "o", "BEGIN\r\nmawk main body\r\nENG\r\n" ]
[ 25.32035, "o", "\u001b[1m\u001b[7m#\u001b[27m\u001b[1m\u001b[0m                                                                                                   \r \r" ]
[ 25.32051, "o", "\r\u001b[0m\u001b[27m\u001b[24m\u001b[J\r\n\u001b[19491001\u001b[1;35m> \u001b[20210325\u001b[0m\u001b[K\u001b[?2004h" ]
[ 27.29584, "o", "#\b# " ]
[ 27.39949, "o", "筛" ]
[ 27.55556, "o", "选" ]
[ 27.71058, "o", "出" ]
[ 27.86630, "o", "文" ]
[ 28.02185, "o", "件" ]
[ 28.17719, "o", "前" ]
[ 28.33288, "o", "两" ]
[ 28.48935, "o", "行" ]
[ 28.64594, "o", "数" ]
[ 28.80124, "o", "据" ]
[ 28.95687, "o", "内" ]
[ 29.11274, "o", "容" ]
[ 29.16474, "o", "\u001b[?2004l\r\r\n" ]
[ 29.16496, "o", "\u001b[1m\u001b[7m#\u001b[27m\u001b[1m\u001b[0m                                                                                                   \r \r\r\u001b[0m\u001b[27m\u001b[24m\u001b[J\r\n\u001b[19491001\u001b[1;35m> \u001b[20210325\u001b[0m\u001b[K\u001b[?2004h" ]
[ 31.66919, "o", "<" ]
[ 31.72130, "o", "\b< " ]
[ 31.77310, "o", "d" ]
[ 31.82506, "o", "a" ]
[ 31.87784, "o", "t" ]
[ 31.92995, "o", "a" ]
[ 31.98188, "o", "." ]
[ 32.03401, "o", "t" ]
[ 32.08629, "o", "x" ]
[ 32.13837, "o", "t" ]
[ 32.19027, "o", " " ]
[ 32.24246, "o", "x" ]
[ 32.29429, "o", " " ]
[ 32.34626, "o", "m" ]
[ 32.39814, "o", "a" ]
[ 32.45000, "o", "w" ]
[ 32.50164, "o", "k" ]
[ 32.55379, "o", " " ]
[ 32.60539, "o", "'" ]
[ 32.65758, "o", "N" ]
[ 32.70964, "o", "R" ]
[ 32.76208, "o", "<" ]
[ 32.81397, "o", "=" ]
[ 32.86603, "o", "2" ]
[ 32.91801, "o", "'" ]
[ 35.97157, "o", "\u001b[?2004l\r\r\n" ]
[ 35.98325, "o", "ID  name    gender  age  email          phone\r\n1   Bob     male    28   abc@qq.com     18023394012\r\n" ]
[ 35.98378, "o", "\u001b[1m\u001b[7m#\u001b[27m\u001b[1m\u001b[0m                                                                                                   \r \r\r\u001b[0m\u001b[27m\u001b[24m\u001b[J\r\n\u001b[19491001\u001b[1;35m> \u001b[20210325\u001b[0m\u001b[K\u001b[?2004h" ]
[ 37.97371, "o", "#\b# " ]
[ 38.07850, "o", "使" ]
[ 38.23489, "o", "用" ]
[ 38.38965, "o", "分" ]
[ 38.54581, "o", "隔" ]
[ 38.70124, "o", "符" ]
[ 38.85731, "o", "号" ]
[ 39.01434, "o", "处" ]
[ 39.17106, "o", "理" ]
[ 39.32646, "o", "数" ]
[ 39.48244, "o", "据" ]
[ 39.53443, "o", "\u001b[?2004l\r\r\n\u001b[1m\u001b[7m#\u001b[27m\u001b[1m\u001b[0m                                                                                                   \r \r\r\u001b[0m\u001b[27m\u001b[24m\u001b[J\r\n\u001b[19491001\u001b[1;35m> \u001b[20210325\u001b[0m" ]
[ 39.53449, "o", "\u001b[K\u001b[?2004h" ]
[ 42.03864, "o", "e" ]
