{"version":2,"width":100,"height":26,"timestamp":1689575723,"env":{"SHELL":"","TERM":"xterm"}}
[ 0.00000, "o", "" ]
[ 0.15145, "o", "\u001b[19491001\u001b[1;35m> \u001b[20210325\u001b[0m\u001b[K\u001b[?2004h" ]
[ 0.41443, "o", "#\b# " ]
[ 0.52001, "o", "启" ]
[ 0.67583, "o", "动" ]
[ 0.72791, "o", " " ]
[ 0.78058, "o", "m" ]
[ 0.83341, "o", "o" ]
[ 0.88509, "o", "s" ]
[ 0.93720, "o", "q" ]
[ 0.98939, "o", "u" ]
[ 1.04185, "o", "i" ]
[ 1.09370, "o", "t" ]
[ 1.14682, "o", "t" ]
[ 1.19895, "o", "o" ]
[ 1.25116, "o", " " ]
[ 1.40686, "o", "服" ]
[ 1.56319, "o", "务" ]
[ 1.72075, "o", "器" ]
[ 1.77285, "o", "\u001b[?2004l\r\r\n\u001b[1m\u001b[7m#\u001b[27m\u001b[1m\u001b[0m                                                                                                   \r \r\r\u001b[0m\u001b[27m\u001b[24m\u001b[J\r\n" ]
[ 1.77293, "o", "\u001b[19491001\u001b[1;35m> \u001b[20210325\u001b[0m\u001b[K\u001b[?2004h" ]
[ 4.27655, "o", "x" ]
[ 4.32859, "o", "\bx " ]
[ 4.38198, "o", "m" ]
[ 4.43403, "o", "o" ]
[ 4.48610, "o", "s" ]
[ 4.53778, "o", "q" ]
[ 4.59014, "o", "u" ]
[ 4.64192, "o", "i" ]
[ 4.69429, "o", "t" ]
[ 4.74652, "o", "t" ]
[ 4.79906, "o", "o" ]
[ 4.85136, "o", " " ]
[ 4.90358, "o", "-" ]
[ 4.95628, "o", "d" ]
[ 5.21109, "o", "\u001b[?2004l\r\r\n" ]
[ 5.30210, "o", "\u001b[1m\u001b[7m#\u001b[27m\u001b[1m\u001b[0m                                                                                                   \r \r\r\u001b[0m\u001b[27m\u001b[24m\u001b[J\r\n\u001b[19491001\u001b[1;35m> \u001b[20210325\u001b[0m\u001b[K\u001b[?2004h" ]
[ 7.21120, "o", "#\b# " ]
[ 7.31612, "o", "新" ]
[ 7.47185, "o", "增" ]
[ 7.62807, "o", "用" ]
[ 7.78436, "o", "户" ]
[ 7.93979, "o", "和" ]
[ 8.09719, "o", "密" ]
[ 8.25340, "o", "码" ]
[ 8.30510, "o", "\u001b[?2004l\r\r\n" ]
[ 8.30531, "o", "\u001b[1m\u001b[7m#\u001b[27m\u001b[1m\u001b[0m                                                                                                   \r \r\r\u001b[0m\u001b[27m\u001b[24m\u001b[J\r\n\u001b[19491001\u001b[1;35m> \u001b[20210325\u001b[0m\u001b[K\u001b[?2004h" ]
[ 10.81002, "o", "x" ]
[ 10.86273, "o", "\bx " ]
[ 10.91457, "o", "m" ]
[ 10.96651, "o", "o" ]
[ 11.01813, "o", "s" ]
[ 11.07035, "o", "q" ]
[ 11.12218, "o", "u" ]
[ 11.17464, "o", "i" ]
[ 11.22715, "o", "t" ]
[ 11.27956, "o", "t" ]
[ 11.33246, "o", "o" ]
[ 11.38458, "o", "_" ]
[ 11.43652, "o", "p" ]
[ 11.48856, "o", "a" ]
[ 11.54070, "o", "s" ]
[ 11.59314, "o", "s" ]
[ 11.64517, "o", "w" ]
[ 11.69784, "o", "d" ]
[ 11.74969, "o", " " ]
[ 11.80174, "o", "-" ]
[ 11.85355, "o", "c" ]
[ 11.90558, "o", " " ]
[ 11.95737, "o", "-" ]
[ 12.00985, "o", "b" ]
[ 12.06214, "o", " " ]
[ 12.11528, "o", "p" ]
[ 12.16736, "o", "a" ]
[ 12.21900, "o", "s" ]
[ 12.27110, "o", "s" ]
[ 12.32271, "o", "w" ]
[ 12.37555, "o", "o" ]
[ 12.42743, "o", "r" ]
[ 12.48018, "o", "d" ]
[ 12.53242, "o", "_" ]
[ 12.58502, "o", "f" ]
[ 12.63745, "o", "i" ]
[ 12.68926, "o", "l" ]
[ 12.74164, "o", "e" ]
[ 12.79405, "o", " " ]
[ 12.84607, "o", "u" ]
[ 12.89813, "o", "s" ]
[ 12.95015, "o", "e" ]
[ 13.00271, "o", "r" ]
[ 13.05502, "o", "n" ]
[ 13.10691, "o", "a" ]
[ 13.15979, "o", "m" ]
[ 13.21185, "o", "e" ]
[ 13.26394, "o", " " ]
[ 13.31615, "o", "1" ]
[ 13.36789, "o", "2" ]
[ 13.42062, "o", "3" ]
[ 13.47255, "o", "4" ]
[ 13.52534, "o", "5" ]
[ 13.57875, "o", "6" ]
[ 14.63249, "o", "\u001b[?2004l\r\r\n" ]
[ 14.70988, "o", "Adding password for user username\r\n" ]
[ 14.71117, "o", "\u001b[1m\u001b[7m#\u001b[27m\u001b[1m\u001b[0m                                                                                                   \r \r\r\u001b[0m\u001b[27m\u001b[24m\u001b[J\r\n\u001b[19491001\u001b[1;35m> \u001b[20210325\u001b[0m\u001b[K\u001b[?2004h" ]
[ 16.63530, "o", "#\b# " ]
[ 16.73947, "o", "启" ]
[ 16.89652, "o", "动" ]
[ 17.05257, "o", "一" ]
[ 17.20950, "o", "个" ]
[ 17.26137, "o", " " ]
[ 17.31424, "o", "t" ]
[ 17.36633, "o", "m" ]
[ 17.41839, "o", "u" ]
[ 17.47067, "o", "x" ]
[ 17.52254, "o", " " ]
[ 17.67880, "o", "窗" ]
[ 17.83490, "o", "口" ]
[ 17.88707, "o", "\u001b[?2004l\r\r\n\u001b[1m\u001b[7m#\u001b[27m\u001b[1m\u001b[0m                                                                                                   \r \r" ]
[ 17.88712, "o", "\r\u001b[0m\u001b[27m\u001b[24m\u001b[J\r\n\u001b[19491001\u001b[1;35m> \u001b[20210325\u001b[0m\u001b[K\u001b[?2004h" ]
[ 19.39165, "o", "x" ]
[ 19.44441, "o", "\bx " ]
[ 19.49644, "o", "t" ]
[ 19.54881, "o", "m" ]
[ 19.60096, "o", "u" ]
[ 19.65290, "o", "x" ]
[ 20.70619, "o", "\u001b[?2004l\r\r\n" ]
[ 20.80359, "o", "\u001b[?1049h\u001b[22;0;0t\u001b[?1h\u001b=\u001b[H\u001b[2J\u001b[?12l\u001b[?25h\u001b[?1000l\u001b[?1002l\u001b[?1003l\u001b[?1006l\u001b[?1005l\u001b(B\u001b[m\u001b[?12l\u001b[?25h\u001b[?1006l\u001b[?1000l\u001b[?1002l\u001b[?1003l\u001b[?2004l\u001b[1;1H\u001b[1;26r\u001b[>c\u001b[>q\u001b[1;1H" ]
[ 20.80388, "o", "\u001b[?25l\u001b[K\r\n\u001b[K\r\n\u001b[K\r\n\u001b[K\r\n\u001b[K\r\n\u001b[K\r\n\u001b[K\r\n\u001b[K\r\n\u001b[K\r\n\u001b[K\r\n\u001b[K\r\n\u001b[K\r\n\u001b[K\r\n\u001b[K\r\n\u001b[K\r\n\u001b[K\r\n\u001b[K\r\n\u001b[K\r\n\u001b[K\r\n\u001b[K\r\n\u001b[K\r\n\u001b[K\r\n\u001b[K\r\n\u001b[K\r\n\u001b[K\u001b[30m\u001b[42m\r\n[0] 0:bash*                                                           \"ab762f1e4323\" 06:35 17-Jul-23\u001b(B\u001b[m\u001b[?12l\u001b[?25h\u001b[1;1H\u001b(B\u001b[m\u001b[?12l\u001b[?25h\u001b[?1006l\u001b[?1000l\u001b[?1002l\u001b[?1003l\u001b[?2004l\u001b[1;1H\u001b[1;26r\u001b[1;1H" ]
[ 20.80412, "o", "\u001b[?25l\u001b[K\r\n\u001b[K\r\n\u001b[K\r\n\u001b[K\r\n\u001b[K\r\n\u001b[K\r\n\u001b[K\r\n\u001b[K\r\n\u001b[K\r\n\u001b[K\r\n\u001b[K\r\n\u001b[K\r\n\u001b[K\r\n\u001b[K\r\n\u001b[K\r\n\u001b[K\r\n\u001b[K\r\n\u001b[K\r\n\u001b[K\r\n\u001b[K\r\n\u001b[K\r\n\u001b[K\r\n\u001b[K\r\n\u001b[K\r\n\u001b[K\u001b[30m\u001b[42m\r\n[0] 0:bash*                                                           \"ab762f1e4323\" 06:35 17-Jul-23\u001b(B\u001b[m\u001b[?12l\u001b[?25h\u001b[1;1H" ]
[ 20.80586, "o", "\u001b[?7727h" ]
[ 21.03614, "o", "[root@ab762f1e4323 test]# \u001b[?2004h" ]
[ 22.71172, "o", "\u001b[?25l\u001b[13;1H───────────────────────────────────────────────────\u001b[32m─────────────────────────────────────────────────\u001b(B\u001b[m\u001b[1;1H[root@ab762f1e4323 test]# \u001b[K\r\n\u001b[K\r\n\u001b[K\r\n\u001b[K\r\n\u001b[K\r\n\u001b[K\r\n\u001b[K\r\n\u001b[K\r\n\u001b[K\r\n\u001b[K\r\n\u001b[K\r\n\u001b[K\u001b[2B\u001b[K\r\n\u001b[K\r\n\u001b[K\r\n\u001b[K\r\n\u001b[K\r\n\u001b[K\r\n\u001b[K\r\n\u001b[K\r\n\u001b[K\r\n\u001b[K\r\n\u001b[K\r\n\u001b[K\u001b[30m\u001b[42m\r\n[0] 0:bash*                                                           \"ab762f1e4323\" 06:35 17-Jul-23\u001b(B\u001b[m\u001b[?12l\u001b[?25h\u001b[14;1H\u001b[?2004l" ]
[ 22.71183, "o", "\u001b[H[root@ab762f1e4323 test]# \u001b[K\u001b[14;1H" ]
[ 22.93357, "o", "[root@ab762f1e4323 test]# \u001b[?2004h" ]
[ 24.26665, "o", "\u001b[?25l\u001b[13;1H\u001b[32m───────────────────────────────────────────────────\u001b[39m─────────────────────────────────────────────────\u001b(B\u001b[m\u001b[?12l\u001b[?25h\u001b[1;27H" ]
[ 25.32046, "o", "# " ]
[ 25.42510, "o", "订" ]
[ 25.58139, "o", "阅" ]
[ 25.73751, "o", "主" ]
[ 25.89365, "o", "题" ]
[ 25.94688, "o", "\r\n\u001b[?2004l[root@ab762f1e4323 test]# \u001b[?2004h" ]
[ 28.45056, "o", "x" ]
[ 28.50242, "o", " " ]
[ 28.55447, "o", "m" ]
[ 28.60697, "o", "o" ]
[ 28.66003, "o", "s" ]
[ 28.71201, "o", "q" ]
[ 28.76453, "o", "u" ]
[ 28.81656, "o", "i" ]
[ 28.86814, "o", "t" ]
[ 28.92031, "o", "t" ]
[ 28.97199, "o", "o" ]
[ 29.02393, "o", "_" ]
[ 29.07662, "o", "s" ]
[ 29.12979, "o", "u" ]
[ 29.18158, "o", "b" ]
[ 29.23340, "o", " " ]
[ 29.28588, "o", "-" ]
[ 29.33757, "o", "t" ]
[ 29.39003, "o", " " ]
[ 29.44187, "o", "H" ]
[ 29.49391, "o", "e" ]
[ 29.54578, "o", "l" ]
[ 29.59790, "o", "l" ]
[ 29.64960, "o", "o" ]
[ 29.70124, "o", "W" ]
[ 29.75307, "o", "o" ]
[ 29.80490, "o", "r" ]
[ 29.85748, "o", "d" ]
[ 30.91161, "o", "\r\n\u001b[?2004l" ]
