{"version":2,"width":100,"height":26,"timestamp":1693294140,"env":{"SHELL":"","TERM":"xterm"}}
[ 0.00000, "o", "" ]
[ 0.00330, "o", "\u001b[19491001\u001b[1;35m> \u001b[20210325\u001b[0m" ]
[ 0.49487, "o", "# b" ]
[ 0.54727, "o", "a" ]
[ 0.59894, "o", "s" ]
[ 0.65082, "o", "e" ]
[ 0.70308, "o", "6" ]
[ 0.75479, "o", "4" ]
[ 0.80670, "o", " " ]
[ 0.96223, "o", "解" ]
[ 1.11828, "o", "码" ]
[ 1.16997, "o", "\r\n\u001b[?2004l\r" ]
[ 1.16999, "o", "\u001b[?2004h\r\n\u001b[19491001\u001b[1;35m> \u001b[20210325\u001b[0m" ]
[ 2.67440, "o", "e" ]
[ 2.72753, "o", "c" ]
[ 2.77948, "o", "h" ]
[ 2.83117, "o", "o" ]
[ 2.88319, "o", " " ]
[ 2.93459, "o", "\"" ]
[ 2.98654, "o", "d" ]
[ 3.03820, "o", "3" ]
[ 3.09062, "o", "V" ]
[ 3.14235, "o", "o" ]
[ 3.19459, "o", "c" ]
[ 3.24641, "o", "w" ]
[ 3.29861, "o", "o" ]
[ 3.35035, "o", "=" ]
[ 3.40241, "o", "\"" ]
[ 3.45429, "o", " " ]
[ 3.50672, "o", "|" ]
[ 3.55915, "o", " " ]
[ 3.61088, "o", "x" ]
[ 3.66288, "o", " " ]
[ 3.71465, "o", "o" ]
[ 3.76648, "o", "p" ]
[ 3.81866, "o", "e" ]
[ 3.87090, "o", "n" ]
[ 3.92373, "o", "s" ]
[ 3.97590, "o", "s" ]
[ 4.02788, "o", "l" ]
[ 4.08025, "o", " " ]
[ 4.13245, "o", "b" ]
[ 4.18464, "o", "a" ]
[ 4.23634, "o", "s" ]
[ 4.28873, "o", "e" ]
[ 4.34162, "o", "6" ]
[ 4.39383, "o", "4" ]
[ 4.44557, "o", " " ]
[ 4.49804, "o", "-" ]
[ 4.54980, "o", "d" ]
[ 8.60339, "o", "\r\n\u001b[?2004l\r" ]
[ 8.98293, "o", "wuhs\r\n" ]
[ 8.98460, "o", "\u001b[?2004h\r\n\u001b[19491001\u001b[1;35m> \u001b[20210325\u001b[0m" ]
[ 10.60583, "o", "# m" ]
[ 10.65820, "o", "d" ]
[ 10.71041, "o", "5" ]
[ 10.76312, "o", " " ]
[ 10.91945, "o", "摘" ]
[ 11.07769, "o", "要" ]
[ 11.23567, "o", "计" ]
[ 11.39257, "o", "算" ]
[ 11.44518, "o", "\r\n\u001b[?2004l\r" ]
[ 11.44524, "o", "\u001b[?2004h\r\n\u001b[19491001\u001b[1;35m> \u001b[20210325\u001b[0m" ]
[ 12.95024, "o", "e" ]
[ 13.00311, "o", "c" ]
[ 13.05550, "o", "h" ]
[ 13.10789, "o", "o" ]
[ 13.16035, "o", " " ]
[ 13.21208, "o", "w" ]
[ 13.26421, "o", "u" ]
[ 13.31623, "o", "h" ]
[ 13.36898, "o", "s" ]
[ 13.42184, "o", " " ]
[ 13.47742, "o", "|" ]
[ 13.53019, "o", " " ]
[ 13.58253, "o", "x" ]
[ 13.63482, "o", " " ]
[ 13.68710, "o", "o" ]
[ 13.73987, "o", "p" ]
[ 13.79198, "o", "e" ]
[ 13.84411, "o", "n" ]
[ 13.89654, "o", "s" ]
[ 13.94964, "o", "s" ]
[ 14.00160, "o", "l" ]
[ 14.05473, "o", " " ]
[ 14.10670, "o", "m" ]
[ 14.15841, "o", "d" ]
[ 14.21029, "o", "5" ]
[ 17.26417, "o", "\r\n\u001b[?2004l\r" ]
[ 17.65114, "o", "MD5(stdin)= 4cdb1fbd6a34ff27dc8c10913fab3e7e\r\n" ]
[ 17.65407, "o", "\u001b[?2004h\r\n\u001b[19491001\u001b[1;35m> \u001b[20210325\u001b[0m" ]
[ 19.26626, "o", "# " ]
[ 19.37059, "o", "生" ]
[ 19.52628, "o", "成" ]
[ 19.68242, "o", "使" ]
[ 19.83832, "o", "用" ]
[ 19.89022, "o", " " ]
[ 19.94243, "o", "a" ]
[ 19.99455, "o", "e" ]
[ 20.04647, "o", "s" ]
[ 20.09895, "o", "2" ]
[ 20.15058, "o", "5" ]
[ 20.20284, "o", "6" ]
[ 20.25510, "o", " " ]
[ 20.40989, "o", "加" ]
[ 20.56682, "o", "密" ]
[ 20.72335, "o", "的" ]
[ 20.77529, "o", " " ]
[ 20.82742, "o", "R" ]
[ 20.87915, "o", "S" ]
[ 20.93109, "o", "A" ]
[ 20.98344, "o", " " ]
[ 21.14038, "o", "私" ]
[ 21.29555, "o", "钥" ]
[ 21.45179, "o", "，" ]
[ 21.60840, "o", "并" ]
[ 21.76407, "o", "使" ]
[ 21.92156, "o", "用" ]
[ 21.97402, "o", " " ]
[ 22.02588, "o", "p" ]
[ 22.07777, "o", "a" ]
[ 22.12996, "o", "s" ]
[ 22.18208, "o", "s" ]
[ 22.23404, "o", "o" ]
[ 22.28615, "o", "u" ]
[ 22.33919, "o", "t" ]
[ 22.39239, "o", " " ]
[ 22.54888, "o", "代" ]
[ 22.70535, "o", "替" ]
[ 22.75724, "o", " " ]
[ 22.80948, "o", "s" ]
[ 22.86119, "o", "h" ]
[ 22.91288, "o", "e" ]
[ 22.96467, "o", "l" ]
[ 23.01694, "o", "l" ]
[ 23.06930, "o", " " ]
[ 23.22539, "o", "进" ]
[ 23.38103, "o", "行" ]
[ 23.53705, "o", "密 \r" ]
[ 23.69245, "o", "码" ]
[ 23.84847, "o", "输" ]
[ 24.00412, "o", "入" ]
[ 24.05598, "o", "\r\n\u001b[?2004l\r" ]
[ 24.05608, "o", "\u001b[?2004h\r\n\u001b[19491001\u001b[1;35m> \u001b[20210325\u001b[0m" ]
[ 25.56004, "o", "x" ]
[ 25.61174, "o", " " ]
[ 25.66401, "o", "o" ]
[ 25.71561, "o", "p" ]
[ 25.76763, "o", "e" ]
[ 25.82046, "o", "n" ]
[ 25.87244, "o", "s" ]
[ 25.92545, "o", "s" ]
[ 25.97719, "o", "l" ]
[ 26.02919, "o", " " ]
[ 26.08107, "o", "g" ]
[ 26.13302, "o", "e" ]
[ 26.18579, "o", "n" ]
[ 26.23816, "o", "r" ]
[ 26.29064, "o", "s" ]
[ 26.34302, "o", "a" ]
[ 26.39475, "o", " " ]
[ 26.44642, "o", "-" ]
[ 26.49828, "o", "a" ]
[ 26.54998, "o", "e" ]
[ 26.60276, "o", "s" ]
[ 26.65497, "o", "2" ]
[ 26.70726, "o", "5" ]
[ 26.75896, "o", "6" ]
[ 26.81087, "o", " " ]
[ 26.86284, "o", "-" ]
[ 26.91438, "o", "p" ]
[ 26.96628, "o", "a" ]
[ 27.01866, "o", "s" ]
[ 27.07116, "o", "s" ]
[ 27.12275, "o", "o" ]
[ 27.17499, "o", "u" ]
[ 27.22693, "o", "t" ]
[ 27.27914, "o", " " ]
[ 27.33100, "o", "p" ]
[ 27.38303, "o", "a" ]
[ 27.43507, "o", "s" ]
[ 27.48685, "o", "s" ]
[ 27.53913, "o", ":" ]
[ 27.59099, "o", "1" ]
[ 27.64313, "o", "1" ]
[ 27.69521, "o", "1" ]
[ 27.74760, "o", "1" ]
[ 27.79956, "o", "1" ]
[ 27.85120, "o", "1" ]
[ 27.90346, "o", " " ]
[ 27.95511, "o", "-" ]
[ 28.00746, "o", "o" ]
[ 28.05920, "o", "u" ]
[ 28.11087, "o", "t" ]
[ 28.16330, "o", " " ]
[ 28.21492, "o", "r" ]
[ 28.26678, "o", "s" ]
[ 28.31997, "o", "a" ]
[ 28.37293, "o", "_" ]
[ 28.42456, "o", "p" ]
[ 28.47659, "o", "r" ]
[ 28.52841, "o", "i" ]
[ 28.58023, "o", "v" ]
[ 28.63202, "o", "a" ]
[ 28.68432, "o", "t" ]
[ 28.73637, "o", "e" ]
[ 28.78788, "o", "." ]
[ 28.84000, "o", "k" ]
[ 28.89221, "o", "e" ]
[ 28.94408, "o", "y" ]
[ 33.99797, "o", "\r\n\u001b[?2004l\r" ]
[ 34.52330, "o", "\u001b[?2004h\r\n\u001b[19491001\u001b[1;35m> \u001b[20210325\u001b[0m" ]
[ 36.00033, "o", "# " ]
[ 36.10390, "o", "根" ]
[ 36.26033, "o", "据" ]
[ 36.31220, "o", " " ]
[ 36.36448, "o", "R" ]
[ 36.41719, "o", "S" ]
[ 36.46992, "o", "A" ]
[ 36.52193, "o", " " ]
[ 36.67768, "o", "私" ]
[ 36.83290, "o", "钥" ]
[ 36.98949, "o", "生" ]
[ 37.14502, "o", "成" ]
[ 37.30130, "o", "公" ]
[ 37.45787, "o", "钥" ]
[ 37.50955, "o", "\r\n\u001b[?2004l\r" ]
[ 37.50967, "o", "\u001b[?2004h\r\n\u001b[19491001\u001b[1;35m> \u001b[20210325\u001b[0m" ]
[ 39.01321, "o", "x" ]
[ 39.06519, "o", " " ]
[ 39.11765, "o", "o" ]
[ 39.16946, "o", "p" ]
[ 39.22143, "o", "e" ]
[ 39.27348, "o", "n" ]
[ 39.32553, "o", "s" ]
[ 39.37723, "o", "s" ]
[ 39.42896, "o", "l" ]
[ 39.48078, "o", " " ]
[ 39.53321, "o", "r" ]
[ 39.58513, "o", "s" ]
[ 39.63677, "o", "a" ]
[ 39.68867, "o", " " ]
[ 39.74112, "o", "-" ]
[ 39.79304, "o", "i" ]
[ 39.84512, "o", "n" ]
[ 39.89744, "o", " " ]
[ 39.95020, "o", "r" ]
[ 40.00309, "o", "s" ]
[ 40.05555, "o", "a" ]
[ 40.10760, "o", "_" ]
[ 40.15975, "o", "p" ]
[ 40.21196, "o", "r" ]
[ 40.26386, "o", "i" ]
[ 40.31626, "o", "v" ]
[ 40.36878, "o", "a" ]
[ 40.42091, "o", "t" ]
[ 40.47281, "o", "e" ]
[ 40.52475, "o", "." ]
[ 40.57662, "o", "k" ]
[ 40.62844, "o", "e" ]
[ 40.68076, "o", "y" ]
[ 40.73273, "o", " " ]
[ 40.78531, "o", "-" ]
[ 40.83796, "o", "p" ]
[ 40.89058, "o", "a" ]
[ 40.94331, "o", "s" ]
[ 40.99614, "o", "s" ]
[ 41.04864, "o", "i" ]
[ 41.10097, "o", "n" ]
[ 41.15345, "o", " " ]
[ 41.20509, "o", "p" ]
[ 41.25708, "o", "a" ]
[ 41.30893, "o", "s" ]
[ 41.36118, "o", "s" ]
[ 41.41365, "o", ":" ]
[ 41.46597, "o", "1" ]
[ 41.51852, "o", "1" ]
[ 41.57093, "o", "1" ]
[ 41.62287, "o", "1" ]
[ 41.67492, "o", "1" ]
[ 41.72723, "o", "1" ]
[ 41.77904, "o", " " ]
[ 41.83105, "o", "-" ]
[ 41.88364, "o", "o" ]
[ 41.93595, "o", "u" ]
[ 41.98780, "o", "t" ]
[ 42.03994, "o", " " ]
[ 42.09253, "o", "r" ]
[ 42.14513, "o", "s" ]
[ 42.19792, "o", "a" ]
[ 42.25112, "o", "_" ]
[ 42.30382, "o", "p" ]
[ 42.35649, "o", "u" ]
[ 42.40975, "o", "b" ]
[ 42.46215, "o", "l \r" ]
[ 42.51437, "o", "i" ]
[ 42.56683, "o", "c" ]
[ 42.62007, "o", "." ]
[ 42.67350, "o", "k" ]
[ 42.72596, "o", "e" ]
[ 42.77903, "o", "y" ]
[ 47.83524, "o", "\r\n\u001b[?2004l\r" ]
[ 47.84166, "o", "writing RSA key\r\n" ]
[ 47.84379, "o", "\u001b[?2004h\r\n\u001b[19491001\u001b[1;35m> \u001b[20210325\u001b[0m" ]
[ 49.83698, "o", "h" ]
[ 49.88905, "o", "e" ]
[ 49.94097, "o", "a" ]
[ 49.99312, "o", "d" ]
[ 50.04521, "o", " " ]
