{"version":2,"width":100,"height":26,"timestamp":1693294202,"env":{"SHELL":"","TERM":"xterm"}}
[ 0.00000, "o", "" ]
[ 0.02462, "o", "\u001b[19491001\u001b[1;35m> \u001b[20210325\u001b[0m\u001b[K" ]
[ 0.02490, "o", "\u001b[?2004h" ]
[ 0.35010, "o", "#" ]
[ 0.35027, "o", "\b# " ]
[ 0.45417, "o", "启" ]
[ 0.61237, "o", "动" ]
[ 0.66460, "o", " " ]
[ 0.71701, "o", "o" ]
[ 0.76933, "o", "s" ]
[ 0.82157, "o", "q" ]
[ 0.87425, "o", "u" ]
[ 0.92704, "o", "e" ]
[ 0.98027, "o", "r" ]
[ 1.03312, "o", "y" ]
[ 1.08522, "o", " " ]
[ 1.24142, "o", "的" ]
[ 1.40075, "o", "交" ]
[ 1.55735, "o", "互" ]
[ 1.71322, "o", "式" ]
[ 1.76536, "o", " " ]
[ 1.81738, "o", "U" ]
[ 1.86968, "o", "I" ]
[ 1.92228, "o", "\u001b[?2004l\r\r\n\u001b[1m\u001b[7m#\u001b[27m\u001b[1m\u001b[0m                                                                                                   \r \r\r\u001b[0m\u001b[27m\u001b[24m\u001b[J\r\n\u001b[19491001\u001b[1;35m> \u001b[20210325\u001b[0m\u001b[K\u001b[?2004h" ]
[ 3.42771, "o", "x" ]
[ 3.47953, "o", "\bx " ]
[ 3.53143, "o", "o" ]
[ 3.58318, "o", "s" ]
[ 3.63492, "o", "q" ]
[ 3.68659, "o", "u" ]
[ 3.73887, "o", "e" ]
[ 3.79130, "o", "r" ]
[ 3.84298, "o", "y" ]
[ 3.89478, "o", "i" ]
[ 6.94984, "o", "\u001b[?2004l\r\r\n" ]
[ 7.45857, "o", "Using a \u001b[1mvirtual database\u001b[0m. Need help, type '.help'\r\nosquery> " ]
[ 7.95246, "o", "." ]
[ 8.00476, "o", "t" ]
[ 8.05717, "o", "a" ]
[ 8.10882, "o", "b" ]
[ 8.16078, "o", "l" ]
[ 8.21269, "o", "e" ]
[ 8.26512, "o", "s" ]
[ 8.31723, "o", " " ]
[ 8.36984, "o", "u" ]
[ 8.42207, "o", "s" ]
[ 8.47521, "o", "e" ]
[ 8.52833, "o", "r" ]
[ 11.58266, "o", "\u001b[10G\u001b[J.tables user\u001b[22G\r\n  => user_events\r\n  => user_groups\r\n  => user_ssh_keys\r\n  => users\r\n" ]
[ 11.58280, "o", "osquery> " ]
[ 14.58669, "o", "." ]
[ 14.63995, "o", "s" ]
[ 14.69244, "o", "c" ]
[ 14.74547, "o", "h" ]
[ 14.79777, "o", "e" ]
[ 14.85036, "o", "m" ]
[ 14.90320, "o", "a" ]
[ 14.95649, "o", " " ]
[ 15.01028, "o", "u" ]
[ 15.06350, "o", "s" ]
[ 15.11621, "o", "e" ]
[ 15.16859, "o", "r" ]
[ 15.22159, "o", "s" ]
[ 18.27717, "o", "\u001b[10G\u001b[J.schema users\u001b[23G\r\n" ]
[ 18.27734, "o", "CREATE TABLE users(`uid` BIGINT, `gid` BIGINT, `uid_signed` BIGINT, `gid_signed` BIGINT, `username` TEXT, `description` TEXT, `directory` TEXT, `shell` TEXT, `uuid` TEXT, `type` TEXT HIDDEN, `is_hidden` INTEGER HIDDEN, `pid_with_namespace` INTEGER HIDDEN, PRIMARY KEY (`uid`, `username`, `uuid`, `pid_with_namespace`)) WITHOUT ROWID;\r\nosquery> " ]
[ 21.28097, "o", "P" ]
[ 21.33268, "o", "R" ]
[ 21.38490, "o", "A" ]
[ 21.43687, "o", "G" ]
[ 21.48886, "o", "M" ]
[ 21.54087, "o", "A" ]
[ 21.59337, "o", " " ]
[ 21.64550, "o", "t" ]
[ 21.69767, "o", "a" ]
[ 21.74943, "o", "b" ]
[ 21.80116, "o", "l" ]
[ 21.85290, "o", "e" ]
[ 21.90486, "o", "_" ]
[ 21.95677, "o", "i" ]
[ 22.00890, "o", "n" ]
[ 22.06071, "o", "f" ]
[ 22.11260, "o", "o" ]
[ 22.16434, "o", "(" ]
[ 22.21597, "o", "u" ]
[ 22.26806, "o", "s" ]
[ 22.32071, "o", "e" ]
[ 22.37244, "o", "r" ]
[ 22.42453, "o", "s" ]
[ 22.47631, "o", ")" ]
[ 22.52843, "o", ";" ]
[ 25.58245, "o", "\u001b[10G\u001b[JPRAGMA table_info(users);\u001b[35G\r\n" ]
[ 25.58265, "o", "+-----+-------------+--------+---------+------------+----+\r\n| cid | name        | type   | notnull | dflt_value | pk |\r\n+-----+-------------+--------+---------+------------+----+\r\n| 0   | uid         | BIGINT | 1       |            | 1  |\r\n| 1   | gid         | BIGINT | 0       |            | 0  |\r\n| 2   | uid_signed  | BIGINT | 0       |            | 0  |\r\n| 3   | gid_signed  | BIGINT | 0       |            | 0  |\r\n| 4   | username    | TEXT   | 1       |            | 2  |\r\n| 5   | description | TEXT   | 0       |            | 0  |\r\n| 6   | directory   | TEXT   | 0       |            | 0  |\r\n" ]
[ 25.58277, "o", "| 7   | shell       | TEXT   | 0       |            | 0  |\r\n| 8   | uuid        | TEXT   | 1       |            | 3  |\r\n+-----+-------------+--------+---------+------------+----+\r\nosquery> " ]
[ 28.58726, "o", "S" ]
[ 28.64407, "o", "E" ]
[ 28.69605, "o", "L" ]
[ 28.74837, "o", "E" ]
[ 28.80114, "o", "C" ]
[ 28.85366, "o", "T" ]
[ 28.90596, "o", " " ]
[ 28.95891, "o", "p" ]
[ 29.01071, "o", "i" ]
[ 29.06283, "o", "d" ]
[ 29.11462, "o", "," ]
[ 29.16660, "o", " " ]
[ 29.21876, "o", "n" ]
[ 29.27087, "o", "a" ]
[ 29.32269, "o", "m" ]
[ 29.37483, "o", "e" ]
[ 29.42664, "o", "," ]
[ 29.47896, "o", " " ]
[ 29.53154, "o", "p" ]
[ 29.58321, "o", "a" ]
[ 29.63551, "o", "t" ]
[ 29.68730, "o", "h" ]
[ 29.73911, "o", " " ]
[ 29.79097, "o", "F" ]
[ 29.84327, "o", "R" ]
[ 29.89532, "o", "O" ]
[ 29.94702, "o", "M" ]
[ 29.99939, "o", " " ]
[ 30.05118, "o", "p" ]
[ 30.10310, "o", "r" ]
[ 30.15518, "o", "o" ]
[ 30.20731, "o", "c" ]
[ 30.25929, "o", "e" ]
[ 30.31111, "o", "s" ]
[ 30.36330, "o", "s" ]
[ 30.41520, "o", "e" ]
[ 30.46701, "o", "s" ]
[ 30.51874, "o", " " ]
[ 30.57073, "o", "L" ]
[ 30.62267, "o", "I" ]
[ 30.67485, "o", "M" ]
[ 30.72693, "o", "I" ]
[ 30.77917, "o", "T" ]
[ 30.83178, "o", " " ]
[ 30.88471, "o", "1" ]
[ 30.93698, "o", ";" ]
[ 34.99146, "o", "\u001b[10G\u001b[JSELECT pid, name, path FROM processes LIMIT 1;\u001b[56G\r\n" ]
[ 34.99792, "o", "+-----+------+---------------+\r\n| pid | name | path          |\r\n+-----+------+---------------+\r\n| 1   | bash | /usr/bin/bash |\r\n+-----+------+---------------+\r\nosquery> " ]
[ 36.99361, "o", "." ]
[ 37.04560, "o", "m" ]
[ 37.09759, "o", "o" ]
[ 37.14952, "o", "d" ]
[ 37.20151, "o", "e" ]
[ 37.25378, "o", " " ]
[ 37.30597, "o", "l" ]
[ 37.35791, "o", "i" ]
[ 37.40976, "o", "n" ]
[ 37.46194, "o", "e" ]
[ 40.51554, "o", "\u001b[10G\u001b[J.mode line\u001b[20G\r\nosquery> " ]
[ 42.51937, "o", "S" ]
[ 42.57166, "o", "E" ]
[ 42.62435, "o", "L" ]
[ 42.67624, "o", "E" ]
[ 42.72847, "o", "C" ]
[ 42.78034, "o", "T" ]
[ 42.83204, "o", " " ]
[ 42.88390, "o", "p" ]
[ 42.93580, "o", "i" ]
[ 42.98840, "o", "d" ]
[ 43.04058, "o", "," ]
[ 43.09263, "o", " " ]
[ 43.14446, "o", "n" ]
[ 43.19630, "o", "a" ]
[ 43.24822, "o", "m" ]
[ 43.30004, "o", "e" ]
[ 43.35201, "o", "," ]
[ 43.40369, "o", " " ]
[ 43.45567, "o", "p" ]
[ 43.50730, "o", "a" ]
[ 43.55931, "o", "t" ]
[ 43.61116, "o", "h" ]
[ 43.66315, "o", " " ]
[ 43.71540, "o", "F" ]
[ 43.76744, "o", "R" ]
[ 43.81927, "o", "O" ]
[ 43.87121, "o", "M" ]
[ 43.92319, "o", " " ]
[ 43.97487, "o", "p" ]
[ 44.02690, "o", "r" ]
[ 44.07871, "o", "o" ]
[ 44.13052, "o", "c" ]
[ 44.18249, "o", "e" ]
[ 44.23424, "o", "s" ]
[ 44.28600, "o", "s" ]
[ 44.33779, "o", "e" ]
[ 44.38960, "o", "s" ]
[ 44.44142, "o", " " ]
[ 44.49327, "o", "L" ]
[ 44.54543, "o", "I" ]
[ 44.59693, "o", "M" ]
[ 44.64895, "o", "I" ]
[ 44.70114, "o", "T" ]
[ 44.75308, "o", " " ]
[ 44.80487, "o", "1" ]
[ 44.85662, "o", ";" ]
[ 48.91005, "o", "\u001b[10G\u001b[JSELECT pid, name, path FROM processes LIMIT 1;\u001b[56G\r\n" ]
[ 48.91616, "o", "  pid = 1\r\n name = bash\r\n path = /usr/bin/bash\r\nosquery> " ]
[ 50.91193, "o", "." ]
[ 50.96358, "o", "q" ]
[ 51.01567, "o", "u" ]
[ 51.06733, "o", "i" ]
[ 51.11921, "o", "t" ]
[ 53.17275, "o", "\u001b[10G\u001b[J.quit\u001b[15G\r\n" ]
[ 53.37566, "o", "\u001b[1m\u001b[7m#\u001b[27m\u001b[1m\u001b[0m                                                                                                   \r \r\r\u001b[0m\u001b[27m\u001b[24m\u001b[J\r\n\u001b[19491001\u001b[1;35m> \u001b[20210325\u001b[0m\u001b[K\u001b[?2004h" ]
[ 54.17480, "o", "#" ]
[ 54.17496, "o", "\b# " ]
[ 54.27879, "o", "查" ]
[ 54.43441, "o", "询" ]
[ 54.48656, "o", " " ]
[ 54.53866, "o", "u" ]
[ 54.59052, "o", "s" ]
[ 54.64217, "o", "e" ]
[ 54.69412, "o", "r" ]
[ 54.74632, "o", "s" ]
[ 54.79883, "o", " " ]
[ 54.95500, "o", "表" ]
[ 55.11016, "o", "，" ]
[ 55.26541, "o", "并" ]
[ 55.42144, "o", "以" ]
[ 55.47300, "o", " " ]
[ 55.52511, "o", "c" ]
[ 55.57787, "o", "s" ]
[ 55.63040, "o", "v" ]
[ 55.68245, "o", " " ]
[ 55.83920, "o", "格" ]
[ 55.99475, "o", "式" ]
[ 56.15014, "o", "输" ]
[ 56.30619, "o", "出" ]
[ 56.46150, "o", "结" ]
