{"version":2,"width":100,"height":26,"timestamp":1693273552,"env":{"SHELL":"","TERM":"xterm"}}
[ 0.00000, "o", "" ]
[ 0.01819, "o", "\u001b[19491001\u001b[1;35m> \u001b[20210325\u001b[0m\u001b[K" ]
[ 0.01826, "o", "\u001b[?2004h" ]
[ 0.40241, "o", "x" ]
[ 0.45421, "o", "\bx " ]
[ 0.50593, "o", "e" ]
[ 0.55780, "o", "x" ]
[ 0.60964, "o", "a" ]
[ 0.66204, "o", " " ]
[ 0.71385, "o", "-" ]
[ 0.76575, "o", "l" ]
[ 0.81762, "o", " " ]
[ 0.86985, "o", "&" ]
[ 0.92157, "o", "&" ]
[ 0.97394, "o", " " ]
[ 1.02562, "o", "x" ]
[ 1.07774, "o", " " ]
[ 1.12955, "o", "c" ]
[ 1.18131, "o", "a" ]
[ 1.23345, "o", "t" ]
[ 1.28571, "o", " " ]
[ 1.33799, "o", "h" ]
[ 1.38989, "o", "e" ]
[ 1.44219, "o", "l" ]
[ 1.49433, "o", "l" ]
[ 1.54632, "o", "o" ]
[ 1.59822, "o", "." ]
[ 1.65018, "o", "t" ]
[ 1.70210, "o", "x" ]
[ 1.75377, "o", "t" ]
[ 4.80782, "o", "\u001b[?2004l\r\r\n" ]
[ 5.04906, "o", ".\u001b[1;33mr\u001b[31mw\u001b[0m\u001b[38;5;244m-\u001b[33mr\u001b[38;5;244m--\u001b[33mr\u001b[38;5;244m--\u001b[0m \u001b[1;32m25\u001b[0m \u001b[1;33mroot\u001b[0m \u001b[34m29 Aug 01:45\u001b[0m hello.txt\r\n" ]
[ 5.28438, "o", "\r\u001b[38;5;238m───────┬────────────────────────────────────────────────────────────────────────────────────────────\u001b[0m\u001b[m\r\n       \u001b[38;5;238m│ \u001b[0mFile: \u001b[1mhello.txt\u001b[0m\u001b[m\r\n\u001b[38;5;238m───────┼────────────────────────────────────────────────────────────────────────────────────────────\u001b[0m\u001b[m\r\n\u001b[38;5;238m   1\u001b[0m   \u001b[38;5;238m│\u001b[0m \u001b[38;5;231mhello pandoc\u001b[0m\u001b[m\r\n\u001b[38;5;238m   2\u001b[0m   \u001b[38;5;238m│\u001b[0m \u001b[38;5;231mhello x-cmd\u001b[0m\u001b[m\r\n\u001b[38;5;238m───────┴─────────────────────────────────────────────────" ]
[ 5.28444, "o", "──" ]
[ 5.28461, "o", "─────────────────────────────────────────\u001b[0m\u001b[m\r\n\r\u001b[K" ]
[ 5.29200, "o", "\u001b[1m\u001b[7m#\u001b[27m\u001b[1m\u001b[0m                                                                                                   \r \r\r\u001b[0m\u001b[27m\u001b[24m\u001b[J\r\n\u001b[19491001\u001b[1;35m> \u001b[20210325\u001b[0m\u001b[K" ]
[ 5.29219, "o", "\u001b[?2004h" ]
[ 5.81038, "o", "#\b# " ]
[ 5.91369, "o", "将" ]
[ 5.96552, "o", " " ]
[ 6.01731, "o", "t" ]
[ 6.06942, "o", "x" ]
[ 6.12098, "o", "t" ]
[ 6.17328, "o", " " ]
[ 6.32854, "o", "格" ]
[ 6.48349, "o", "式" ]
[ 6.63962, "o", "的" ]
[ 6.79498, "o", "文" ]
[ 6.95043, "o", "档" ]
[ 7.10588, "o", "转" ]
[ 7.26134, "o", "换" ]
[ 7.41600, "o", "为" ]
[ 7.46823, "o", " " ]
[ 7.51999, "o", "h" ]
[ 7.57174, "o", "t" ]
[ 7.62365, "o", "m" ]
[ 7.67562, "o", "l" ]
[ 7.72774, "o", " " ]
[ 7.88340, "o", "格" ]
[ 8.03952, "o", "式" ]
[ 8.19509, "o", "的" ]
[ 8.35011, "o", "文" ]
[ 8.50548, "o", "档" ]
[ 8.55737, "o", "\u001b[?2004l\r\r\n" ]
[ 8.55752, "o", "\u001b[1m\u001b[7m#\u001b[27m\u001b[1m\u001b[0m                                                                                                   \r \r\r\u001b[0m\u001b[27m\u001b[24m\u001b[J\r\n\u001b[19491001\u001b[1;35m> \u001b[20210325\u001b[0m\u001b[K\u001b[?2004h" ]
[ 10.06129, "o", "x" ]
[ 10.11317, "o", "\bx " ]
[ 10.16496, "o", "p" ]
[ 10.21673, "o", "a" ]
[ 10.26835, "o", "n" ]
[ 10.32009, "o", "d" ]
[ 10.37163, "o", "o" ]
[ 10.42363, "o", "c" ]
[ 10.47545, "o", " " ]
[ 10.52762, "o", "h" ]
[ 10.57937, "o", "e" ]
[ 10.63112, "o", "l" ]
[ 10.68297, "o", "l" ]
[ 10.73502, "o", "o" ]
[ 10.78740, "o", "." ]
[ 10.83997, "o", "t" ]
[ 10.89229, "o", "x" ]
[ 10.94401, "o", "t" ]
[ 10.99633, "o", " " ]
[ 11.04796, "o", "-" ]
[ 11.09978, "o", "o" ]
[ 11.15162, "o", " " ]
[ 11.20348, "o", "h" ]
[ 11.25630, "o", "e" ]
[ 11.30877, "o", "l" ]
[ 11.36112, "o", "l" ]
[ 11.41296, "o", "o" ]
[ 11.46502, "o", "." ]
[ 11.51690, "o", "h" ]
[ 11.56873, "o", "t" ]
[ 11.62057, "o", "m" ]
[ 11.67224, "o", "l" ]
[ 14.72644, "o", "\u001b[?2004l\r\r\n" ]
[ 14.85023, "o", "\u001b[1m\u001b[7m#\u001b[27m\u001b[1m\u001b[0m                                                                                                   \r \r\r\u001b[0m\u001b[27m\u001b[24m\u001b[J\r\n\u001b[19491001\u001b[1;35m> \u001b[20210325\u001b[0m\u001b[K" ]
[ 14.85031, "o", "\u001b[?2004h" ]
[ 15.72845, "o", "x" ]
[ 15.78067, "o", "\bx " ]
[ 15.83276, "o", "c" ]
[ 15.88497, "o", "a" ]
[ 15.93685, "o", "t" ]
[ 15.98871, "o", " " ]
[ 16.04051, "o", "h" ]
[ 16.09272, "o", "e" ]
[ 16.14450, "o", "l" ]
[ 16.19635, "o", "l" ]
[ 16.24797, "o", "o" ]
[ 16.29977, "o", "." ]
[ 16.35150, "o", "h" ]
[ 16.40316, "o", "t" ]
[ 16.45555, "o", "m" ]
[ 16.50724, "o", "l" ]
[ 19.56095, "o", "\u001b[?2004l\r\r\n" ]
[ 19.62728, "o", "\r\u001b[38;5;238m───────┬────────────────────────────────────────────────────────────────────────────────────────────\u001b[0m\u001b[m\r\n       \u001b[38;5;238m│ \u001b[0mFile: \u001b[1mhello.html\u001b[0m\u001b[m\r\n\u001b[38;5;238m───────┼────────────────────────────────────────────────────────────────────────────────────────────\u001b[0m\u001b[m\r\n\u001b[38;5;238m   1\u001b[0m   \u001b[38;5;238m│\u001b[0m \u001b[38;5;231m<\u001b[0m\u001b[38;5;203mp\u001b[0m\u001b[38;5;231m>\u001b[0m\u001b[38;5;231mhello pandoc hello x-cmd\u001b[0m\u001b[38;5;231m</\u001b[0m\u001b[38;5;203mp\u001b[0m\u001b[38;5;231m>\u001b[0m\u001b[m\r\n\u001b[38;5;238m───────┴─────────────────────────────────────" ]
[ 19.62734, "o", "─" ]
[ 19.62758, "o", "──────────────────────────────────────────────────────\u001b[0m\u001b[m\r\n\r\u001b[K" ]
[ 19.63400, "o", "\u001b[1m\u001b[7m#\u001b[27m\u001b[1m\u001b[0m                                                                                                   \r \r\r\u001b[0m\u001b[27m\u001b[24m\u001b[J\r\n\u001b[19491001\u001b[1;35m> \u001b[20210325\u001b[0m\u001b[K" ]
[ 19.63407, "o", "\u001b[?2004h" ]
[ 21.56308, "o", "#" ]
[ 21.56327, "o", "\b# " ]
[ 21.66712, "o", "将" ]
[ 21.71897, "o", " " ]
[ 21.77049, "o", "t" ]
[ 21.82227, "o", "x" ]
[ 21.87442, "o", "t" ]
[ 21.92615, "o", " " ]
[ 22.08123, "o", "格" ]
[ 22.23754, "o", "式" ]
[ 22.39338, "o", "的" ]
[ 22.54823, "o", "文" ]
[ 22.70419, "o", "档" ]
[ 22.85978, "o", "转" ]
[ 23.01537, "o", "换" ]
[ 23.17101, "o", "为" ]
[ 23.22331, "o", " " ]
[ 23.27542, "o", "d" ]
[ 23.32756, "o", "o" ]
[ 23.37923, "o", "c" ]
[ 23.43095, "o", "x" ]
[ 23.48303, "o", " " ]
[ 23.63910, "o", "格" ]
[ 23.79509, "o", "式" ]
[ 23.95025, "o", "的" ]
[ 24.10765, "o", "文" ]
[ 24.26301, "o", "档" ]
[ 24.31500, "o", "\u001b[?2004l\r\r\n\u001b[1m\u001b[7m#\u001b[27m\u001b[1m\u001b[0m                                                                                                   \r \r" ]
[ 24.31513, "o", "\r\u001b[0m\u001b[27m\u001b[24m\u001b[J\r\n\u001b[19491001\u001b[1;35m> \u001b[20210325\u001b[0m\u001b[K\u001b[?2004h" ]
[ 25.81876, "o", "x" ]
[ 25.87040, "o", "\bx " ]
[ 25.92237, "o", "p" ]
[ 25.97397, "o", "a" ]
[ 26.02618, "o", "n" ]
[ 26.07795, "o", "d" ]
[ 26.12989, "o", "o" ]
[ 26.18170, "o", "c" ]
[ 26.23362, "o", " " ]
[ 26.28558, "o", "h" ]
[ 26.33729, "o", "e" ]
[ 26.38993, "o", "l" ]
[ 26.44162, "o", "l" ]
[ 26.49345, "o", "o" ]
[ 26.54563, "o", "." ]
[ 26.59763, "o", "t" ]
[ 26.64959, "o", "x" ]
[ 26.70134, "o", "t" ]
[ 26.75363, "o", " " ]
[ 26.80539, "o", "-" ]
[ 26.85761, "o", "o" ]
[ 26.90943, "o", " " ]
[ 26.96129, "o", "h" ]
[ 27.01309, "o", "e" ]
[ 27.06535, "o", "l" ]
[ 27.11728, "o", "l" ]
[ 27.16908, "o", "o" ]
[ 27.22094, "o", "." ]
[ 27.27454, "o", "d" ]
[ 27.32672, "o", "o" ]
[ 27.37965, "o", "c" ]
[ 27.43198, "o", "x" ]
[ 30.48585, "o", "\u001b[?2004l" ]
[ 30.48603, "o", "\r\r\n" ]
[ 30.52961, "o", "\u001b[1m\u001b[7m#\u001b[27m\u001b[1m\u001b[0m                                                                                                   \r \r\r\u001b[0m\u001b[27m\u001b[24m\u001b[J\r\n\u001b[19491001\u001b[1;35m> \u001b[20210325\u001b[0m\u001b[K\u001b[?2004h" ]
[ 31.48939, "o", "x" ]
[ 31.54126, "o", "\bx " ]
[ 31.59304, "o", "e" ]
[ 31.64458, "o", "x" ]
[ 31.69650, "o", "a" ]
[ 31.74829, "o", " " ]
[ 31.80045, "o", "-" ]
[ 31.85238, "o", "l" ]
