{"version":2,"width":100,"height":26,"timestamp":1689565884,"env":{"SHELL":"","TERM":"xterm"}}
[ 0.00000, "o", "" ]
[ 0.20029, "o", "\u001b[19491001\u001b[1;35m> \u001b[20210325\u001b[0m" ]
[ 0.49541, "o", "x" ]
[ 0.54783, "o", " " ]
[ 0.60021, "o", "e" ]
[ 0.65281, "o", "x" ]
[ 0.70505, "o", "a" ]
[ 0.75726, "o", " " ]
[ 0.80950, "o", "-" ]
[ 0.86206, "o", "l" ]
[ 0.91469, "o", "h" ]
[ 0.96717, "o", "T" ]
[ 1.22190, "o", "\r\n\u001b[?2004l\r" ]
[ 1.32177, "o", "\u001b[4mPermissions\u001b[0m \u001b[4mSize\u001b[0m \u001b[4mUser\u001b[0m \u001b[4mDate Modified\u001b[0m \u001b[4mName\u001b[0m\r\n\u001b[1;34md\u001b[33mr\u001b[31mw\u001b[32mx\u001b[0m\u001b[33mr\u001b[38;5;244m-\u001b[32mx\u001b[33mr\u001b[38;5;244m-\u001b[32mx\u001b[0m     \u001b[38;5;244m-\u001b[0m \u001b[1;33mroot\u001b[0m \u001b[34m17 Jul 03:51\u001b[0m  \u001b[1;34m.\u001b[0m\r\n.\u001b[1;33mr\u001b[31mw\u001b[0m\u001b[38;5;244m-\u001b[33mr\u001b[38;5;244m--\u001b[33mr\u001b[38;5;244m--\u001b[0m   \u001b[1;32m97\u001b[0m\u001b[32mk\u001b[0m \u001b[1;33mroot\u001b[0m \u001b[34m17 Jul 03:51\u001b[0m  \u001b[38;5;244m└──\u001b[0m \u001b[38;5;105mtest.pdf\u001b[0m\r\n" ]
[ 1.32222, "o", "\u001b[?2004h\r\n\u001b[19491001\u001b[1;35m> \u001b[20210325\u001b[0m" ]
[ 3.22405, "o", "# " ]
[ 3.32831, "o", "验" ]
[ 3.48458, "o", "证" ]
[ 3.53688, "o", " " ]
[ 3.58901, "o", "P" ]
[ 3.64158, "o", "D" ]
[ 3.69354, "o", "F" ]
[ 3.74597, "o", " " ]
[ 3.90261, "o", "文" ]
[ 4.05925, "o", "件" ]
[ 4.21542, "o", "是" ]
[ 4.37211, "o", "否" ]
[ 4.52874, "o", "有" ]
[ 4.68487, "o", "效" ]
[ 4.73729, "o", "\r\n\u001b[?2004l\r\u001b[?2004h" ]
[ 4.73731, "o", "\r\n\u001b[19491001\u001b[1;35m> \u001b[20210325\u001b[0m" ]
[ 6.24173, "o", "x" ]
[ 6.29373, "o", " " ]
[ 6.34609, "o", "p" ]
[ 6.39833, "o", "d" ]
[ 6.45081, "o", "f" ]
[ 6.50329, "o", "c" ]
[ 6.55570, "o", "p" ]
[ 6.60833, "o", "u" ]
[ 6.66087, "o", " " ]
[ 6.71314, "o", "v" ]
[ 6.76500, "o", "a" ]
[ 6.81726, "o", "l" ]
[ 6.86986, "o", "i" ]
[ 6.92214, "o", "d" ]
[ 6.97436, "o", "a" ]
[ 7.02695, "o", "t" ]
[ 7.07924, "o", "e" ]
[ 7.13153, "o", " " ]
[ 7.18383, "o", "t" ]
[ 7.23638, "o", "e" ]
[ 7.28849, "o", "s" ]
[ 7.34089, "o", "t" ]
[ 7.39344, "o", "." ]
[ 7.44599, "o", "p" ]
[ 7.49858, "o", "d" ]
[ 7.55117, "o", "f" ]
[ 8.10553, "o", "\r\n\u001b[?2004l\r" ]
[ 8.20131, "o", "validating(mode=relaxed) test.pdf ...\r\n" ]
[ 8.20572, "o", "validation ok\r\n" ]
[ 8.20632, "o", "\u001b[?2004h\r\n\u001b[19491001\u001b[1;35m> \u001b[20210325\u001b[0m" ]
[ 10.10796, "o", "# " ]
[ 10.21268, "o", "通" ]
[ 10.36935, "o", "过" ]
[ 10.52637, "o", "消" ]
[ 10.68325, "o", "除" ]
[ 10.83982, "o", "冗" ]
[ 10.99658, "o", "余" ]
[ 11.15318, "o", "页" ]
[ 11.30967, "o", "面" ]
[ 11.46666, "o", "资" ]
[ 11.62361, "o", "源" ]
[ 11.78053, "o", "来" ]
[ 11.93686, "o", "优" ]
[ 12.09363, "o", "化" ]
[ 12.14611, "o", " " ]
[ 12.19876, "o", "P" ]
[ 12.25106, "o", "D" ]
[ 12.30349, "o", "F" ]
[ 12.35588, "o", "\r\n\u001b[?2004l\r\u001b[?2004h\r\n\u001b[19491001\u001b[1;35m> \u001b[20210325\u001b[0m" ]
[ 13.86025, "o", "x" ]
[ 13.91291, "o", " " ]
[ 13.96503, "o", "p" ]
[ 14.01733, "o", "d" ]
[ 14.06965, "o", "f" ]
[ 14.12220, "o", "c" ]
[ 14.17447, "o", "p" ]
[ 14.22689, "o", "u" ]
[ 14.27928, "o", " " ]
[ 14.33130, "o", "o" ]
[ 14.38387, "o", "p" ]
[ 14.43616, "o", "t" ]
[ 14.48878, "o", "i" ]
[ 14.54101, "o", "m" ]
[ 14.59325, "o", "i" ]
[ 14.64602, "o", "z" ]
[ 14.69857, "o", "e" ]
[ 14.75095, "o", " " ]
[ 14.80345, "o", "t" ]
[ 14.85601, "o", "e" ]
[ 14.90814, "o", "s" ]
[ 14.96044, "o", "t" ]
[ 15.01288, "o", "." ]
[ 15.06535, "o", "p" ]
[ 15.11781, "o", "d" ]
[ 15.17060, "o", "f" ]
[ 15.72509, "o", "\r\n\u001b[?2004l\r" ]
[ 15.72833, "o", "writing test.pdf...\r\n" ]
[ 15.73770, "o", "\u001b[?2004h\r\n\u001b[19491001\u001b[1;35m> \u001b[20210325\u001b[0m" ]
[ 17.72706, "o", "# " ]
[ 17.83095, "o", "将" ]
[ 17.88276, "o", " " ]
[ 17.93443, "o", "P" ]
[ 17.98660, "o", "D" ]
[ 18.03820, "o", "F" ]
[ 18.09028, "o", " " ]
[ 18.24539, "o", "文" ]
[ 18.40226, "o", "件" ]
[ 18.55829, "o", "拆" ]
[ 18.71500, "o", "分" ]
[ 18.87181, "o", "为" ]
[ 19.02822, "o", "多" ]
[ 19.18492, "o", "个" ]
[ 19.34151, "o", "单" ]
[ 19.49828, "o", "页" ]
[ 19.55083, "o", " " ]
[ 19.60321, "o", "P" ]
[ 19.65526, "o", "D" ]
[ 19.70773, "o", "F" ]
[ 19.76031, "o", " " ]
[ 19.91645, "o", "文" ]
[ 20.07320, "o", "件" ]
[ 20.12536, "o", "\r\n\u001b[?2004l\r\u001b[?2004h\r\n\u001b[19491001\u001b[1;35m> \u001b[20210325\u001b[0m" ]
[ 21.62998, "o", "x" ]
[ 21.68260, "o", " " ]
[ 21.73496, "o", "p" ]
[ 21.78754, "o", "d" ]
[ 21.84001, "o", "f" ]
[ 21.89225, "o", "c" ]
[ 21.94460, "o", "p" ]
[ 21.99703, "o", "u" ]
[ 22.04902, "o", " " ]
[ 22.10159, "o", "s" ]
[ 22.15366, "o", "p" ]
[ 22.20589, "o", "l" ]
[ 22.25842, "o", "i" ]
[ 22.31083, "o", "t" ]
[ 22.36330, "o", " " ]
[ 22.41582, "o", "t" ]
[ 22.46826, "o", "e" ]
[ 22.52097, "o", "s" ]
[ 22.57349, "o", "t" ]
[ 22.62601, "o", "." ]
[ 22.67824, "o", "p" ]
[ 22.73063, "o", "d" ]
[ 22.78267, "o", "f" ]
[ 22.83459, "o", " " ]
[ 22.88639, "o", "." ]
[ 22.93815, "o", "/" ]
[ 23.99241, "o", "\r\n\u001b[?2004l\r" ]
[ 23.99567, "o", "splitting test.pdf to .//...\r\n" ]
[ 24.00381, "o", "writing test_1.pdf...\r\n" ]
[ 24.00561, "o", "writing test_2.pdf...\r\n" ]
[ 24.00772, "o", "writing test_3.pdf...\r\n" ]
[ 24.00896, "o", "writing test_4.pdf...\r\n" ]
[ 24.01017, "o", "writing test_5.pdf...\r\n" ]
[ 24.01137, "o", "writing test_6.pdf...\r\n" ]
[ 24.01236, "o", "\u001b[?2004h\r\n\u001b[19491001\u001b[1;35m> \u001b[20210325\u001b[0m" ]
[ 24.99462, "o", "x" ]
[ 25.04707, "o", " " ]
[ 25.09944, "o", "e" ]
[ 25.15189, "o", "x" ]
[ 25.20439, "o", "a" ]
[ 25.25700, "o", " " ]
[ 25.30953, "o", "-" ]
[ 25.36206, "o", "l" ]
[ 25.41471, "o", "h" ]
[ 25.46703, "o", "T" ]
[ 27.52160, "o", "\r\n\u001b[?2004l\r" ]
[ 27.52491, "o", "\u001b[4mPermissions\u001b[0m \u001b[4mSize\u001b[0m \u001b[4mUser\u001b[0m \u001b[4mDate Modified\u001b[0m \u001b[4mName\u001b[0m\r\n\u001b[1;34md\u001b[33mr\u001b[31mw\u001b[32mx\u001b[0m\u001b[33mr\u001b[38;5;244m-\u001b[32mx\u001b[33mr\u001b[38;5;244m-\u001b[32mx\u001b[0m     \u001b[38;5;244m-\u001b[0m \u001b[1;33mroot\u001b[0m \u001b[34m17 Jul 03:51\u001b[0m  \u001b[1;34m.\u001b[0m\r\n.\u001b[1;33mr\u001b[31mw\u001b[0m\u001b[38;5;244m-\u001b[33mr\u001b[38;5;244m--\u001b[33mr\u001b[38;5;244m--\u001b[0m   \u001b[1;32m97\u001b[0m\u001b[32mk\u001b[0m \u001b[1;33mroot\u001b[0m \u001b[34m17 Jul 03:51\u001b[0m  \u001b[38;5;244m├──\u001b[0m \u001b[38;5;105mtest.pdf\u001b[0m\r\n.\u001b[1;33mr\u001b[31mw\u001b[0m\u001b[38;5;244m-\u001b[33mr\u001b[38;5;244m--\u001b[33mr\u001b[38;5;244m--\u001b[0m   \u001b[1;32m39\u001b[0m\u001b[32mk\u001b[0m \u001b[1;33mroot\u001b[0m \u001b[34m17 Jul 03:51\u001b[0m  \u001b[38;5;244m├──\u001b[0m \u001b[38;5;105mtest_1.pdf\u001b[0m\r\n" ]
[ 27.52493, "o", ".\u001b[1;33mr\u001b[31mw\u001b[0m\u001b[38;5;244m-\u001b[33mr\u001b[38;5;244m--\u001b[33mr\u001b[38;5;244m--\u001b[0m   \u001b[1;32m31\u001b[0m\u001b[32mk\u001b[0m \u001b[1;33mroot\u001b[0m \u001b[34m17 Jul 03:51\u001b[0m  \u001b[38;5;244m├──\u001b[0m \u001b[38;5;105mtest_2.pdf\u001b[0m\r\n.\u001b[1;33mr\u001b[31mw\u001b[0m\u001b[38;5;244m-\u001b[33mr\u001b[38;5;244m--\u001b[33mr\u001b[38;5;244m--\u001b[0m   \u001b[1;32m29\u001b[0m\u001b[32mk\u001b[0m \u001b[1;33mroot\u001b[0m \u001b[34m17 Jul 03:51\u001b[0m  \u001b[38;5;244m├──\u001b[0m \u001b[38;5;105mtest_3.pdf\u001b[0m\r\n.\u001b[1;33mr\u001b[31mw\u001b[0m\u001b[38;5;244m-\u001b[33mr\u001b[38;5;244m--\u001b[33mr\u001b[38;5;244m--\u001b[0m   \u001b[1;32m53\u001b[0m\u001b[32mk\u001b[0m \u001b[1;33mroot\u001b[0m \u001b[34m17 Jul 03:51\u001b[0m  \u001b[38;5;244m├──\u001b[0m \u001b[38;5;105mtest_4.pdf\u001b[0m\r\n.\u001b[1;33mr\u001b[31mw\u001b[0m\u001b[38;5;244m-\u001b[33mr\u001b[38;5;244m--\u001b[33mr\u001b[38;5;244m--\u001b[0m   \u001b[1;32m29\u001b[0m\u001b[32mk\u001b[0m \u001b[1;33mroot\u001b[0m \u001b[34m17 Jul 03:51\u001b[0m  \u001b[38;5;244m├──\u001b[0m \u001b[38;5;105mtest_5.pdf\u001b[0m\r\n" ]
