{"version":2,"width":100,"height":26,"timestamp":1693292516,"env":{"SHELL":"","TERM":"xterm"}}
[ 0.00000, "o", "" ]
[ 0.02458, "o", "\u001b[19491001\u001b[1;35m> \u001b[20210325\u001b[0m" ]
[ 0.02464, "o", "\u001b[K\u001b[?2004h" ]
[ 0.39651, "o", "#" ]
[ 0.39670, "o", "\b# " ]
[ 0.50024, "o", "打" ]
[ 0.65629, "o", "印" ]
[ 0.81126, "o", "文" ]
[ 0.96656, "o", "件" ]
[ 1.12172, "o", "内" ]
[ 1.27704, "o", "容" ]
[ 1.32954, "o", "\u001b[?2004l\r\r\n" ]
[ 1.32977, "o", "\u001b[1m\u001b[7m#\u001b[27m\u001b[1m\u001b[0m                                                                                                   \r \r\r\u001b[0m\u001b[27m\u001b[24m\u001b[J\r\n\u001b[19491001\u001b[1;35m> \u001b[20210325\u001b[0m\u001b[K\u001b[?2004h" ]
[ 2.83362, "o", "x" ]
[ 2.88555, "o", "\bx " ]
[ 2.93722, "o", "p" ]
[ 2.98972, "o", "e" ]
[ 3.04180, "o", "r" ]
[ 3.09443, "o", "l" ]
[ 3.14712, "o", " " ]
[ 3.19900, "o", "-" ]
[ 3.25083, "o", "p" ]
[ 3.30264, "o", "e" ]
[ 3.35468, "o", " " ]
[ 3.40667, "o", "'" ]
[ 3.45898, "o", "p" ]
[ 3.51168, "o", "r" ]
[ 3.56428, "o", "i" ]
[ 3.61679, "o", "n" ]
[ 3.66880, "o", "t" ]
[ 3.72056, "o", " " ]
[ 3.77281, "o", "i" ]
[ 3.82472, "o", "f" ]
[ 3.87682, "o", " " ]
[ 3.92946, "o", "/" ]
[ 3.98198, "o", "p" ]
[ 4.03408, "o", "a" ]
[ 4.08592, "o", "t" ]
[ 4.13784, "o", "t" ]
[ 4.18985, "o", "e" ]
[ 4.24146, "o", "r" ]
[ 4.29364, "o", "n" ]
[ 4.34550, "o", "/" ]
[ 4.39767, "o", "'" ]
[ 4.44955, "o", " " ]
[ 4.50203, "o", "." ]
[ 4.55401, "o", "/" ]
[ 4.60561, "o", "p" ]
[ 4.65753, "o", "e" ]
[ 4.70921, "o", "r" ]
[ 4.76136, "o", "l" ]
[ 4.81305, "o", "." ]
[ 4.86528, "o", "m" ]
[ 4.91698, "o", "d" ]
[ 7.97080, "o", "\u001b[?2004l\r\r\n" ]
[ 8.08502, "o", "# Perl\r\n\r\n1. Perl is a general high-level programming language. It is an interpretive language, which can be used in many fields such as Web development, system management, network programming, data analysis and scientific computing.\r\n2. Perl's syntax is flexible and easy to read and write. It supports object-oriented, functional and procedural programming styles, and has powerful regular expression functions.\r\n\r\nprint \"Hello, x-cmd\";\r\nprint \"Hello, x-cmd\";\r\nprint \"Hello, x-cmd\";\r\n\r\n" ]
[ 8.08543, "o", "\u001b[1m\u001b[7m#\u001b[27m\u001b[1m\u001b[0m                                                                                                   \r \r\r\u001b[0m\u001b[27m\u001b[24m\u001b[J\r\n\u001b[19491001\u001b[1;35m> \u001b[20210325\u001b[0m\u001b[K" ]
[ 8.08557, "o", "\u001b[?2004h" ]
[ 9.97296, "o", "#\b# " ]
[ 10.07830, "o", "查" ]
[ 10.23454, "o", "找" ]
[ 10.39206, "o", "文" ]
[ 10.54821, "o", "件" ]
[ 10.70501, "o", "中" ]
[ 10.86138, "o", "的" ]
[ 11.01690, "o", "重" ]
[ 11.17181, "o", "复" ]
[ 11.32724, "o", "行" ]
[ 11.37933, "o", "\u001b[?2004l\r\r\n\u001b[1m\u001b[7m#\u001b[27m\u001b[1m\u001b[0m                                                                                                   \r \r" ]
[ 11.37950, "o", "\r\u001b[0m\u001b[27m\u001b[24m\u001b[J\r\n\u001b[19491001\u001b[1;35m> \u001b[20210325\u001b[0m\u001b[K\u001b[?2004h" ]
[ 12.88334, "o", "x" ]
[ 12.93538, "o", "\bx " ]
[ 12.98728, "o", "p" ]
[ 13.03946, "o", "e" ]
[ 13.09117, "o", "r" ]
[ 13.14399, "o", "l" ]
[ 13.19488, "o", " " ]
[ 13.24711, "o", "-" ]
[ 13.29905, "o", "n" ]
[ 13.35061, "o", "e" ]
[ 13.40253, "o", " " ]
[ 13.45448, "o", "'" ]
[ 13.50688, "o", "p" ]
[ 13.55916, "o", "r" ]
[ 13.61140, "o", "i" ]
[ 13.66345, "o", "n" ]
[ 13.71603, "o", "t" ]
[ 13.76824, "o", " " ]
[ 13.82005, "o", "i" ]
[ 13.87257, "o", "f" ]
[ 13.92437, "o", " " ]
[ 13.97683, "o", "$" ]
[ 14.02851, "o", "s" ]
[ 14.08055, "o", "e" ]
[ 14.13242, "o", "e" ]
[ 14.18429, "o", "n" ]
[ 14.23608, "o", "{" ]
[ 14.28786, "o", "$" ]
[ 14.33981, "o", "_" ]
[ 14.39272, "o", "}" ]
[ 14.44394, "o", "+" ]
[ 14.49564, "o", "+" ]
[ 14.54771, "o", "'" ]
[ 14.59972, "o", " " ]
[ 14.65136, "o", "." ]
[ 14.70366, "o", "/" ]
[ 14.75526, "o", "p" ]
[ 14.80736, "o", "e" ]
[ 14.85913, "o", "r" ]
[ 14.91122, "o", "l" ]
[ 14.96308, "o", "." ]
[ 15.01493, "o", "m" ]
[ 15.06683, "o", "d" ]
[ 18.12043, "o", "\u001b[?2004l\r\r\n" ]
[ 18.12371, "o", "\r\nprint \"Hello, x-cmd\";\r\nprint \"Hello, x-cmd\";\r\n\r\n" ]
[ 18.12468, "o", "\u001b[1m\u001b[7m#\u001b[27m\u001b[1m\u001b[0m                                                                                                   \r \r\r\u001b[0m\u001b[27m\u001b[24m\u001b[J\r\n\u001b[19491001\u001b[1;35m> \u001b[20210325\u001b[0m\u001b[K" ]
[ 18.12486, "o", "\u001b[?2004h" ]
[ 20.12337, "o", "#\b# " ]
[ 20.22762, "o", "统" ]
[ 20.38433, "o", "计" ]
[ 20.54169, "o", "文" ]
[ 20.69835, "o", "件" ]
[ 20.85441, "o", "中" ]
[ 21.01296, "o", "单" ]
[ 21.17028, "o", "词" ]
[ 21.32704, "o", "出" ]
[ 21.48329, "o", "现" ]
[ 21.64005, "o", "次" ]
[ 21.79642, "o", "数" ]
[ 21.84835, "o", "\u001b[?2004l\r\r\n" ]
[ 21.84852, "o", "\u001b[1m\u001b[7m#\u001b[27m\u001b[1m\u001b[0m                                                                                                   \r \r" ]
[ 21.84869, "o", "\r\u001b[0m\u001b[27m\u001b[24m\u001b[J\r\n\u001b[19491001\u001b[1;35m> \u001b[20210325\u001b[0m\u001b[K\u001b[?2004h" ]
[ 23.35308, "o", "x" ]
[ 23.40525, "o", "\bx " ]
[ 23.45736, "o", "p" ]
[ 23.50928, "o", "e" ]
[ 23.56180, "o", "r" ]
[ 23.61408, "o", "l" ]
[ 23.66627, "o", " " ]
[ 23.71858, "o", "-" ]
[ 23.77119, "o", "l" ]
[ 23.82357, "o", "n" ]
[ 23.87555, "o", "e" ]
[ 23.92782, "o", " " ]
[ 23.98028, "o", "\\" ]
[ 24.03242, "o", "\u001b[?2004l\r\r\n" ]
[ 24.03267, "o", "\r\u001b[0m\u001b[27m\u001b[24m\u001b[J> \u001b[K\u001b[?2004h" ]
[ 24.08503, "o", "'" ]
[ 24.13767, "o", "\b'$" ]
[ 24.18993, "o", "c" ]
[ 24.24228, "o", "o" ]
[ 24.29468, "o", "u" ]
[ 24.34692, "o", "n" ]
[ 24.39911, "o", "t" ]
[ 24.45099, "o", "{" ]
[ 24.50369, "o", "$" ]
[ 24.55564, "o", "_" ]
[ 24.60790, "o", "}" ]
[ 24.65997, "o", "+" ]
[ 24.71201, "o", "+" ]
[ 24.76453, "o", " " ]
[ 24.81641, "o", "f" ]
[ 24.86881, "o", "o" ]
[ 24.92071, "o", "r" ]
[ 24.97350, "o", " " ]
[ 25.02547, "o", "/" ]
[ 25.07786, "o", "\\" ]
[ 25.12996, "o", "b" ]
[ 25.18262, "o", "(" ]
[ 25.23508, "o", "\\" ]
[ 25.28700, "o", "w" ]
[ 25.33948, "o", "+" ]
[ 25.39140, "o", ")" ]
[ 25.44372, "o", "\\" ]
[ 25.49571, "o", "b" ]
[ 25.54832, "o", "/" ]
[ 25.60036, "o", "g" ]
[ 25.65263, "o", ";" ]
[ 25.70475, "o", " " ]
[ 25.75688, "o", "E" ]
[ 25.80910, "o", "N" ]
[ 25.86244, "o", "D" ]
[ 25.91364, "o", " " ]
[ 25.96569, "o", "{" ]
[ 26.01812, "o", " " ]
[ 26.07021, "o", "p" ]
[ 26.12241, "o", "r" ]
[ 26.17471, "o", "i" ]
[ 26.22724, "o", "n" ]
[ 26.27946, "o", "t" ]
[ 26.33144, "o", " " ]
[ 26.38366, "o", "\"" ]
[ 26.43584, "o", "$" ]
[ 26.48883, "o", "_" ]
[ 26.54273, "o", " " ]
[ 26.59645, "o", "$" ]
[ 26.64945, "o", "c" ]
[ 26.70240, "o", "o" ]
[ 26.75513, "o", "u" ]
[ 26.80780, "o", "n" ]
[ 26.85994, "o", "t" ]
[ 26.91241, "o", "{" ]
[ 26.96524, "o", "$" ]
[ 27.01767, "o", "_" ]
[ 27.07002, "o", "}" ]
[ 27.12238, "o", "\"" ]
[ 27.17464, "o", " " ]
[ 27.22690, "o", "f" ]
[ 27.28003, "o", "o" ]
[ 27.33334, "o", "r" ]
[ 27.38652, "o", " " ]
[ 27.43915, "o", "k" ]
[ 27.49189, "o", "e" ]
[ 27.54447, "o", "y" ]
[ 27.59722, "o", "s" ]
[ 27.64993, "o", " " ]
[ 27.70327, "o", "%" ]
[ 27.75570, "o", "c" ]
[ 27.80925, "o", "o" ]
[ 27.86238, "o", "u" ]
[ 27.91543, "o", "n" ]
[ 27.96785, "o", "t" ]
[ 28.02015, "o", " " ]
[ 28.07276, "o", "}" ]
[ 28.12570, "o", "'" ]
[ 28.17846, "o", " " ]
[ 28.23089, "o", "\\" ]
[ 28.28374, "o", "\u001b[?2004l\r\r\n" ]
[ 28.28402, "o", "\r\u001b[0m\u001b[27m\u001b[24m\u001b[J> \u001b[K\u001b[?2004h" ]
[ 28.33700, "o", "." ]
[ 28.39054, "o", "\b./" ]
[ 28.44287, "o", "p" ]
[ 28.49629, "o", "e" ]
[ 28.54859, "o", "r" ]
[ 28.60160, "o", "l" ]
[ 28.65475, "o", "." ]
[ 28.70825, "o", "m" ]
[ 28.76077, "o", "d" ]
[ 28.81376, "o", " " ]
[ 28.86624, "o", "|" ]
[ 28.91903, "o", " " ]
[ 28.97188, "o", "h" ]
[ 29.02547, "o", "e" ]
[ 29.07780, "o", "a" ]
[ 29.12998, "o", "d" ]
[ 29.18224, "o", " " ]
[ 29.23512, "o", "-" ]
[ 29.28725, "o", "n" ]
