{"version":2,"width":100,"height":26,"timestamp":1693292676,"env":{"SHELL":"","TERM":"xterm"}}
[ 0.00000, "o", "" ]
[ 0.02593, "o", "\u001b[19491001\u001b[1;35m> \u001b[20210325\u001b[0m\u001b[K\u001b[?2004h" ]
[ 0.38363, "o", "#\b# " ]
[ 0.48782, "o", "执" ]
[ 0.64493, "o", "行" ]
[ 0.69748, "o", " " ]
[ 0.74960, "o", "r" ]
[ 0.80185, "o", "a" ]
[ 0.85410, "o", "k" ]
[ 0.90663, "o", "u" ]
[ 0.95894, "o", " " ]
[ 1.11592, "o", "代" ]
[ 1.27148, "o", "码" ]
[ 1.42863, "o", "文" ]
[ 1.58431, "o", "件" ]
[ 1.63649, "o", "\u001b[?2004l\r\r\n" ]
[ 1.63665, "o", "\u001b[1m\u001b[7m#\u001b[27m\u001b[1m\u001b[0m                                                                                                   \r \r\r\u001b[0m\u001b[27m\u001b[24m\u001b[J\r\n\u001b[19491001\u001b[1;35m> \u001b[20210325\u001b[0m\u001b[K\u001b[?2004h" ]
[ 3.14223, "o", "x" ]
[ 3.19538, "o", "\bx " ]
[ 3.24832, "o", "c" ]
[ 3.30060, "o", "a" ]
[ 3.35285, "o", "t" ]
[ 3.40557, "o", " " ]
[ 3.45871, "o", "h" ]
[ 3.51110, "o", "e" ]
[ 3.56340, "o", "l" ]
[ 3.61588, "o", "l" ]
[ 3.66836, "o", "o" ]
[ 3.72110, "o", "." ]
[ 3.77382, "o", "r" ]
[ 3.82644, "o", "a" ]
[ 3.87933, "o", "k" ]
[ 3.93173, "o", "u" ]
[ 6.98653, "o", "\u001b[?2004l\r\r\n" ]
[ 7.35806, "o", "\r\u001b[38;5;238m───────┬────────────────────────────────────────────────────────────────────────────────────────────\u001b[0m\u001b[m\r\n       \u001b[38;5;238m│ \u001b[0mFile: \u001b[1mhello.raku\u001b[0m\u001b[m\r\n\u001b[38;5;238m───────┼────────────────────────────────────────────────────────────────────────────────────────────\u001b[0m\u001b[m\r\n\u001b[38;5;238m   1\u001b[0m   \u001b[38;5;238m│\u001b[0m \u001b[38;5;231msay 'hello world';\u001b[0m\u001b[m\r\n\u001b[38;5;238m───────┴───────────────────────────────────────────────────────────────────────" ]
[ 7.35826, "o", "─" ]
[ 7.35839, "o", "────────────────────\u001b[0m\u001b[m\r\n\r\u001b[K" ]
[ 7.36506, "o", "\u001b[1m\u001b[7m#\u001b[27m\u001b[1m\u001b[0m                                                                                                   \r \r\r\u001b[0m\u001b[27m\u001b[24m\u001b[J\r\n\u001b[19491001\u001b[1;35m> \u001b[20210325\u001b[0m\u001b[K\u001b[?2004h" ]
[ 7.98892, "o", "x" ]
[ 8.04116, "o", "\bx " ]
[ 8.09307, "o", "r" ]
[ 8.14503, "o", "a" ]
[ 8.19696, "o", "k" ]
[ 8.24901, "o", "u" ]
[ 8.30055, "o", " " ]
[ 8.35253, "o", "h" ]
[ 8.40468, "o", "e" ]
[ 8.45678, "o", "l" ]
[ 8.50904, "o", "l" ]
[ 8.56105, "o", "o" ]
[ 8.61299, "o", "." ]
[ 8.66488, "o", "r" ]
[ 8.71728, "o", "a" ]
[ 8.76944, "o", "k" ]
[ 8.82211, "o", "u" ]
[ 11.87758, "o", "\u001b[?2004l\r\r\n" ]
[ 12.16213, "o", "hello world\r\n" ]
[ 12.16664, "o", "\u001b[1m\u001b[7m#\u001b[27m\u001b[1m\u001b[0m                                                                                                   \r \r\r\u001b[0m\u001b[27m\u001b[24m\u001b[J\r\n\u001b[19491001\u001b[1;35m> \u001b[20210325\u001b[0m\u001b[K\u001b[?2004h" ]
[ 13.88080, "o", "#\b# " ]
[ 13.98507, "o", "执" ]
[ 14.14229, "o", "行" ]
[ 14.29869, "o", "简" ]
[ 14.45402, "o", "单" ]
[ 14.61053, "o", "的" ]
[ 14.66265, "o", " " ]
[ 14.71486, "o", "r" ]
[ 14.76708, "o", "a" ]
[ 14.81920, "o", "k" ]
[ 14.87147, "o", "u" ]
[ 14.92362, "o", " " ]
[ 15.08115, "o", "代" ]
[ 15.23790, "o", "码" ]
[ 15.29089, "o", "\u001b[?2004l\r\r\n" ]
[ 15.29110, "o", "\u001b[1m\u001b[7m#\u001b[27m\u001b[1m\u001b[0m                                                                                                   \r \r\r\u001b[0m\u001b[27m\u001b[24m\u001b[J\r\n\u001b[19491001\u001b[1;35m> \u001b[20210325\u001b[0m\u001b[K\u001b[?2004h" ]
[ 16.79609, "o", "x" ]
[ 16.84830, "o", "\bx " ]
[ 16.90024, "o", "r" ]
[ 16.95233, "o", "a" ]
[ 17.00456, "o", "k" ]
[ 17.05652, "o", "u" ]
[ 17.10902, "o", " " ]
[ 17.16140, "o", "-" ]
[ 17.21412, "o", "e" ]
[ 17.26597, "o", " " ]
[ 17.31836, "o", "'" ]
[ 17.37088, "o", "m" ]
[ 17.42336, "o", "y" ]
[ 17.47562, "o", " " ]
[ 17.52733, "o", "@" ]
[ 17.57948, "o", "a" ]
[ 17.63186, "o", " " ]
[ 17.68411, "o", "=" ]
[ 17.73615, "o", " " ]
[ 17.78892, "o", "(" ]
[ 17.84131, "o", "1" ]
[ 17.89366, "o", "," ]
[ 17.94636, "o", " " ]
[ 17.99897, "o", "2" ]
[ 18.05204, "o", "," ]
[ 18.10482, "o", " " ]
[ 18.15739, "o", "3" ]
[ 18.21022, "o", ")" ]
[ 18.26261, "o", ";" ]
[ 18.31485, "o", " " ]
[ 18.36690, "o", "f" ]
[ 18.41925, "o", "o" ]
[ 18.47122, "o", "r" ]
[ 18.52348, "o", " " ]
[ 18.57528, "o", "@" ]
[ 18.62764, "o", "a" ]
[ 18.67956, "o", " " ]
[ 18.73126, "o", "-" ]
[ 18.78327, "o", ">" ]
[ 18.83548, "o", " " ]
[ 18.88746, "o", "$" ]
[ 18.93994, "o", "i" ]
[ 18.99299, "o", " " ]
[ 19.04613, "o", "{" ]
[ 19.09882, "o", " " ]
[ 19.15197, "o", "s" ]
[ 19.20464, "o", "a" ]
[ 19.25791, "o", "y" ]
[ 19.30991, "o", " " ]
[ 19.36219, "o", "$" ]
[ 19.41429, "o", "i" ]
[ 19.46635, "o", " " ]
[ 19.51818, "o", "}" ]
[ 19.57059, "o", "'" ]
[ 23.62506, "o", "\u001b[?2004l\r\r\n" ]
[ 23.85222, "o", "1\r\n2\r\n" ]
[ 23.85239, "o", "3\r\n" ]
[ 23.85681, "o", "\u001b[1m\u001b[7m#\u001b[27m\u001b[1m\u001b[0m                                                                                                   \r \r\r\u001b[0m\u001b[27m\u001b[24m\u001b[J\r\n\u001b[19491001\u001b[1;35m> \u001b[20210325\u001b[0m\u001b[K\u001b[?2004h" ]
[ 25.62740, "o", "#\b# " ]
[ 25.73155, "o", "获" ]
[ 25.88677, "o", "取" ]
[ 26.04331, "o", "命" ]
[ 26.19879, "o", "令" ]
[ 26.35467, "o", "行" ]
[ 26.51057, "o", "参" ]
[ 26.66639, "o", "数" ]
[ 26.71828, "o", "\u001b[?2004l\r\r\n\u001b[1m\u001b[7m#\u001b[27m\u001b[1m\u001b[0m                                                                                                   \r \r\r\u001b[0m\u001b[27m\u001b[24m\u001b[J\r\n\u001b[19491001\u001b[1;35m> \u001b[20210325\u001b[0m" ]
[ 26.71849, "o", "\u001b[K\u001b[?2004h" ]
[ 28.22241, "o", "x" ]
[ 28.27417, "o", "\bx " ]
[ 28.32638, "o", "c" ]
[ 28.37813, "o", "a" ]
[ 28.43031, "o", "t" ]
[ 28.48254, "o", " " ]
[ 28.53420, "o", "a" ]
[ 28.58599, "o", "r" ]
[ 28.63833, "o", "g" ]
[ 28.69068, "o", "s" ]
[ 28.74282, "o", "." ]
[ 28.79513, "o", "r" ]
[ 28.84737, "o", "a" ]
[ 28.89963, "o", "k" ]
[ 28.95132, "o", "u" ]
[ 32.00539, "o", "\u001b[?2004l\r\r\n" ]
[ 32.07193, "o", "\r\u001b[38;5;238m───────┬────────────────────────────────────────────────────────────────────────────────────────────\u001b[0m\u001b[m\r\n       \u001b[38;5;238m│ \u001b[0mFile: \u001b[1margs.raku\u001b[0m\u001b[m\r\n\u001b[38;5;238m───────┼────────────────────────────────────────────────────────────────────────────────────────────\u001b[0m\u001b[m\r\n\u001b[38;5;238m   1\u001b[0m   \u001b[38;5;238m│\u001b[0m \u001b[38;5;231msub MAIN($name = 'raku') {\u001b[0m\u001b[m\r\n\u001b[38;5;238m   2\u001b[0m   \u001b[38;5;238m│\u001b[0m \u001b[38;5;231m    say \"Hello $name, how are you?\"\u001b[0m\u001b[m\r\n\u001b[38;5;238m   3\u001b[0m   \u001b[38;5;238m│\u001b[0m \u001b[38;5;231m}\u001b[0m\u001b[m\r\n\u001b[38;5;238m───────┴────────────────" ]
[ 32.07213, "o", "──" ]
[ 32.07235, "o", "──────────────────────────────────────────────────────────────────────────\u001b[0m\u001b[m\r\n\r\u001b[K" ]
[ 32.08017, "o", "\u001b[1m\u001b[7m#\u001b[27m\u001b[1m\u001b[0m                                                                                                   \r \r\r\u001b[0m\u001b[27m\u001b[24m\u001b[J\r\n\u001b[19491001\u001b[1;35m> \u001b[20210325\u001b[0m\u001b[K" ]
[ 32.08038, "o", "\u001b[?2004h" ]
[ 33.00761, "o", "x" ]
[ 33.06032, "o", "\bx " ]
[ 33.11228, "o", "r" ]
[ 33.16412, "o", "a" ]
[ 33.21606, "o", "k" ]
[ 33.26840, "o", "u" ]
[ 33.32115, "o", " " ]
[ 33.37378, "o", "a" ]
[ 33.42594, "o", "r" ]
[ 33.47782, "o", "g" ]
[ 33.53026, "o", "s" ]
[ 33.58208, "o", "." ]
[ 33.63409, "o", "r" ]
[ 33.68618, "o", "a" ]
[ 33.73963, "o", "k" ]
[ 33.79200, "o", "u" ]
[ 36.84551, "o", "\u001b[?2004l\r\r\n" ]
[ 37.07579, "o", "Hello raku, how are you?\r\n" ]
