{"version":2,"width":100,"height":26,"timestamp":1693273700,"env":{"SHELL":"","TERM":"xterm"}}
[ 0.00000, "o", "" ]
[ 0.02160, "o", "\u001b[19491001\u001b[1;35m> \u001b[20210325\u001b[0m\u001b[K\u001b[?2004h" ]
[ 0.39025, "o", "#\b# " ]
[ 0.49408, "o", "在" ]
[ 0.64933, "o", "当" ]
[ 0.80488, "o", "前" ]
[ 0.96043, "o", "目" ]
[ 1.11520, "o", "录" ]
[ 1.27033, "o", "下" ]
[ 1.42527, "o", "查" ]
[ 1.58028, "o", "找" ]
[ 1.73571, "o", "包" ]
[ 1.89067, "o", "含" ]
[ 1.94280, "o", " " ]
[ 1.99464, "o", "i" ]
[ 2.04640, "o", "m" ]
[ 2.09870, "o", "a" ]
[ 2.15059, "o", "g" ]
[ 2.20240, "o", "e" ]
[ 2.25409, "o", "t" ]
[ 2.30619, "o", "e" ]
[ 2.35815, "o", "x" ]
[ 2.40998, "o", "t" ]
[ 2.46245, "o", " " ]
[ 2.61786, "o", "的" ]
[ 2.77341, "o", "所" ]
[ 2.92884, "o", "有" ]
[ 3.08426, "o", "条" ]
[ 3.23897, "o", "目" ]
[ 3.29101, "o", "\u001b[?2004l\r\r\n\u001b[1m\u001b[7m#\u001b[27m\u001b[1m\u001b[0m                                                                                                   \r \r" ]
[ 3.29120, "o", "\r\u001b[0m\u001b[27m\u001b[24m\u001b[J\r\n\u001b[19491001\u001b[1;35m> \u001b[20210325\u001b[0m\u001b[K\u001b[?2004h" ]
[ 4.79456, "o", "x" ]
[ 4.84660, "o", "\bx " ]
[ 4.89811, "o", "r" ]
[ 4.95002, "o", "g" ]
[ 5.00174, "o", " " ]
[ 5.05401, "o", "i" ]
[ 5.10566, "o", "m" ]
[ 5.15723, "o", "a" ]
[ 5.20914, "o", "g" ]
[ 5.26073, "o", "e" ]
[ 5.31292, "o", "t" ]
[ 5.36443, "o", "e" ]
[ 5.41653, "o", "x" ]
[ 5.46832, "o", "t" ]
[ 8.52219, "o", "\u001b[?2004l\r\r\n" ]
[ 8.73442, "o", "\u001b[0m\u001b[35mmod/slack/lib/bot\u001b[0m\r\n\u001b[0m\u001b[32m38\u001b[0m:        \u001b[0m\u001b[1m\u001b[31mimagetext\u001b[0m        \"send \u001b[0m\u001b[1m\u001b[31mimagetext\u001b[0m\"      \r\n\u001b[0m\u001b[32m137\u001b[0m:___x_cmd_slack_bot_send_\u001b[0m\u001b[1m\u001b[31mimagetext\u001b[0m() {\r\n" ]
[ 8.73996, "o", "\r\n\u001b[0m\u001b[35madv/slack/advise.jso\u001b[0m\r\n\u001b[0m\u001b[32m873\u001b[0m:\"\u001b[0m\u001b[1m\u001b[31mimagetext\u001b[0m\"\r\n\u001b[0m\u001b[32m886\u001b[0m:\"send \u001b[0m\u001b[1m\u001b[31mimagetext\u001b[0m\"\r\n\u001b[0m\u001b[32m1918\u001b[0m:\"\u001b[0m\u001b[1m\u001b[31mimagetext\u001b[0m\"\r\n\u001b[0m\u001b[32m1931\u001b[0m:\"send \u001b[0m\u001b[1m\u001b[31mimagetext\u001b[0m\"\r\n" ]
[ 8.74379, "o", "\u001b[1m\u001b[7m#\u001b[27m\u001b[1m\u001b[0m                                                                                                   \r \r\r\u001b[0m\u001b[27m\u001b[24m\u001b[J\r\n\u001b[19491001\u001b[1;35m> \u001b[20210325\u001b[0m\u001b[K\u001b[?2004h" ]
[ 10.52425, "o", "#\b# " ]
[ 10.62801, "o", "搜" ]
[ 10.78312, "o", "索" ]
[ 10.83541, "o", " " ]
[ 10.88725, "o", "a" ]
[ 10.93896, "o", "w" ]
[ 10.99072, "o", "k" ]
[ 11.04231, "o", " " ]
[ 11.19746, "o", "类" ]
[ 11.35291, "o", "型" ]
[ 11.50821, "o", "文" ]
[ 11.66427, "o", "件" ]
[ 11.81929, "o", "中" ]
[ 11.97460, "o", "包" ]
[ 12.13016, "o", "含" ]
[ 12.18242, "o", " " ]
[ 12.23402, "o", "x" ]
[ 12.28587, "o", "_" ]
[ 12.33791, "o", "c" ]
[ 12.39012, "o", "m" ]
[ 12.44174, "o", "d" ]
[ 12.49424, "o", " " ]
[ 12.65045, "o", "的" ]
[ 12.80536, "o", "所" ]
[ 12.96141, "o", "有" ]
[ 13.11755, "o", "条" ]
[ 13.27229, "o", "目" ]
[ 13.32445, "o", "\u001b[?2004l\r\r\n" ]
[ 13.32476, "o", "\u001b[1m\u001b[7m#\u001b[27m\u001b[1m\u001b[0m                                                                                                   \r \r\r\u001b[0m\u001b[27m\u001b[24m\u001b[J\r\n\u001b[19491001\u001b[1;35m> \u001b[20210325\u001b[0m\u001b[K\u001b[?2004h" ]
[ 14.82929, "o", "x" ]
[ 14.88194, "o", "\bx " ]
[ 14.93345, "o", "r" ]
[ 14.98528, "o", "g" ]
[ 15.03713, "o", " " ]
[ 15.08913, "o", "x" ]
[ 15.14089, "o", "_" ]
[ 15.19269, "o", "c" ]
[ 15.24456, "o", "m" ]
[ 15.29634, "o", "d" ]
[ 15.34839, "o", " " ]
[ 15.40015, "o", "-" ]
[ 15.45225, "o", "t" ]
[ 15.50388, "o", " " ]
[ 15.55559, "o", "a" ]
[ 15.60767, "o", "w" ]
[ 15.65951, "o", "k" ]
[ 18.71285, "o", "\u001b[?2004l\r\r\n" ]
[ 18.71943, "o", "\u001b[0m\u001b[35mmod/tldr/lib/awk/app.awk\u001b[0m\r\n\u001b[0m\u001b[32m67\u001b[0m:            tapp_send_finalcmd( \"___\u001b[0m\u001b[1m\u001b[31mx_cmd\u001b[0m_tldr_cat \" comp_navi_get_cur_rootkp(o, TLDR_KP) )\r\n" ]
[ 18.71999, "o", "\r\n\u001b[0m\u001b[35mmod/awk/lib/cmd.awk\u001b[0m\r\n\u001b[0m\u001b[32m22\u001b[0m:    return cmd(\"___\u001b[0m\u001b[1m\u001b[31mx_cmd\u001b[0m_awk_cmd_wrapouterr(){\" c \" }; x outerr ___\u001b[0m\u001b[1m\u001b[31mx_cmd\u001b[0m_awk_cmd_wrapouterr\")\r\n" ]
[ 18.72476, "o", "\r\n\u001b[0m\u001b[35mmod/param/lib/awk/main.awk\u001b[0m\r\n\u001b[0m\u001b[32m4\u001b[0m:    print \"___\u001b[0m\u001b[1m\u001b[31mx_cmd\u001b[0m_param_int _\u001b[0m\u001b[1m\u001b[31mx_cmd\u001b[0m_help \" _str \";\"\r\n" ]
[ 18.72505, "o", "\r\n\u001b[0m\u001b[35mmod/param/lib/awk/advise.awk\u001b[0m\r\n\u001b[0m\u001b[32m51\u001b[0m:        subcmd_invocation = sprintf(\"\\\\$( B=\\\"\\\\$( PARAM_SUBCMD_DEF=''; %s X_CMD_ADVISE_FUNC_NAME=%s %s _\u001b[0m\u001b[1m\u001b[31mx_cmd\u001b[0m_advise_json %s)\\\"; if [ -n \\\"\\\\$B\\\" ]; then printf \\\"%%s\\\" \\\"\\\\$B\\\"; else return 1; fi; )\", subcmd_true, subcmd_funcname, subcmd_funcname, qu1( subcmd_desc(i) ) )\r\n" ]
[ 18.73102, "o", "\u001b[1m\u001b[7m#\u001b[27m\u001b[1m\u001b[0m                                                                                                   \r \r\r\u001b[0m\u001b[27m\u001b[24m\u001b[J\r\n\u001b[19491001\u001b[1;35m> \u001b[20210325\u001b[0m\u001b[K\u001b[?2004h" ]
[ 20.71459, "o", "#\b# " ]
[ 20.81800, "o", "搜" ]
[ 20.97363, "o", "索" ]
[ 21.13003, "o", "符" ]
[ 21.28539, "o", "合" ]
[ 21.44027, "o", "正" ]
[ 21.59629, "o", "则" ]
[ 21.75205, "o", "表" ]
[ 21.90708, "o", "达" ]
[ 22.06221, "o", "式" ]
[ 22.11485, "o", " " ]
[ 22.16655, "o", "'" ]
[ 22.21844, "o", "^" ]
[ 22.27004, "o", "[" ]
[ 22.32184, "o", "A" ]
[ 22.37384, "o", "-" ]
[ 22.42621, "o", "Z" ]
[ 22.47805, "o", "]" ]
[ 22.53039, "o", "'" ]
[ 22.58219, "o", " " ]
[ 22.73786, "o", "的" ]
[ 22.78970, "o", " " ]
[ 22.84165, "o", "a" ]
[ 22.89395, "o", "w" ]
[ 22.94563, "o", "k" ]
[ 22.99800, "o", " " ]
[ 23.15285, "o", "类" ]
[ 23.30825, "o", "型" ]
[ 23.46358, "o", "文" ]
[ 23.61864, "o", "件" ]
[ 23.77342, "o", "的" ]
[ 23.92869, "o", "所" ]
[ 24.08433, "o", "有" ]
[ 24.24099, "o", "条" ]
[ 24.39695, "o", "目" ]
[ 24.44929, "o", "\u001b[?2004l\r\r\n" ]
[ 24.44944, "o", "\u001b[1m\u001b[7m#\u001b[27m\u001b[1m\u001b[0m                                                                                                   \r \r\r\u001b[0m\u001b[27m\u001b[24m\u001b[J\r\n\u001b[19491001\u001b[1;35m> \u001b[20210325\u001b[0m\u001b[K\u001b[?2004h" ]
[ 25.95304, "o", "x" ]
[ 26.00521, "o", "\bx " ]
[ 26.05708, "o", "r" ]
[ 26.10903, "o", "g" ]
[ 26.16077, "o", " " ]
[ 26.21279, "o", "'" ]
[ 26.26460, "o", "^" ]
[ 26.31658, "o", "[" ]
[ 26.36829, "o", "A" ]
[ 26.41994, "o", "-" ]
[ 26.47240, "o", "Z" ]
[ 26.52430, "o", "]" ]
[ 26.57620, "o", "'" ]
[ 26.62782, "o", " " ]
[ 26.67997, "o", "-" ]
[ 26.73170, "o", "t" ]
[ 26.78418, "o", "a" ]
[ 26.83591, "o", "w" ]
[ 26.88842, "o", "k" ]
[ 26.94034, "o", " " ]
[ 26.99193, "o", "m" ]
[ 27.04376, "o", "o" ]
[ 27.09542, "o", "d" ]
[ 27.14722, "o", "/" ]
[ 27.19886, "o", "g" ]
[ 27.25108, "o", "l" ]
[ 30.30481, "o", "\u001b[?2004l\r\r\n" ]
[ 30.31006, "o", "\u001b[0m\u001b[35mmod/gl/lib/repo/apply/apply.awk\u001b[0m\r\n\u001b[0m\u001b[32m2\u001b[0m:\u001b[0m\u001b[1m\u001b[31mN\u001b[0mR==1{  parse_replace_info($0); }\r\n\u001b[0m\u001b[32m7\u001b[0m:\u001b[0m\u001b[1m\u001b[31mN\u001b[0mR==2{\r\n\u001b[0m\u001b[32m20\u001b[0m:\u001b[0m\u001b[1m\u001b[31mN\u001b[0mR==3{\r\n\u001b[0m\u001b[32m32\u001b[0m:\u001b[0m\u001b[1m\u001b[31mN\u001b[0mR==4{\r\n\u001b[0m\u001b[32m47\u001b[0m:\u001b[0m\u001b[1m\u001b[31mE\u001b[0mND{\r\n" ]
[ 30.31035, "o", "\r\n\u001b[0m\u001b[35mmod/gl/lib/awk/project.awk\u001b[0m\r\n\u001b[0m\u001b[32m2\u001b[0m:\u001b[0m\u001b[1m\u001b[31mB\u001b[0mEGIN{\r\n" ]
