{"version":2,"width":100,"height":26,"timestamp":1693273749,"env":{"SHELL":"","TERM":"xterm"}}
[ 0.00000, "o", "" ]
[ 0.02136, "o", "\u001b[19491001\u001b[1;35m> \u001b[20210325\u001b[0m" ]
[ 0.02143, "o", "\u001b[K\u001b[?2004h" ]
[ 0.39246, "o", "#" ]
[ 0.39260, "o", "\b# " ]
[ 0.49700, "o", "从" ]
[ 0.54966, "o", " " ]
[ 0.60183, "o", "s" ]
[ 0.65377, "o", "t" ]
[ 0.70603, "o", "d" ]
[ 0.75806, "o", "i" ]
[ 0.80966, "o", "n" ]
[ 0.86169, "o", " " ]
[ 1.01722, "o", "中" ]
[ 1.17220, "o", "获" ]
[ 1.32715, "o", "取" ]
[ 1.48218, "o", "数" ]
[ 1.63673, "o", "据" ]
[ 1.79236, "o", "并" ]
[ 1.94749, "o", "将" ]
[ 2.10236, "o", "其" ]
[ 2.25762, "o", "中" ]
[ 2.41270, "o", "的" ]
[ 2.56845, "o", "逗" ]
[ 2.72387, "o", "号" ]
[ 2.87883, "o", "替" ]
[ 3.03359, "o", "换" ]
[ 3.18864, "o", "为" ]
[ 3.34394, "o", "换" ]
[ 3.49941, "o", "行" ]
[ 3.65470, "o", "符" ]
[ 3.70653, "o", "\u001b[?2004l\r\r\n\u001b[1m\u001b[7m#\u001b[27m\u001b[1m\u001b[0m                                                                                                   \r \r\r\u001b[0m\u001b[27m\u001b[24m\u001b[J\r\n\u001b[19491001\u001b[1;35m> \u001b[20210325\u001b[0m\u001b[K\u001b[?2004h" ]
[ 5.21007, "o", "e" ]
[ 5.26208, "o", "\bec" ]
[ 5.31362, "o", "h" ]
[ 5.36608, "o", "o" ]
[ 5.41792, "o", " " ]
[ 5.47048, "o", "'" ]
[ 5.52239, "o", "b" ]
[ 5.57463, "o", "e" ]
[ 5.62660, "o", "f" ]
[ 5.67863, "o", "o" ]
[ 5.73049, "o", "r" ]
[ 5.78266, "o", "e" ]
[ 5.83484, "o", "," ]
[ 5.88685, "o", " " ]
[ 5.93899, "o", "a" ]
[ 5.99095, "o", "f" ]
[ 6.04289, "o", "t" ]
[ 6.09506, "o", "e" ]
[ 6.14693, "o", "r" ]
[ 6.19890, "o", "'" ]
[ 6.25051, "o", " " ]
[ 6.30242, "o", "|" ]
[ 6.35418, "o", " " ]
[ 6.40648, "o", "x" ]
[ 6.45814, "o", " " ]
[ 6.51044, "o", "s" ]
[ 6.56222, "o", "d" ]
[ 6.61391, "o", " " ]
[ 6.66616, "o", "'" ]
[ 6.71777, "o", "," ]
[ 6.76960, "o", "'" ]
[ 6.82161, "o", " " ]
[ 6.87347, "o", "'" ]
[ 6.92526, "o", "\\" ]
[ 6.97708, "o", "n" ]
[ 7.02886, "o", "'" ]
[ 10.08250, "o", "\u001b[?2004l\r\r\n" ]
[ 10.28700, "o", "before\r\n after\r\n" ]
[ 10.28737, "o", "\u001b[1m\u001b[7m#\u001b[27m\u001b[1m\u001b[0m                                                                                                   \r \r\r\u001b[0m\u001b[27m\u001b[24m\u001b[J" ]
[ 10.28748, "o", "\r\n\u001b[19491001\u001b[1;35m> \u001b[20210325\u001b[0m" ]
[ 10.28767, "o", "\u001b[K\u001b[?2004h" ]
[ 13.08433, "o", "#" ]
[ 13.08448, "o", "\b# " ]
[ 13.18799, "o", "从" ]
[ 13.34300, "o", "包" ]
[ 13.49825, "o", "含" ]
[ 13.65372, "o", "斜" ]
[ 13.80838, "o", "杠" ]
[ 13.96433, "o", "的" ]
[ 14.11974, "o", "字" ]
[ 14.27469, "o", "符" ]
[ 14.43033, "o", "串" ]
[ 14.58595, "o", "中" ]
[ 14.74153, "o", "提" ]
[ 14.89727, "o", "取" ]
[ 15.05308, "o", "内" ]
[ 15.20819, "o", "容" ]
[ 15.25982, "o", "\u001b[?2004l\r\r\n\u001b[1m\u001b[7m#\u001b[27m\u001b[1m\u001b[0m                                                                                                   \r \r\r\u001b[0m\u001b[27m\u001b[24m\u001b[J\r\n\u001b[19491001\u001b[1;35m> \u001b[20210325\u001b[0m" ]
[ 15.25994, "o", "\u001b[K\u001b[?2004h" ]
[ 17.76367, "o", "e" ]
[ 17.81565, "o", "\bec" ]
[ 17.86742, "o", "h" ]
[ 17.91954, "o", "o" ]
[ 17.97171, "o", " " ]
[ 18.02369, "o", "\"" ]
[ 18.07579, "o", "s" ]
[ 18.12760, "o", "a" ]
[ 18.17928, "o", "m" ]
[ 18.23114, "o", "p" ]
[ 18.28275, "o", "l" ]
[ 18.33503, "o", "e" ]
[ 18.38686, "o", " " ]
[ 18.43933, "o", "w" ]
[ 18.49102, "o", "i" ]
[ 18.54280, "o", "t" ]
[ 18.59446, "o", "h" ]
[ 18.64618, "o", " " ]
[ 18.69821, "o", "/" ]
[ 18.75003, "o", "p" ]
[ 18.80193, "o", "a" ]
[ 18.85396, "o", "t" ]
[ 18.90608, "o", "h" ]
[ 18.95823, "o", "/" ]
[ 19.01033, "o", "\"" ]
[ 19.06235, "o", " " ]
[ 19.11393, "o", "|" ]
[ 19.16605, "o", " " ]
[ 19.21777, "o", "x" ]
[ 19.27049, "o", " " ]
[ 19.32221, "o", "s" ]
[ 19.37428, "o", "d" ]
[ 19.42604, "o", " " ]
[ 19.47791, "o", "'" ]
[ 19.53052, "o", "." ]
[ 19.58265, "o", "*" ]
[ 19.63491, "o", "(" ]
[ 19.68667, "o", "/" ]
[ 19.73858, "o", "." ]
[ 19.79045, "o", "*" ]
[ 19.84203, "o", "/" ]
[ 19.89403, "o", ")" ]
[ 19.94563, "o", "'" ]
[ 19.99764, "o", " " ]
[ 20.04918, "o", "'" ]
[ 20.10100, "o", "$" ]
[ 20.15294, "o", "1" ]
[ 20.20484, "o", "'" ]
[ 23.25870, "o", "\u001b[?2004l\r\r\n" ]
[ 23.26077, "o", "/path/\r\n" ]
[ 23.26121, "o", "\u001b[1m\u001b[7m#\u001b[27m\u001b[1m\u001b[0m                                                                                                   \r \r\r\u001b[0m\u001b[27m\u001b[24m\u001b[J\r\n\u001b[19491001\u001b[1;35m> \u001b[20210325\u001b[0m\u001b[K\u001b[?2004h" ]
[ 25.26091, "o", "#\b# " ]
[ 25.36448, "o", "将" ]
[ 25.52026, "o", "字" ]
[ 25.67504, "o", "符" ]
[ 25.82985, "o", "串" ]
[ 25.98580, "o", "中" ]
[ 26.14083, "o", "的" ]
[ 26.29654, "o", "数" ]
[ 26.45174, "o", "字" ]
[ 26.60673, "o", "用" ]
[ 26.76162, "o", "括" ]
[ 26.91697, "o", "号" ]
[ 27.07666, "o", "括" ]
[ 27.22769, "o", "起" ]
[ 27.38282, "o", "来" ]
[ 27.43464, "o", "\u001b[?2004l\r\r\n\u001b[1m\u001b[7m#\u001b[27m\u001b[1m\u001b[0m                                                                                                   \r \r\r\u001b[0m\u001b[27m\u001b[24m\u001b[J\r\n\u001b[19491001\u001b[1;35m> \u001b[20210325\u001b[0m\u001b[K\u001b[?2004h" ]
[ 28.93797, "o", "e" ]
[ 28.98980, "o", "\bec" ]
[ 29.04174, "o", "h" ]
[ 29.09366, "o", "o" ]
[ 29.14889, "o", " " ]
[ 29.20123, "o", "'" ]
[ 29.25300, "o", "f" ]
[ 29.30522, "o", "(" ]
[ 29.35709, "o", "x" ]
[ 29.40871, "o", ")" ]
[ 29.46074, "o", " " ]
[ 29.51254, "o", "=" ]
[ 29.56427, "o", " " ]
[ 29.61592, "o", "4" ]
[ 29.66813, "o", "x" ]
[ 29.71982, "o", " " ]
[ 29.77187, "o", "+" ]
[ 29.82393, "o", " " ]
[ 29.87560, "o", "1" ]
[ 29.92763, "o", "2" ]
[ 29.97924, "o", "'" ]
[ 30.03167, "o", " " ]
[ 30.08333, "o", "|" ]
[ 30.13568, "o", " " ]
[ 30.18732, "o", "x" ]
[ 30.23908, "o", " " ]
[ 30.29095, "o", "s" ]
[ 30.34251, "o", "d" ]
[ 30.39457, "o", " " ]
[ 30.44605, "o", "'" ]
[ 30.49804, "o", "(" ]
[ 30.55001, "o", "\\" ]
[ 30.60209, "o", "d" ]
[ 30.65390, "o", "+" ]
[ 30.70542, "o", ")" ]
[ 30.75814, "o", "'" ]
[ 30.80989, "o", " " ]
[ 30.86174, "o", "'" ]
[ 30.91359, "o", "(" ]
[ 30.96549, "o", "$" ]
[ 31.01763, "o", "1" ]
[ 31.06943, "o", ")" ]
[ 31.12130, "o", "'" ]
[ 34.17462, "o", "\u001b[?2004l\r\r\n" ]
[ 34.17704, "o", "f(x) = (4)x + (12)\r\n" ]
[ 34.17744, "o", "\u001b[1m\u001b[7m#\u001b[27m\u001b[1m\u001b[0m                                                                                                   \r \r\r\u001b[0m\u001b[27m\u001b[24m\u001b[J\r\n\u001b[19491001\u001b[1;35m> \u001b[20210325\u001b[0m\u001b[K\u001b[?2004h" ]
[ 36.17701, "o", "x" ]
[ 36.22969, "o", "\bx " ]
[ 36.28263, "o", "c" ]
[ 36.33520, "o", "a" ]
[ 36.38792, "o", "t" ]
[ 36.44017, "o", " " ]
[ 36.49270, "o", "e" ]
[ 36.54540, "o", "x" ]
[ 36.59771, "o", "a" ]
[ 36.65003, "o", "m" ]
[ 36.70252, "o", "p" ]
[ 36.75501, "o", "l" ]
[ 36.80730, "o", "e" ]
[ 36.85965, "o", "." ]
[ 36.91175, "o", "p" ]
[ 36.96386, "o", "y" ]
[ 40.01848, "o", "\u001b[?2004l\r\r\n" ]
[ 40.31299, "o", "\r\u001b[38;5;238m───────┬────────────────────────────────────────────────────────────────────────────────────────────\u001b[0m\u001b[m\r\n       \u001b[38;5;238m│ \u001b[0mFile: \u001b[1mexample.py\u001b[0m\u001b[m\r\n\u001b[38;5;238m───────┼────────────────────────────────────────────────────────────────────────────────────────────\u001b[0m\u001b[m\r\n\u001b[38;5;238m   1\u001b[0m   \u001b[38;5;238m│\u001b[0m \u001b[38;5;203mdef\u001b[0m\u001b[38;5;231m \u001b[0m\u001b[38;5;149mexample\u001b[0m\u001b[38;5;231m(\u001b[0m\u001b[38;5;208mn\u001b[0m\u001b[38;5;231m)\u001b[0m\u001b[38;5;231m:\u001b[0m\u001b[m\r\n\u001b[38;5;238m   2\u001b[0m   \u001b[38;5;238m│\u001b[0m \u001b[38;5;231m    \u001b[0m\u001b[38;5;203mfor\u001b[0m\u001b[38;5;231m \u001b[0m\u001b[38;5;231mtemp\u001b[0m\u001b[38;5;231m \u001b[0m\u001b[38;5;203min\u001b[0m\u001b[38;5;231m \u001b[0m" ]
