{"version":2,"width":100,"height":26,"timestamp":1693294274,"env":{"SHELL":"","TERM":"xterm"}}
[ 0.00000, "o", "" ]
[ 0.00577, "o", "\u001b[19491001\u001b[1;35m> \u001b[20210325\u001b[0m" ]
[ 0.39799, "o", "# " ]
[ 0.50147, "o", "设" ]
[ 0.65678, "o", "置" ]
[ 0.81308, "o", "键" ]
[ 0.96838, "o", "值" ]
[ 1.12425, "o", "对" ]
[ 1.17688, "o", "\r\n\u001b[?2004l\r" ]
[ 1.17717, "o", "\u001b[?2004h\r\n\u001b[19491001\u001b[1;35m> \u001b[20210325\u001b[0m" ]
[ 2.68301, "o", "x" ]
[ 2.73484, "o", " " ]
[ 2.78704, "o", "s" ]
[ 2.83874, "o", "k" ]
[ 2.89134, "o", "a" ]
[ 2.94330, "o", "t" ]
[ 2.99520, "o", "e" ]
[ 3.04701, "o", " " ]
[ 3.09910, "o", "s" ]
[ 3.15104, "o", "e" ]
[ 3.20299, "o", "t" ]
[ 3.25487, "o", " " ]
[ 3.30708, "o", "p" ]
[ 3.35938, "o", "a" ]
[ 3.41125, "o", "s" ]
[ 3.46315, "o", "s" ]
[ 3.51541, "o", "w" ]
[ 3.56765, "o", "o" ]
[ 3.61973, "o", "r" ]
[ 3.67154, "o", "d" ]
[ 3.72390, "o", " " ]
[ 3.77566, "o", "1" ]
[ 3.82762, "o", "2" ]
[ 3.87961, "o", "3" ]
[ 3.93186, "o", "4" ]
[ 3.98382, "o", "5" ]
[ 4.03553, "o", "6" ]
[ 8.09022, "o", "\r\n\u001b[?2004l\r" ]
[ 8.46235, "o", "\u001b]11;?\u001b\\\u001b[6n" ]
[ 15.16286, "o", "\u001b[?2004h\r\n\u001b[19491001\u001b[1;35m> \u001b[20210325\u001b[0m" ]
[ 23.09217, "o", "# " ]
[ 23.19641, "o", "获" ]
[ 23.35143, "o", "取" ]
[ 23.50665, "o", "键" ]
[ 23.66260, "o", "值" ]
[ 23.81859, "o", "对" ]
[ 23.87068, "o", "\r\n\u001b[?2004l\r\u001b[?2004h" ]
[ 23.87084, "o", "\r\n\u001b[19491001\u001b[1;35m> \u001b[20210325\u001b[0m" ]
[ 25.37531, "o", "x" ]
[ 25.42708, "o", " " ]
[ 25.47921, "o", "s" ]
[ 25.53089, "o", "k" ]
[ 25.58346, "o", "a" ]
[ 25.63535, "o", "t" ]
[ 25.68743, "o", "e" ]
[ 25.73980, "o", " " ]
[ 25.79155, "o", "g" ]
[ 25.84371, "o", "e" ]
[ 25.89555, "o", "t" ]
[ 25.94746, "o", " " ]
[ 25.99926, "o", "p" ]
[ 26.05097, "o", "a" ]
[ 26.10455, "o", "s" ]
[ 26.15762, "o", "s" ]
[ 26.21039, "o", "w" ]
[ 26.26230, "o", "o" ]
[ 26.31507, "o", "r" ]
[ 26.36696, "o", "d" ]
[ 29.42130, "o", "\r\n\u001b[?2004l\r" ]
[ 29.43325, "o", "\u001b]11;?\u001b\\\u001b[6n" ]
[ 33.76883, "o", "123456\r\n" ]
[ 33.77034, "o", "\u001b[?2004h\r\n\u001b[19491001\u001b[1;35m> \u001b[20210325\u001b[0m" ]
[ 36.42369, "o", "# " ]
[ 36.52741, "o", "删" ]
[ 36.68410, "o", "除" ]
[ 36.84195, "o", "键" ]
[ 37.00057, "o", "值" ]
[ 37.15730, "o", "对" ]
[ 37.20955, "o", "\r\n\u001b[?2004l\r" ]
[ 37.20974, "o", "\u001b[?2004h\r\n\u001b[19491001\u001b[1;35m> \u001b[20210325\u001b[0m" ]
[ 38.71506, "o", "x" ]
[ 38.76742, "o", " " ]
[ 38.81937, "o", "s" ]
[ 38.87117, "o", "k" ]
[ 38.92334, "o", "a" ]
[ 38.97526, "o", "t" ]
[ 39.02718, "o", "e" ]
[ 39.07976, "o", " " ]
[ 39.13162, "o", "d" ]
[ 39.18426, "o", "e" ]
[ 39.23682, "o", "l" ]
[ 39.28885, "o", "e" ]
[ 39.34067, "o", "t" ]
[ 39.39314, "o", "e" ]
[ 39.44527, "o", " " ]
[ 39.49722, "o", "p" ]
[ 39.54940, "o", "a" ]
[ 39.60119, "o", "s" ]
[ 39.65308, "o", "s" ]
[ 39.70494, "o", "w" ]
[ 39.75724, "o", "o" ]
[ 39.80928, "o", "r" ]
[ 39.86213, "o", "d" ]
[ 42.91658, "o", "\r\n\u001b[?2004l\r" ]
[ 42.91993, "o", "\u001b]11;?\u001b\\\u001b[6n" ]
[ 49.62879, "o", "\u001b[?2004h\r\n\u001b[19491001\u001b[1;35m> \u001b[20210325\u001b[0m" ]
[ 57.91861, "o", "# " ]
[ 58.02224, "o", "列" ]
[ 58.17762, "o", "出" ]
[ 58.33376, "o", "键" ]
[ 58.48916, "o", "值" ]
[ 58.64481, "o", "对" ]
[ 58.69735, "o", "\r\n\u001b[?2004l\r\u001b[?2004h\r\n\u001b[19491001\u001b[1;35m> \u001b[20210325\u001b[0m" ]
[ 60.20076, "o", "x" ]
[ 60.25266, "o", " " ]
[ 60.30488, "o", "s" ]
[ 60.35679, "o", "k" ]
[ 60.40902, "o", "a" ]
[ 60.46126, "o", "t" ]
[ 60.51352, "o", "e" ]
[ 60.56564, "o", " " ]
[ 60.61760, "o", "l" ]
[ 60.67027, "o", "i" ]
[ 60.72209, "o", "s" ]
[ 60.77413, "o", "t" ]
[ 63.82820, "o", "\r\n\u001b[?2004l\r" ]
[ 63.83342, "o", "\u001b]11;?\u001b\\\u001b[6n" ]
[ 69.29082, "o", "\u001b[?2004h\r\n\u001b[19491001\u001b[1;35m> \u001b[20210325\u001b[0m" ]
[ 70.83156, "o", "# " ]
[ 70.93493, "o", "将" ]
[ 71.09068, "o", "数" ]
[ 71.24640, "o", "据" ]
[ 71.40240, "o", "存" ]
[ 71.55858, "o", "储" ]
[ 71.71462, "o", "到" ]
[ 71.87019, "o", "数" ]
[ 72.02540, "o", "据" ]
[ 72.18139, "o", "库" ]
[ 72.33826, "o", "中" ]
[ 72.39013, "o", "\r\n\u001b[?2004l\r" ]
[ 72.39030, "o", "\u001b[?2004h\r\n\u001b[19491001\u001b[1;35m> \u001b[20210325\u001b[0m" ]
[ 73.89480, "o", "x" ]
[ 73.94727, "o", " " ]
[ 74.00043, "o", "s" ]
[ 74.05225, "o", "k" ]
[ 74.10418, "o", "a" ]
[ 74.15645, "o", "t" ]
[ 74.20805, "o", "e" ]
[ 74.26047, "o", " " ]
[ 74.31234, "o", "s" ]
[ 74.36505, "o", "e" ]
[ 74.41706, "o", "t" ]
[ 74.46899, "o", " " ]
[ 74.52094, "o", "g" ]
[ 74.57287, "o", "i" ]
[ 74.62476, "o", "t" ]
[ 74.67701, "o", "h" ]
[ 74.72922, "o", "u" ]
[ 74.78085, "o", "b" ]
[ 74.83280, "o", "@" ]
[ 74.88631, "o", "p" ]
[ 74.93812, "o", "a" ]
[ 74.99008, "o", "s" ]
[ 75.04193, "o", "s" ]
[ 75.09495, "o", "w" ]
[ 75.14729, "o", "o" ]
[ 75.19971, "o", "r" ]
[ 75.25195, "o", "d" ]
[ 75.30423, "o", "." ]
[ 75.35609, "o", "d" ]
[ 75.40885, "o", "b" ]
[ 75.46081, "o", " " ]
[ 75.51276, "o", "P" ]
[ 75.56478, "o", "A" ]
[ 75.61698, "o", "S" ]
[ 75.66901, "o", "S" ]
[ 75.72086, "o", "W" ]
[ 75.77329, "o", "O" ]
[ 75.82527, "o", "R" ]
[ 75.87822, "o", "D" ]
[ 79.93405, "o", "\r\n\u001b[?2004l\r" ]
[ 79.93737, "o", "\u001b]11;?\u001b\\\u001b[6n" ]
[ 87.01997, "o", "\u001b[?2004h\r\n\u001b[19491001\u001b[1;35m> \u001b[20210325\u001b[0m" ]
[ 89.93615, "o", "# " ]
[ 90.04008, "o", "列" ]
[ 90.19533, "o", "出" ]
[ 90.35131, "o", "数" ]
[ 90.50714, "o", "据" ]
[ 90.66213, "o", "库" ]
[ 90.71434, "o", "\r\n\u001b[?2004l\r" ]
[ 90.71454, "o", "\u001b[?2004h\r\n" ]
[ 90.71468, "o", "\u001b[19491001\u001b[1;35m> \u001b[20210325\u001b[0m" ]
[ 92.21841, "o", "x" ]
[ 92.27007, "o", " " ]
[ 92.32286, "o", "s" ]
[ 92.37572, "o", "k" ]
[ 92.42773, "o", "a" ]
[ 92.47960, "o", "t" ]
[ 92.53151, "o", "e" ]
[ 92.58371, "o", " " ]
[ 92.63556, "o", "l" ]
[ 92.68737, "o", "i" ]
[ 92.74000, "o", "s" ]
[ 92.79203, "o", "t" ]
[ 92.84395, "o", "-" ]
[ 92.89661, "o", "d" ]
[ 92.94868, "o", "b" ]
[ 93.00131, "o", "s" ]
[ 96.05561, "o", "\r\n\u001b[?2004l\r" ]
[ 96.05924, "o", "\u001b]11;?\u001b\\\u001b[6n" ]
[ 96.07499, "o", "@charm.sh.skate.default\r\n@password.db\r\n" ]
[ 96.07622, "o", "\u001b[?2004h\r\n\u001b[19491001\u001b[1;35m> \u001b[20210325\u001b[0m" ]
[ 103.05753, "o", "e" ]
[ 103.10955, "o", "x" ]
[ 103.16146, "o", "i" ]
[ 103.21324, "o", "t" ]
[ 104.26686, "o", "\r\n\u001b[?2004l\rexit\r" ]
