{"version":2,"width":100,"height":26,"timestamp":1693273823,"env":{"SHELL":"","TERM":"xterm"}}
[ 0.00000, "o", "" ]
[ 0.02158, "o", "\u001b[19491001\u001b[1;35m> \u001b[20210325\u001b[0m\u001b[K\u001b[?2004h" ]
[ 0.40536, "o", "x" ]
[ 0.45730, "o", "\bx " ]
[ 0.50918, "o", "e" ]
[ 0.56111, "o", "x" ]
[ 0.61324, "o", "a" ]
[ 0.66513, "o", " " ]
[ 0.71686, "o", "-" ]
[ 0.76889, "o", "l" ]
[ 3.82207, "o", "\u001b[?2004l\r\r\n" ]
[ 4.04089, "o", ".\u001b[1;33mr\u001b[31mw\u001b[0m\u001b[38;5;244m-\u001b[33mr\u001b[38;5;244m--\u001b[33mr\u001b[38;5;244m--\u001b[0m   \u001b[1;32m56\u001b[0m \u001b[1;33mroot\u001b[0m \u001b[34m29 Aug 01:50\u001b[0m data.csv\r\n.\u001b[1;33mr\u001b[31mw\u001b[0m\u001b[38;5;244m-\u001b[33mr\u001b[38;5;244m--\u001b[33mr\u001b[38;5;244m--\u001b[0m \u001b[1;32m8.2\u001b[0m\u001b[32mk\u001b[0m \u001b[1;33mroot\u001b[0m \u001b[34m29 Aug 01:50\u001b[0m ex1.db\r\n" ]
[ 4.04127, "o", "\u001b[1m\u001b[7m#\u001b[27m\u001b[1m\u001b[0m                                                                                                   \r \r" ]
[ 4.04142, "o", "\r\u001b[0m\u001b[27m\u001b[24m\u001b[J\r\n\u001b[19491001\u001b[1;35m> \u001b[20210325\u001b[0m\u001b[K\u001b[?2004h" ]
[ 4.82423, "o", "#\b# " ]
[ 4.92829, "o", "创" ]
[ 5.08327, "o", "建" ]
[ 5.23824, "o", "数" ]
[ 5.39427, "o", "据" ]
[ 5.54939, "o", "库" ]
[ 5.70540, "o", "文" ]
[ 5.86092, "o", "件" ]
[ 6.01673, "o", "，" ]
[ 6.17245, "o", "并" ]
[ 6.32795, "o", "显" ]
[ 6.48272, "o", "示" ]
[ 6.63808, "o", "当" ]
[ 6.79472, "o", "前" ]
[ 6.94968, "o", "连" ]
[ 7.10620, "o", "接" ]
[ 7.26352, "o", "的" ]
[ 7.42005, "o", "数" ]
[ 7.57569, "o", "据" ]
[ 7.73169, "o", "库" ]
[ 7.78385, "o", "\u001b[?2004l\r\r\n" ]
[ 7.78402, "o", "\u001b[1m\u001b[7m#\u001b[27m\u001b[1m\u001b[0m                                                                                                   \r \r" ]
[ 7.78414, "o", "\r\u001b[0m\u001b[27m\u001b[24m\u001b[J\r\n\u001b[19491001\u001b[1;35m> \u001b[20210325\u001b[0m\u001b[K\u001b[?2004h" ]
[ 9.28811, "o", "x" ]
[ 9.33963, "o", "\bx " ]
[ 9.39270, "o", "s" ]
[ 9.44428, "o", "q" ]
[ 9.49642, "o", "l" ]
[ 9.54820, "o", "i" ]
[ 9.60054, "o", "t" ]
[ 9.65260, "o", "e" ]
[ 9.71473, "o", "3" ]
[ 9.77186, "o", " " ]
[ 9.82482, "o", "e" ]
[ 9.87719, "o", "x" ]
[ 9.92862, "o", "a" ]
[ 9.98060, "o", "m" ]
[ 10.03228, "o", "p" ]
[ 10.08405, "o", "l" ]
[ 10.13576, "o", "e" ]
[ 10.18808, "o", "." ]
[ 10.24046, "o", "d" ]
[ 10.29277, "o", "b" ]
[ 13.34655, "o", "\u001b[?2004l\r\r\n" ]
[ 13.46110, "o", "SQLite version 3.42.0 2023-05-16 12:36:15\r\nEnter \".help\" for usage hints.\r\n" ]
[ 13.46148, "o", "\u001b[?2004hsqlite> " ]
[ 15.34850, "o", "." ]
[ 15.40060, "o", "d" ]
[ 15.45233, "o", "a" ]
[ 15.50426, "o", "t" ]
[ 15.55660, "o", "a" ]
[ 15.60864, "o", "b" ]
[ 15.66050, "o", "a" ]
[ 15.71240, "o", "s" ]
[ 15.76460, "o", "e" ]
[ 17.81887, "o", "\r\n\u001b[?2004l\r" ]
[ 17.81911, "o", "main: /work/content/data/sqlite3/test/example.db r/w\r\n\u001b[?2004hsqlite> " ]
[ 19.82087, "o", "\r\n\u001b[?2004l\r" ]
[ 19.82111, "o", "\u001b[?2004hsqlite> " ]
[ 19.87297, "o", "\r\n\u001b[?2004l\r\u001b[?2004h" ]
[ 19.87337, "o", "sqlite> " ]
[ 20.42708, "o", "# " ]
[ 20.53078, "o", "打" ]
[ 20.68859, "o", "开" ]
[ 20.84572, "o", "并" ]
[ 21.00477, "o", "使" ]
[ 21.16095, "o", "用" ]
[ 21.21347, "o", " " ]
[ 21.26608, "o", "e" ]
[ 21.31910, "o", "x" ]
[ 21.37184, "o", "1" ]
[ 21.42413, "o", "." ]
[ 21.47716, "o", "d" ]
[ 21.52976, "o", "b" ]
[ 21.58238, "o", " " ]
[ 21.73936, "o", "数" ]
[ 21.89598, "o", "据" ]
[ 22.05196, "o", "库" ]
[ 22.20833, "o", "文" ]
[ 22.36385, "o", "件" ]
[ 22.41608, "o", "\r\n\u001b[?2004l\r\u001b[?2004hsqlite> " ]
[ 23.91996, "o", "." ]
[ 23.97164, "o", "o" ]
[ 24.02322, "o", "p" ]
[ 24.07497, "o", "e" ]
[ 24.12726, "o", "n" ]
[ 24.17916, "o", " " ]
[ 24.23071, "o", "e" ]
[ 24.28238, "o", "x" ]
[ 24.33460, "o", "1" ]
[ 24.38619, "o", "." ]
[ 24.43789, "o", "d" ]
[ 24.48993, "o", "b" ]
[ 26.54358, "o", "\r\n\u001b[?2004l\r" ]
[ 26.54376, "o", "\u001b[?2004hsqlite> " ]
[ 28.54565, "o", "\r\n\u001b[?2004l\r\u001b[?2004hsqlite> " ]
[ 28.59751, "o", "\r\n\u001b[?2004l\r\u001b[?2004hsqlite> " ]
[ 29.15139, "o", "# " ]
[ 29.25502, "o", "显" ]
[ 29.41115, "o", "示" ]
[ 29.56626, "o", "当" ]
[ 29.72190, "o", "前" ]
[ 29.87773, "o", "数" ]
[ 30.03355, "o", "据" ]
[ 30.18867, "o", "库" ]
[ 30.34405, "o", "中" ]
[ 30.49890, "o", "的" ]
[ 30.65435, "o", "所" ]
[ 30.80932, "o", "有" ]
[ 30.96465, "o", "表" ]
[ 31.01762, "o", "\r\n\u001b[?2004l\r\u001b[?2004hsqlite> " ]
[ 32.52102, "o", "." ]
[ 32.57329, "o", "t" ]
[ 32.62507, "o", "a" ]
[ 32.67705, "o", "b" ]
[ 32.72897, "o", "l" ]
[ 32.78067, "o", "e" ]
[ 32.83286, "o", "s" ]
[ 34.88699, "o", "\r\n\u001b[?2004l\r" ]
[ 34.88727, "o", "example_table\r\n\u001b[?2004h" ]
[ 34.88738, "o", "sqlite> " ]
[ 36.88892, "o", "\r\n\u001b[?2004l\r\u001b[?2004hsqlite> " ]
[ 36.94148, "o", "\r\n\u001b[?2004l\r\u001b[?2004hsqlite> " ]
[ 37.49477, "o", "# " ]
[ 37.59812, "o", "显" ]
[ 37.75308, "o", "示" ]
[ 37.90861, "o", "当" ]
[ 38.06401, "o", "前" ]
[ 38.21931, "o", "数" ]
[ 38.37461, "o", "据" ]
[ 38.53007, "o", "库" ]
[ 38.68612, "o", "中" ]
[ 38.84145, "o", "的" ]
[ 38.99748, "o", "所" ]
[ 39.15328, "o", "有" ]
[ 39.30883, "o", "表" ]
[ 39.46432, "o", "的" ]
[ 39.61997, "o", "结" ]
[ 39.77579, "o", "构" ]
[ 39.82736, "o", "\r\n\u001b[?2004l\r" ]
[ 39.82751, "o", "\u001b[?2004hsqlite> " ]
[ 41.33216, "o", "." ]
[ 41.38412, "o", "s" ]
[ 41.43634, "o", "c" ]
[ 41.48806, "o", "h" ]
[ 41.54031, "o", "e" ]
[ 41.59231, "o", "m" ]
[ 41.64422, "o", "a" ]
[ 43.69746, "o", "\r\n\u001b[?2004l\r" ]
[ 43.69763, "o", "CREATE TABLE example_table(one text, two init);\r\n" ]
[ 43.69783, "o", "\u001b[?2004hsqlite> " ]
[ 45.69951, "o", "\r\n\u001b[?2004l\r\u001b[?2004h" ]
[ 45.69965, "o", "sqlite> " ]
[ 45.75172, "o", "\r\n\u001b[?2004l\r" ]
[ 45.75188, "o", "\u001b[?2004hsqlite> " ]
[ 46.30612, "o", "# " ]
[ 46.40933, "o", "将" ]
[ 46.56442, "o", "数" ]
[ 46.71967, "o", "据" ]
[ 46.87504, "o", "库" ]
[ 47.03046, "o", "内" ]
[ 47.18717, "o", "容" ]
[ 47.34281, "o", "呈" ]
[ 47.49849, "o", "现" ]
[ 47.65480, "o", "为" ]
[ 47.70634, "o", " " ]
[ 47.75794, "o", "S" ]
[ 47.80998, "o", "Q" ]
[ 47.86169, "o", "L" ]
[ 47.91370, "o", "\r\n\u001b[?2004l\r" ]
[ 47.91384, "o", "\u001b[?2004hsqlite> " ]
[ 49.41774, "o", "." ]
[ 49.46980, "o", "d" ]
[ 49.52155, "o", "u" ]
[ 49.57364, "o", "m" ]
[ 49.62579, "o", "p" ]
[ 51.68023, "o", "\r\n\u001b[?2004l\rPRAGMA foreign_keys=OFF;\r\nBEGIN TRANSACTION;\r\n" ]
[ 51.68060, "o", "CREATE TABLE example_table(one text, two init);\r\nINSERT INTO example_table VALUES('hello!',10);\r\nINSERT INTO example_table VALUES('x-cmd',20);\r\nINSERT INTO example_table VALUES('goodbye',30);\r\n" ]
[ 51.68072, "o", "COMMIT;\r\n\u001b[?2004hsqlite> " ]
[ 53.68244, "o", "\r\n\u001b[?2004l\r\u001b[?2004hsqlite> " ]
[ 53.73442, "o", "\r\n\u001b[?2004l\r" ]
[ 53.73455, "o", "\u001b[?2004hsqlite> " ]
[ 54.28808, "o", "# " ]
[ 54.39176, "o", "查" ]
[ 54.54767, "o", "看" ]
[ 54.70328, "o", "当" ]
[ 54.85853, "o", "前" ]
[ 55.01455, "o", "输" ]
[ 55.16997, "o", "出" ]
[ 55.32549, "o", "模" ]
[ 55.48084, "o", "式" ]
[ 55.63712, "o", "，" ]
[ 55.79237, "o", "并" ]
[ 55.94923, "o", "将" ]
[ 56.10474, "o", "输" ]
[ 56.25979, "o", "出" ]
[ 56.41692, "o", "模" ]
[ 56.57346, "o", "式" ]
[ 56.72900, "o", "设" ]
[ 56.88500, "o", "置" ]
[ 57.04018, "o", "为" ]
[ 57.09207, "o", " " ]
[ 57.14460, "o", "c" ]
[ 57.19630, "o", "o" ]
[ 57.24812, "o", "l" ]
[ 57.30003, "o", "u" ]
[ 57.35197, "o", "m" ]
[ 57.40376, "o", "n" ]
[ 57.45606, "o", "\r\n\u001b[?2004l\r\u001b[?2004hsqlite> " ]
[ 58.95942, "o", "." ]
[ 59.01120, "o", "m" ]
[ 59.06330, "o", "o" ]
[ 59.11509, "o", "d" ]
[ 59.16701, "o", "e" ]
[ 61.22031, "o", "\r\n\u001b[?2004l\rcurrent output mode: list" ]
[ 61.22044, "o", "\r\n\u001b[?2004hsqlite> " ]
[ 62.22225, "o", "s" ]
[ 62.27397, "o", "e" ]
[ 62.32600, "o", "l" ]
[ 62.37772, "o", "e" ]
[ 62.43001, "o", "c" ]
[ 62.48158, "o", "t" ]
[ 62.53371, "o", " " ]
[ 62.58543, "o", "*" ]
[ 62.63704, "o", " " ]
