{"version":2,"width":100,"height":26,"timestamp":1689584199,"env":{"SHELL":"","TERM":"xterm"}}
[ 0.00000, "o", "" ]
[ 0.15291, "o", "\u001b[19491001\u001b[1;35m> \u001b[20210325\u001b[0m" ]
[ 0.15308, "o", "\u001b[K\u001b[?2004h" ]
[ 0.39691, "o", "#\b# " ]
[ 0.50084, "o", "启" ]
[ 0.65655, "o", "动" ]
[ 0.81347, "o", "的" ]
[ 0.96986, "o", "一" ]
[ 1.12596, "o", "个" ]
[ 1.28254, "o", "命" ]
[ 1.43873, "o", "名" ]
[ 1.59537, "o", "为" ]
[ 1.64720, "o", " " ]
[ 1.69959, "o", "n" ]
[ 1.75186, "o", "e" ]
[ 1.80413, "o", "w" ]
[ 1.85682, "o", "_" ]
[ 1.90855, "o", "s" ]
[ 1.96062, "o", "e" ]
[ 2.01272, "o", "s" ]
[ 2.06504, "o", "s" ]
[ 2.11738, "o", "i" ]
[ 2.16942, "o", "o" ]
[ 2.22181, "o", "n" ]
[ 2.27392, "o", "s" ]
[ 2.32597, "o", " " ]
[ 2.48199, "o", "的" ]
[ 2.53451, "o", " " ]
[ 2.58746, "o", "t" ]
[ 2.63957, "o", "m" ]
[ 2.69169, "o", "u" ]
[ 2.74414, "o", "x" ]
[ 2.79678, "o", " " ]
[ 2.95255, "o", "窗" ]
[ 3.10916, "o", "口" ]
[ 3.16141, "o", "\u001b[?2004l\r\r\n\u001b[1m\u001b[7m#\u001b[27m\u001b[1m\u001b[0m                                                                                                   \r \r\r\u001b[0m\u001b[27m\u001b[24m\u001b[J\r\n\u001b[19491001\u001b[1;35m> \u001b[20210325\u001b[0m\u001b[K\u001b[?2004h" ]
[ 4.66568, "o", "x" ]
[ 4.71864, "o", "\bx " ]
[ 4.77076, "o", "t" ]
[ 4.82299, "o", "m" ]
[ 4.87454, "o", "u" ]
[ 4.92707, "o", "x" ]
[ 4.97905, "o", " " ]
[ 5.03132, "o", "n" ]
[ 5.08305, "o", "e" ]
[ 5.13546, "o", "w" ]
[ 5.18738, "o", " " ]
[ 5.23904, "o", "-" ]
[ 5.29158, "o", "s" ]
[ 5.34387, "o", " " ]
[ 5.39631, "o", "n" ]
[ 5.44813, "o", "e" ]
[ 5.50026, "o", "w" ]
[ 5.55210, "o", "_" ]
[ 5.60439, "o", "s" ]
[ 5.65616, "o", "e" ]
[ 5.70840, "o", "s" ]
[ 5.76128, "o", "s" ]
[ 5.81305, "o", "i" ]
[ 5.86524, "o", "o" ]
[ 5.91699, "o", "n" ]
[ 5.96946, "o", "s" ]
[ 6.02118, "o", "\u001b[?2004l\r\r\n" ]
[ 6.13234, "o", "\u001b[?1049h\u001b[22;0;0t\u001b[?1h\u001b=\u001b[H\u001b[2J\u001b[?12l\u001b[?25h\u001b[?1000l\u001b[?1002l\u001b[?1003l\u001b[?1006l\u001b[?1005l\u001b(B\u001b[m\u001b[?12l\u001b[?25h\u001b[?1006l\u001b[?1000l\u001b[?1002l\u001b[?1003l\u001b[?2004l\u001b[1;1H\u001b[1;26r\u001b[>c\u001b[>q\u001b[1;1H" ]
[ 6.13249, "o", "\u001b[?25l\u001b[K\r\n\u001b[K\r\n\u001b[K\r\n\u001b[K\r\n\u001b[K\r\n\u001b[K\r\n\u001b[K\r\n\u001b[K\r\n\u001b[K\r\n\u001b[K\r\n\u001b[K\r\n\u001b[K\r\n\u001b[K\r\n\u001b[K\r\n\u001b[K\r\n\u001b[K\r\n\u001b[K\r\n\u001b[K\r\n\u001b[K\r\n\u001b[K\r\n\u001b[K\r\n\u001b[K\r\n\u001b[K\r\n\u001b[K\r\n\u001b[K\u001b[30m\u001b[42m\r\n[new_sessi0:bash*                                                     \"17a287aabe9f\" 08:56 17-Jul-23\u001b(B\u001b[m\u001b[?12l\u001b[?25h\u001b[1;1H" ]
[ 6.13263, "o", "\u001b(B\u001b[m\u001b[?12l\u001b[?25h\u001b[?1006l\u001b[?1000l\u001b[?1002l\u001b[?1003l\u001b[?2004l\u001b[1;1H\u001b[1;26r\u001b[1;1H" ]
[ 6.13284, "o", "\u001b[?25l\u001b[K\r\n\u001b[K\r\n\u001b[K\r\n\u001b[K\r\n\u001b[K\r\n\u001b[K\r\n\u001b[K\r\n\u001b[K\r\n\u001b[K\r\n\u001b[K\r\n\u001b[K\r\n\u001b[K\r\n\u001b[K\r\n\u001b[K\r\n\u001b[K\r\n\u001b[K\r\n\u001b[K\r\n\u001b[K\r\n\u001b[K\r\n\u001b[K\r\n\u001b[K\r\n\u001b[K\r\n\u001b[K\r\n\u001b[K\r\n\u001b[K\u001b[30m\u001b[42m\r\n[new_sessi0:bash*                                                     \"17a287aabe9f\" 08:56 17-Jul-23\u001b(B\u001b[m\u001b[?12l\u001b[?25h\u001b[1;1H" ]
[ 6.13463, "o", "\u001b[?7727h" ]
[ 6.36253, "o", "[root@17a287aabe9f test]# \u001b[?2004h" ]
[ 9.02390, "o", "# " ]
[ 9.12767, "o", "所" ]
[ 9.28324, "o", "有" ]
[ 9.43877, "o", "快" ]
[ 9.59560, "o", "捷" ]
[ 9.75239, "o", "键" ]
[ 9.90867, "o", "都" ]
[ 10.06455, "o", "要" ]
[ 10.22045, "o", "通" ]
[ 10.37688, "o", "过" ]
[ 10.53190, "o", "前" ]
[ 10.68811, "o", "缀" ]
[ 10.84484, "o", "键" ]
[ 11.00124, "o", "唤" ]
[ 11.15705, "o", "起" ]
[ 11.31423, "o", "。" ]
[ 11.47001, "o", "默" ]
[ 11.62611, "o", "认" ]
[ 11.78304, "o", "的" ]
[ 11.93873, "o", "前" ]
[ 12.09471, "o", "缀" ]
[ 12.25164, "o", "键" ]
[ 12.40727, "o", "是" ]
[ 12.45970, "o", " " ]
[ 12.51205, "o", "`" ]
[ 12.56480, "o", "C" ]
[ 12.61706, "o", "t" ]
[ 12.66875, "o", "r" ]
[ 12.72151, "o", "l" ]
[ 12.77336, "o", " " ]
[ 12.82583, "o", "+" ]
[ 12.87743, "o", " " ]
[ 12.93065, "o", "b" ]
[ 12.98295, "o", "`" ]
[ 13.03623, "o", "\r\n\u001b[?2004l[root@17a287aabe9f test]# \u001b[?2004h" ]
[ 14.54000, "o", "# " ]
[ 14.64519, "o", "按" ]
[ 14.69707, "o", " " ]
[ 14.74971, "o", "`" ]
[ 14.80208, "o", "?" ]
[ 14.85382, "o", "`" ]
[ 14.90557, "o", " " ]
[ 15.06220, "o", "键" ]
[ 15.21872, "o", "查" ]
[ 15.37477, "o", "看" ]
[ 15.53026, "o", "快" ]
[ 15.68585, "o", "捷" ]
[ 15.84173, "o", "键" ]
[ 15.99863, "o", "帮" ]
[ 16.15516, "o", "助" ]
[ 16.31099, "o", "，" ]
[ 16.46849, "o", "按" ]
[ 16.52066, "o", " " ]
[ 16.57315, "o", "`" ]
[ 16.62569, "o", "E" ]
[ 16.67782, "o", "S" ]
[ 16.73020, "o", "C" ]
[ 16.78208, "o", "`" ]
[ 16.83502, "o", " " ]
[ 16.99167, "o", "键" ]
[ 17.14745, "o", "或" ]
[ 17.19986, "o", " " ]
[ 17.25146, "o", "`" ]
[ 17.30400, "o", "q" ]
[ 17.35639, "o", "`" ]
[ 17.40902, "o", " " ]
[ 17.56518, "o", "键" ]
[ 17.72149, "o", "退" ]
[ 17.87959, "o", "出" ]
[ 18.03491, "o", "帮" ]
[ 18.19109, "o", "助" ]
[ 18.24412, "o", "\r\n\u001b[?2004l[root@17a287aabe9f test]# \u001b[?2004h" ]
[ 20.25145, "o", "\u001b[?25l\u001b[HC-b C-b     Send the prefix key\u001b[19X\u001b[19C                                           \u001b[30m\u001b[43m[58/58]\u001b[39m\u001b[49m\u001b[2;1HC-b C-o     Rotate through the panes\u001b[K\r\nC-b C-z     Suspend the current client\u001b[K\r\nC-b Space   Select next layout\u001b[K\r\nC-b !       Break pane to a new window\u001b[K\r\nC-b \"       Split window vertically\u001b[K\r\nC-b #       List all paste buffers\u001b[K\r\nC-b $       Rename current session\u001b[K\r\nC-b %       Split window horizontally\u001b[K\r\nC-b &       Kill current window\u001b[K\r\nC-b '       Prompt for window index to select\u001b[K\r\nC-b (       Switch to previous client\u001b[K\r\nC-b )       Switch to next client\u001b[K\r\nC-b ,       Rename current window\u001b[K\r\nC-b -       Delete the most recent paste buffer\u001b[K\r\nC-b .       Move the current window\u001b[K\r\nC-b /       Describe key binding\u001b[K\r\nC-b 0       Select window 0\u001b[K\r\nC-b 1       Select window 1\u001b[K\r\nC-b 2       Select window 2\u001b[K\r\nC-b 3       Select window 3\u001b[K\r\nC-b 4       Select window 4\u001b[K\r\nC-b 5       Select window 5\u001b[K\r\nC-b 6       Select window 6\u001b[K\r\nC-b 7       Select " ]
[ 20.25152, "o", "window 7\u001b[K\u001b[30m\u001b[42m\r\n[new_sessi0:bash*                                                     \"17a287aabe9f\" 08:57 17-Jul-23\u001b(B\u001b[m\u001b[?12l\u001b[?25h\u001b[1;1H\u001b[?2004l" ]
[ 20.25167, "o", "\u001b[?25l\u001b[30m\u001b[42m\u001b[26d[new_sessi0:[tmux]*                                                   \"17a287aabe9f\" 08:57 17-Jul-23\u001b(B\u001b[m\u001b[?12l\u001b[?25h\u001b[1;1H" ]
[ 22.80810, "o", "\u001b[?25l[root@17a287aabe9f test]# # 所有快捷键都要通过前缀键唤起。默认的前缀键是 `Ctrl + b`\u001b[K\r\n[root@17a287aabe9f test]# # 按 `?` 键查看快捷键帮助，按 `ESC` 键或 `q` 键退出帮助\u001b[K\r\n[root@17a287aabe9f test]# \u001b[K\r\n\u001b[K\r\n\u001b[K\r\n\u001b[K\r\n\u001b[K\r\n\u001b[K\r\n\u001b[K\r\n\u001b[K\r\n\u001b[K\r\n\u001b[K\r\n\u001b[K\r\n\u001b[K\r\n\u001b[K\r\n\u001b[K\r\n\u001b[K\r\n\u001b[K\r\n\u001b[K\r\n\u001b[K\r\n\u001b[K\r\n\u001b[K\r\n\u001b[K\r\n\u001b[K\r\n\u001b[K\u001b[?12l\u001b[?25h\u001b[3;27H\u001b[?2004h" ]
[ 22.80850, "o", "\u001b[?25l\u001b[30m\u001b[42m\u001b[26;1H[new_sessi0:bash*                                                     \"17a287aabe9f\" 08:57 17-Jul-23\u001b(B\u001b[m\u001b[?12l\u001b[?25h\u001b[3;27H" ]
[ 23.30898, "o", "# " ]
[ 23.41303, "o", "划" ]
[ 23.56969, "o", "分" ]
[ 23.72584, "o", "上" ]
[ 23.88265, "o", "下" ]
[ 24.03906, "o", "两" ]
[ 24.19603, "o", "个" ]
[ 24.35126, "o", "窗" ]
[ 24.50767, "o", "格" ]
[ 24.55941, "o", "\r\n\u001b[?2004l" ]
[ 24.55958, "o", "\u001b[?2004h[root@17a287aabe9f test]# " ]
