{"version":2,"width":100,"height":26,"timestamp":1693281557,"env":{"SHELL":"","TERM":"xterm"}}
[ 0.00000, "o", "" ]
[ 0.02005, "o", "\u001b[19491001\u001b[1;35m> \u001b[20210325\u001b[0m\u001b[K\u001b[?2004h" ]
[ 0.42004, "o", "x" ]
[ 0.47199, "o", "\bx " ]
[ 0.52412, "o", "e" ]
[ 0.57620, "o", "x" ]
[ 0.62822, "o", "a" ]
[ 0.68020, "o", " " ]
[ 0.73229, "o", "-" ]
[ 0.78408, "o", "l" ]
[ 0.83615, "o", "h" ]
[ 0.88818, "o", "T" ]
[ 3.93821, "o", "\u001b[?2004l\r\r\n" ]
[ 4.14534, "o", "\u001b[4mPermissions\u001b[0m \u001b[4mSize\u001b[0m \u001b[4mUser\u001b[0m \u001b[4mDate Modified\u001b[0m \u001b[4mName\u001b[0m\r\n\u001b[1;34md\u001b[33mr\u001b[31mw\u001b[32mx\u001b[0m\u001b[33mr\u001b[38;5;244m-\u001b[32mx\u001b[33mr\u001b[38;5;244m-\u001b[32mx\u001b[0m     \u001b[38;5;244m-\u001b[0m \u001b[1;33mroot\u001b[0m \u001b[34m29 Aug 03:59\u001b[0m  \u001b[1;34m.\u001b[0m\r\n.\u001b[1;33mr\u001b[31mw\u001b[0m\u001b[38;5;244m-\u001b[33mr\u001b[38;5;244m--\u001b[33mr\u001b[38;5;244m--\u001b[0m   \u001b[1;32m331\u001b[0m \u001b[1;33mroot\u001b[0m \u001b[34m29 Aug 03:59\u001b[0m  \u001b[38;5;244m├──\u001b[0m data.yml\r\n.\u001b[1;33mr\u001b[31mw\u001b[0m\u001b[38;5;244m-\u001b[33mr\u001b[38;5;244m--\u001b[33mr\u001b[38;5;244m--\u001b[0m   \u001b[1;32m108\u001b[0m \u001b[1;33mroot\u001b[0m \u001b[34m29 Aug 03:59\u001b[0m  \u001b[38;5;244m├──\u001b[0m hello.go\r\n.\u001b[1;33mr\u001b[31mw\u001b[0m\u001b[38;5;244m-\u001b[33mr\u001b[38;5;244m--\u001b[33mr\u001b[38;5;244m--\u001b[0m    \u001b[1;32m57\u001b[0m \u001b[1;33mroot\u001b[0m \u001b[34m29 Aug 03:59\u001b[0m  \u001b[38;5;244m├──\u001b[0m hello.py\r\n.\u001b[1;33mr\u001b[31mw\u001b[0m\u001b[38;5;244m-\u001b[33mr\u001b[38;5;244m--\u001b[33mr\u001b[38;5;244m--\u001b[0m    \u001b[1;32m43\u001b[0m \u001b[1;33mroot\u001b[0m \u001b[34m29 Aug 03:59\u001b[0m  \u001b[38;5;244m├──\u001b[0m hello.rs\r\n\u001b[1;34md\u001b[33mr\u001b[31mw\u001b[32mx\u001b[0m\u001b[33mr\u001b[38;5;244m-\u001b[32mx\u001b[33mr\u001b[38;5;244m-\u001b[32mx\u001b[0m     \u001b[38;5;244m-\u001b[0m \u001b[1;33mroot\u001b[0m \u001b[34m" ]
[ 4.14562, "o", "29 Aug 03:59\u001b[0m  \u001b[38;5;244m└──\u001b[0m \u001b[1;34mjson\u001b[0m\r\n.\u001b[1;33mr\u001b[31mw\u001b[0m\u001b[38;5;244m-\u001b[33mr\u001b[38;5;244m--\u001b[33mr\u001b[38;5;244m--\u001b[0m   \u001b[1;32m136\u001b[0m \u001b[1;33mroot\u001b[0m \u001b[34m29 Aug 03:59\u001b[0m  \u001b[38;5;244m   ├──\u001b[0m data.json\r\n.\u001b[1;33mr\u001b[31mw\u001b[0m\u001b[38;5;244m-\u001b[33mr\u001b[38;5;244m--\u001b[33mr\u001b[38;5;244m--\u001b[0m   \u001b[1;32m287\u001b[0m \u001b[1;33mroot\u001b[0m \u001b[34m29 Aug 03:59\u001b[0m  \u001b[38;5;244m   └──\u001b[0m test.json\r\n" ]
[ 4.14597, "o", "\u001b[1m\u001b[7m#\u001b[27m\u001b[1m\u001b[0m                                                                                                   \r \r" ]
[ 4.14609, "o", "\r\u001b[0m\u001b[27m\u001b[24m\u001b[J\r\n\u001b[19491001\u001b[1;35m> \u001b[20210325\u001b[0m\u001b[K\u001b[?2004h" ]
[ 4.94063, "o", "#\b# " ]
[ 5.04497, "o", "统" ]
[ 5.20074, "o", "计" ]
[ 5.35652, "o", "单" ]
[ 5.51317, "o", "个" ]
[ 5.66886, "o", "文" ]
[ 5.82466, "o", "件" ]
[ 5.98061, "o", "的" ]
[ 6.13676, "o", "代" ]
[ 6.29362, "o", "码" ]
[ 6.34576, "o", "\u001b[?2004l\r\r\n\u001b[1m\u001b[7m#\u001b[27m\u001b[1m\u001b[0m                                                                                                   \r \r\r\u001b[0m\u001b[27m\u001b[24m\u001b[J\r\n\u001b[19491001\u001b[1;35m> \u001b[20210325\u001b[0m\u001b[K\u001b[?2004h" ]
[ 7.84972, "o", "x" ]
[ 7.90206, "o", "\bx " ]
[ 7.95418, "o", "t" ]
[ 8.00632, "o", "o" ]
[ 8.05836, "o", "k" ]
[ 8.11048, "o", "e" ]
[ 8.16310, "o", "i" ]
[ 8.21540, "o", " " ]
[ 8.26757, "o", "d" ]
[ 8.32000, "o", "a" ]
[ 8.37228, "o", "t" ]
[ 8.42405, "o", "a" ]
[ 8.47594, "o", "." ]
[ 8.52799, "o", "y" ]
[ 8.57993, "o", "m" ]
[ 8.63209, "o", "l" ]
[ 11.68621, "o", "\u001b[?2004l\r\r\n" ]
[ 11.73828, "o", "===============================================================================\r\n Language            Files        Lines         Code     Comments       Blanks\r\n===============================================================================\r\n YAML                    1           19           16            1            2\r\n===============================================================================\r\n Total                   1           19           16            1            2\r\n===============================================================================\r\n" ]
[ 11.73876, "o", "\u001b[1m\u001b[7m#\u001b[27m\u001b[1m\u001b[0m                                                                                                   \r \r\r\u001b[0m\u001b[27m\u001b[24m\u001b[J\r\n\u001b[19491001\u001b[1;35m> \u001b[20210325\u001b[0m\u001b[K" ]
[ 11.73889, "o", "\u001b[?2004h" ]
[ 13.68826, "o", "#\b# " ]
[ 13.79238, "o", "统" ]
[ 13.94915, "o", "计" ]
[ 14.10555, "o", "整" ]
[ 14.26206, "o", "个" ]
[ 14.41793, "o", "项" ]
[ 14.57410, "o", "目" ]
[ 14.73045, "o", "的" ]
[ 14.88594, "o", "代" ]
[ 15.04166, "o", "码" ]
[ 15.09377, "o", "\u001b[?2004l\r\r\n\u001b[1m\u001b[7m#\u001b[27m\u001b[1m\u001b[0m                                                                                                   \r \r" ]
[ 15.09383, "o", "\r\u001b[0m\u001b[27m\u001b[24m\u001b[J\r\n\u001b[19491001\u001b[1;35m> \u001b[20210325\u001b[0m\u001b[K\u001b[?2004h" ]
[ 16.59744, "o", "x" ]
[ 16.64963, "o", "\bx " ]
[ 16.70174, "o", "t" ]
[ 16.75456, "o", "o" ]
[ 16.80677, "o", "k" ]
[ 16.85871, "o", "e" ]
[ 16.91090, "o", "i" ]
[ 16.96303, "o", " " ]
[ 17.01491, "o", "." ]
[ 17.06707, "o", "/" ]
[ 20.12161, "o", "\u001b[?2004l\r\r\n" ]
[ 20.12635, "o", "===============================================================================\r\n Language            Files        Lines         Code     Comments       Blanks\r\n===============================================================================\r\n Go                      1            7            6            0            1\r\n JSON                    2           27           25            0            2\r\n Python                  1            4            2            1            1\r\n Rust                    1            3            3            0            0\r\n YAML                    1           19           16            1            2\r\n===============================================================================\r\n Total                   6           60           52            2            6\r\n===============================================================================\r\n" ]
[ 20.12717, "o", "\u001b[1m\u001b[7m#\u001b[27m\u001b[1m\u001b[0m                                                                                                   \r \r\r\u001b[0m\u001b[27m\u001b[24m\u001b[J\r\n\u001b[19491001\u001b[1;35m> \u001b[20210325\u001b[0m" ]
[ 20.12733, "o", "\u001b[K\u001b[?2004h" ]
[ 22.12425, "o", "#\b# " ]
[ 22.22874, "o", "根" ]
[ 22.38505, "o", "据" ]
[ 22.54147, "o", "语" ]
[ 22.69722, "o", "言" ]
[ 22.85408, "o", "进" ]
[ 23.01019, "o", "行" ]
[ 23.16670, "o", "排" ]
[ 23.32295, "o", "序" ]
[ 23.37524, "o", "\u001b[?2004l\r\r\n\u001b[1m\u001b[7m#\u001b[27m\u001b[1m\u001b[0m                                                                                                   \r \r" ]
[ 23.37540, "o", "\r\u001b[0m\u001b[27m\u001b[24m\u001b[J\r\n\u001b[19491001\u001b[1;35m> \u001b[20210325\u001b[0m\u001b[K\u001b[?2004h" ]
[ 24.87952, "o", "x" ]
[ 24.93200, "o", "\bx " ]
[ 24.98408, "o", "t" ]
[ 25.03622, "o", "o" ]
[ 25.08878, "o", "k" ]
[ 25.14086, "o", "e" ]
[ 25.19303, "o", "i" ]
[ 25.24518, "o", " " ]
[ 25.29752, "o", "-" ]
[ 25.34926, "o", "-" ]
[ 25.40124, "o", "s" ]
[ 25.45289, "o", "o" ]
[ 25.50531, "o", "r" ]
[ 25.55774, "o", "t" ]
[ 25.60983, "o", " " ]
[ 25.66190, "o", "c" ]
[ 25.71392, "o", "o" ]
[ 25.76555, "o", "d" ]
[ 25.81776, "o", "e" ]
[ 29.87138, "o", "\u001b[?2004l\r\r\n" ]
