{"version":2,"width":100,"height":26,"timestamp":1690274118,"env":{"SHELL":"","TERM":"xterm"}}
[ 0.00000, "o", "" ]
[ 0.16549, "o", "\u001b[19491001\u001b[1;35m> \u001b[20210325\u001b[0m" ]
[ 0.16559, "o", "\u001b[K\u001b[?2004h" ]
[ 2.41838, "o", "#\b# " ]
[ 2.52161, "o", "跟" ]
[ 2.67817, "o", "踪" ]
[ 2.83366, "o", "数" ]
[ 2.98920, "o", "据" ]
[ 3.14610, "o", "报" ]
[ 3.30097, "o", "的" ]
[ 3.45740, "o", "传" ]
[ 3.61318, "o", "输" ]
[ 3.76881, "o", "路" ]
[ 3.92454, "o", "径" ]
[ 3.97659, "o", "\u001b[?2004l\r\r\n\u001b[1m\u001b[7m#\u001b[27m\u001b[1m\u001b[0m                                                                                                   \r \r\r\u001b[0m\u001b[27m\u001b[24m\u001b[J\r\n\u001b[19491001\u001b[1;35m> \u001b[20210325\u001b[0m\u001b[K\u001b[?2004h" ]
[ 4.47837, "o", "x" ]
[ 4.53007, "o", "\bx " ]
[ 4.58221, "o", "t" ]
[ 4.63384, "o", "r" ]
[ 4.68581, "o", "a" ]
[ 4.73742, "o", "c" ]
[ 4.78920, "o", "e" ]
[ 4.84115, "o", "r" ]
[ 4.89368, "o", "o" ]
[ 4.94527, "o", "u" ]
[ 4.99693, "o", "t" ]
[ 5.04890, "o", "e" ]
[ 5.10054, "o", " " ]
[ 5.15242, "o", "w" ]
[ 5.20421, "o", "w" ]
[ 5.25609, "o", "w" ]
[ 5.30799, "o", "." ]
[ 5.36042, "o", "g" ]
[ 5.41245, "o", "i" ]
[ 5.46395, "o", "t" ]
[ 5.51536, "o", "h" ]
[ 5.56705, "o", "u" ]
[ 5.61897, "o", "b" ]
[ 5.67069, "o", "." ]
[ 5.72331, "o", "c" ]
[ 5.77595, "o", "o" ]
[ 5.82779, "o", "m" ]
[ 6.08121, "o", "\u001b[?2004l\r\r\n" ]
[ 6.22701, "o", "traceroute to www.github.com (20.205.243.166), 30 hops max, 60 byte packets" ]
[ 6.22759, "o", "\r\n" ]
[ 7.87250, "o", " 1  172.17.0.1 (172.17.0.1)  0.022 ms  0.007 ms  0.005 ms\r\n" ]
[ 9.40118, "o", " 2  192.168.65.5 (192.168.65.5)  0.019 ms  0.011 ms  0.012 ms" ]
[ 11.23680, "o", "\r\n 3  * * *\r\n 4  * * *\r\n 5  * * *\r\n 6  *" ]
[ 14.41807, "o", " * *\r\n 7  * * *\r\n 8  *" ]
[ 16.23796, "o", " * *\r\n 9  * * *\r\n10  *" ]
[ 16.23827, "o", " * *\r\n11  * *" ]
[ 19.43101, "o", " *\r\n12  * * *\r\n13  * *" ]
[ 21.24179, "o", " *\r\n14  * * *\r\n15  * * *" ]
[ 21.24196, "o", "\r\n16  * * *" ]
[ 24.44726, "o", "\r\n17  * * *\r\n18  * * *" ]
[ 26.25174, "o", "\r\n19  * * *\r\n20  * * *\r\n21  * * *\r\n22  *" ]
[ 29.46435, "o", " * *\r\n23  * * *\r\n24  *" ]
[ 31.25770, "o", " * *\r\n25  * * *\r\n26  * * *\r\n27  * *" ]
[ 34.48091, "o", " *\r\n28  * * *\r\n29  * *" ]
[ 36.26693, "o", " *\r\n30  * * *\r\n" ]
[ 36.26719, "o", "\u001b[1m\u001b[7m#\u001b[27m\u001b[1m\u001b[0m                                                                                                   \r \r" ]
[ 36.26731, "o", "\r\u001b[0m\u001b[27m\u001b[24m\u001b[J\r\n\u001b[19491001\u001b[1;35m> \u001b[20210325\u001b[0m\u001b[K\u001b[?2004h" ]
[ 38.46863, "o", "#\b# " ]
[ 38.57261, "o", "指" ]
[ 38.72822, "o", "定" ]
[ 38.88406, "o", "最" ]
[ 39.04039, "o", "大" ]
[ 39.19620, "o", "跃" ]
[ 39.35142, "o", "点" ]
[ 39.50678, "o", "数" ]
[ 39.66252, "o", "为" ]
[ 39.71430, "o", " " ]
[ 39.76634, "o", "7" ]
[ 39.92156, "o", "，" ]
[ 40.07735, "o", "将" ]
[ 40.23301, "o", "数" ]
[ 40.38897, "o", "据" ]
[ 40.54482, "o", "包" ]
[ 40.70056, "o", "的" ]
[ 40.85582, "o", "传" ]
[ 41.01131, "o", "输" ]
[ 41.16731, "o", "路" ]
[ 41.32303, "o", "径" ]
[ 41.47854, "o", "限" ]
[ 41.63449, "o", "制" ]
[ 41.79090, "o", "为" ]
[ 41.84327, "o", " " ]
[ 41.89531, "o", "7" ]
[ 41.94693, "o", " " ]
[ 42.10269, "o", "个" ]
[ 42.25837, "o", "路" ]
[ 42.41396, "o", "由" ]
[ 42.56976, "o", "器" ]
[ 42.62211, "o", "\u001b[?2004l\r\r\n\u001b[1m\u001b[7m#\u001b[27m\u001b[1m\u001b[0m                                                                                                   \r \r" ]
[ 42.62232, "o", "\r\u001b[0m\u001b[27m\u001b[24m\u001b[J\r\n\u001b[19491001\u001b[1;35m> \u001b[20210325\u001b[0m\u001b[K\u001b[?2004h" ]
[ 43.12405, "o", "x" ]
[ 43.17600, "o", "\bx " ]
[ 43.22766, "o", "t" ]
[ 43.27975, "o", "r" ]
[ 43.33194, "o", "a" ]
[ 43.38446, "o", "c" ]
[ 43.43643, "o", "e" ]
[ 43.48854, "o", "r" ]
[ 43.54049, "o", "o" ]
[ 43.59218, "o", "u" ]
[ 43.64399, "o", "t" ]
[ 43.69549, "o", "e" ]
[ 43.74734, "o", " " ]
[ 43.79928, "o", "-" ]
[ 43.85082, "o", "m" ]
[ 43.90271, "o", " " ]
[ 43.95403, "o", "7" ]
[ 44.00593, "o", " " ]
[ 44.05784, "o", "w" ]
[ 44.11000, "o", "w" ]
[ 44.16178, "o", "w" ]
[ 44.21394, "o", "." ]
[ 44.26612, "o", "g" ]
[ 44.31775, "o", "i" ]
[ 44.37013, "o", "t" ]
[ 44.42177, "o", "h" ]
[ 44.47396, "o", "u" ]
[ 44.52555, "o", "b" ]
[ 44.57772, "o", "." ]
[ 44.62935, "o", "c" ]
[ 44.68127, "o", "o" ]
[ 44.73323, "o", "m" ]
[ 44.98736, "o", "\u001b[?2004l\r\r\n" ]
[ 45.06953, "o", "traceroute to www.github.com (20.205.243.166), 7 hops max, 60 byte packets" ]
[ 45.07006, "o", "\r\n" ]
[ 46.35489, "o", " 1  172.17.0.1 (172.17.0.1)  0.023 ms  0.009 ms  0.006 ms\r\n" ]
[ 47.54321, "o", " 2  192.168.65.5 (192.168.65.5)  0.019 ms  0.024 ms  0.013 ms" ]
[ 50.07400, "o", "\r\n 3  * * *\r\n 4  * * *\r\n 5  * * *\r\n 6  *" ]
[ 52.54670, "o", " * *\r\n 7  * * *\r\n" ]
[ 52.54718, "o", "\u001b[1m\u001b[7m#\u001b[27m\u001b[1m\u001b[0m                                                                                                   \r \r\r\u001b[0m\u001b[27m\u001b[24m\u001b[J\r\n\u001b[19491001\u001b[1;35m> \u001b[20210325\u001b[0m\u001b[K\u001b[?2004h" ]
[ 55.49194, "o", "#" ]
[ 55.49206, "o", "\b# " ]
[ 55.59643, "o", "只" ]
[ 55.75157, "o", "显" ]
[ 55.90958, "o", "示" ]
[ 55.96152, "o", " " ]
[ 56.01335, "o", "I" ]
[ 56.06496, "o", "P" ]
[ 56.11654, "o", " " ]
[ 56.27216, "o", "地" ]
[ 56.42796, "o", "址" ]
[ 56.58336, "o", "而" ]
[ 56.73792, "o", "不" ]
[ 56.89344, "o", "显" ]
[ 57.04845, "o", "示" ]
[ 57.20480, "o", "域" ]
[ 57.36007, "o", "名" ]
[ 57.41154, "o", "\u001b[?2004l\r\r\n" ]
[ 57.41170, "o", "\u001b[1m\u001b[7m#\u001b[27m\u001b[1m\u001b[0m                                                                                                   \r \r\r\u001b[0m\u001b[27m\u001b[24m\u001b[J\r\n\u001b[19491001\u001b[1;35m> \u001b[20210325\u001b[0m\u001b[K\u001b[?2004h" ]
[ 57.91344, "o", "x" ]
[ 57.96597, "o", "\bx " ]
[ 58.01757, "o", "t" ]
[ 58.06947, "o", "r" ]
[ 58.12179, "o", "a" ]
[ 58.17362, "o", "c" ]
[ 58.22518, "o", "e" ]
[ 58.27720, "o", "r" ]
[ 58.32930, "o", "o" ]
[ 58.38173, "o", "u" ]
[ 58.43426, "o", "t" ]
[ 58.48618, "o", "e" ]
[ 58.53820, "o", " " ]
[ 58.59022, "o", "-" ]
[ 58.64196, "o", "m" ]
[ 58.69363, "o", " " ]
[ 58.74584, "o", "7" ]
[ 58.79824, "o", " " ]
[ 58.85094, "o", "-" ]
[ 58.90363, "o", "n" ]
[ 58.95518, "o", " " ]
[ 59.00687, "o", "w" ]
[ 59.05836, "o", "w" ]
[ 59.11002, "o", "w" ]
[ 59.16177, "o", "." ]
[ 59.21433, "o", "g" ]
[ 59.26606, "o", "i" ]
[ 59.31750, "o", "t" ]
[ 59.36955, "o", "h" ]
[ 59.42136, "o", "u" ]
[ 59.47409, "o", "b" ]
[ 59.52570, "o", "." ]
[ 59.57792, "o", "c" ]
[ 59.62978, "o", "o" ]
[ 59.68205, "o", "m" ]
[ 59.93605, "o", "\u001b[?2004l\r\r\n" ]
[ 60.01644, "o", "traceroute to www.github.com (20.205.243.166), 7 hops max, 60 byte packets" ]
[ 60.01699, "o", "\r\n 1  172.17.0.1  0.025 ms  0.008 ms  0.007 ms\r\n 2  192.168.65.5  0.021 ms  0.012 ms  0.010 ms" ]
[ 65.04283, "o", "\r\n 3  * * *\r\n 4  * * *\r\n 5  * * *\r\n 6  * * *\r\n 7  * * *\r\n" ]
[ 65.04317, "o", "\u001b[1m\u001b[7m#\u001b[27m\u001b[1m\u001b[0m                                                                                                   \r \r\r\u001b[0m\u001b[27m\u001b[24m\u001b[J\r\n\u001b[19491001\u001b[1;35m> \u001b[20210325\u001b[0m" ]
[ 65.04328, "o", "\u001b[K\u001b[?2004h" ]
[ 67.51135, "o", "#\b# " ]
[ 67.61505, "o", "指" ]
[ 67.77067, "o", "定" ]
[ 67.92549, "o", "传" ]
[ 68.08064, "o", "输" ]
[ 68.23632, "o", "数" ]
[ 68.39144, "o", "据" ]
[ 68.54715, "o", "包" ]
[ 68.70379, "o", "所" ]
[ 68.85917, "o", "使" ]
[ 69.01417, "o", "用" ]
[ 69.17009, "o", "的" ]
[ 69.32479, "o", "端" ]
[ 69.47976, "o", "口" ]
[ 69.63555, "o", "号" ]
[ 69.68713, "o", "\u001b[?2004l\r\r\n" ]
[ 69.68718, "o", "\u001b[1m\u001b[7m#\u001b[27m\u001b[1m\u001b[0m                                                                                                   \r \r" ]
