{"version":2,"width":100,"height":26,"timestamp":1693273951,"env":{"SHELL":"","TERM":"xterm"}}
[ 0.00000, "o", "" ]
[ 0.02060, "o", "\u001b[19491001\u001b[1;35m> \u001b[20210325\u001b[0m" ]
[ 0.02063, "o", "\u001b[K\u001b[?2004h" ]
[ 0.40326, "o", "#\b# " ]
[ 0.50678, "o", "打" ]
[ 0.66139, "o", "印" ]
[ 0.71388, "o", " " ]
[ 0.76559, "o", "d" ]
[ 0.81809, "o", "a" ]
[ 0.86956, "o", "t" ]
[ 0.92172, "o", "a" ]
[ 0.97401, "o", "." ]
[ 1.02630, "o", "c" ]
[ 1.07807, "o", "s" ]
[ 1.13049, "o", "v" ]
[ 1.18273, "o", " " ]
[ 1.33749, "o", "数" ]
[ 1.49402, "o", "据" ]
[ 1.65023, "o", "中" ]
[ 1.80535, "o", "的" ]
[ 1.96084, "o", "第" ]
[ 2.01297, "o", " " ]
[ 2.06495, "o", "1" ]
[ 2.22076, "o", "，" ]
[ 2.27352, "o", "2" ]
[ 2.32530, "o", " " ]
[ 2.48038, "o", "列" ]
[ 2.53184, "o", "\u001b[?2004l\r\r\n" ]
[ 2.53201, "o", "\u001b[1m\u001b[7m#\u001b[27m\u001b[1m\u001b[0m                                                                                                   \r \r\r\u001b[0m\u001b[27m\u001b[24m\u001b[J\r\n\u001b[19491001\u001b[1;35m> \u001b[20210325\u001b[0m\u001b[K\u001b[?2004h" ]
[ 4.03539, "o", "x" ]
[ 4.08813, "o", "\bx " ]
[ 4.14011, "o", "t" ]
[ 4.19285, "o", "r" ]
[ 4.24487, "o", "d" ]
[ 4.29671, "o", "s" ]
[ 4.34902, "o", "q" ]
[ 4.40076, "o", "l" ]
[ 4.45279, "o", " " ]
[ 4.50520, "o", "\"" ]
[ 4.55726, "o", "S" ]
[ 4.60961, "o", "E" ]
[ 4.66136, "o", "L" ]
[ 4.71322, "o", "E" ]
[ 4.76499, "o", "C" ]
[ 4.81698, "o", "T" ]
[ 4.86850, "o", " " ]
[ 4.92139, "o", "c" ]
[ 4.97373, "o", "1" ]
[ 5.02531, "o", "," ]
[ 5.07738, "o", "c" ]
[ 5.12881, "o", "2" ]
[ 5.18099, "o", " " ]
[ 5.23280, "o", "F" ]
[ 5.28485, "o", "R" ]
[ 5.33660, "o", "O" ]
[ 5.38912, "o", "M" ]
[ 5.44132, "o", " " ]
[ 5.49301, "o", "d" ]
[ 5.54511, "o", "a" ]
[ 5.59747, "o", "t" ]
[ 5.64918, "o", "a" ]
[ 5.70087, "o", "." ]
[ 5.75276, "o", "c" ]
[ 5.80553, "o", "s" ]
[ 5.85772, "o", "v" ]
[ 5.90979, "o", "\"" ]
[ 8.96313, "o", "\u001b[?2004l\r\r\n" ]
[ 9.16812, "o", "PID,TTY\r\n9446,pts/2\r\n17654,pts/2\r\n" ]
[ 9.16882, "o", "\u001b[1m\u001b[7m#\u001b[27m\u001b[1m\u001b[0m                                                                                                   \r \r\r\u001b[0m\u001b[27m\u001b[24m\u001b[J\r\n\u001b[19491001\u001b[1;35m> \u001b[20210325\u001b[0m" ]
[ 9.16903, "o", "\u001b[K\u001b[?2004h" ]
[ 10.96504, "o", "#\b# " ]
[ 11.06934, "o", "使" ]
[ 11.22653, "o", "用" ]
[ 11.38121, "o", "制" ]
[ 11.53704, "o", "表" ]
[ 11.69332, "o", "符" ]
[ 11.74528, "o", " " ]
[ 11.79747, "o", "\\" ]
[ 11.84911, "o", "t" ]
[ 11.90116, "o", " " ]
[ 12.05681, "o", "分" ]
[ 12.21161, "o", "隔" ]
[ 12.36756, "o", "输" ]
[ 12.52362, "o", "出" ]
[ 12.57505, "o", "\u001b[?2004l\r\r\n" ]
[ 12.57511, "o", "\u001b[1m\u001b[7m#\u001b[27m\u001b[1m\u001b[0m                                                                                                   \r \r\r\u001b[0m\u001b[27m\u001b[24m\u001b[J\r\n\u001b[19491001\u001b[1;35m> \u001b[20210325\u001b[0m\u001b[K\u001b[?2004h" ]
[ 14.07890, "o", "x" ]
[ 14.13159, "o", "\bx " ]
[ 14.18398, "o", "t" ]
[ 14.23680, "o", "r" ]
[ 14.28885, "o", "d" ]
[ 14.34063, "o", "s" ]
[ 14.39235, "o", "q" ]
[ 14.44409, "o", "l" ]
[ 14.49629, "o", " " ]
[ 14.54810, "o", "-" ]
[ 14.60025, "o", "o" ]
[ 14.65278, "o", "d" ]
[ 14.70427, "o", " " ]
[ 14.75613, "o", "\"" ]
[ 14.80792, "o", "\\" ]
[ 14.85978, "o", "t" ]
[ 14.91143, "o", "\"" ]
[ 14.96393, "o", " " ]
[ 15.01561, "o", "\"" ]
[ 15.06885, "o", "S" ]
[ 15.12136, "o", "E" ]
[ 15.17324, "o", "L" ]
[ 15.22505, "o", "E" ]
[ 15.27658, "o", "C" ]
[ 15.32918, "o", "T" ]
[ 15.38076, "o", " " ]
[ 15.43270, "o", "*" ]
[ 15.48481, "o", " " ]
[ 15.53679, "o", "F" ]
[ 15.58865, "o", "R" ]
[ 15.64034, "o", "O" ]
[ 15.69213, "o", "M" ]
[ 15.74375, "o", " " ]
[ 15.79616, "o", "d" ]
[ 15.84823, "o", "a" ]
[ 15.90030, "o", "t" ]
[ 15.95310, "o", "a" ]
[ 16.00567, "o", "." ]
[ 16.05729, "o", "c" ]
[ 16.10885, "o", "s" ]
[ 16.16068, "o", "v" ]
[ 16.21232, "o", "\"" ]
[ 19.26614, "o", "\u001b[?2004l\r\r\n" ]
[ 19.27160, "o", "PID\tTTY\tTIME\tCMD\r\n9446\tpts/2\t00:00:00\tbash\r\n17654\tpts/2\t00:00:00\tgit\r\n" ]
[ 19.27249, "o", "\u001b[1m\u001b[7m#\u001b[27m\u001b[1m\u001b[0m                                                                                                   \r \r\r\u001b[0m\u001b[27m\u001b[24m\u001b[J\r\n\u001b[19491001\u001b[1;35m> \u001b[20210325\u001b[0m\u001b[K" ]
[ 19.27255, "o", "\u001b[?2004h" ]
[ 21.26910, "o", "#\b# " ]
[ 21.37386, "o", "指" ]
[ 21.52895, "o", "定" ]
[ 21.68646, "o", "以" ]
[ 21.73916, "o", " " ]
[ 21.79104, "o", "M" ]
[ 21.84380, "o", "a" ]
[ 21.89589, "o", "r" ]
[ 21.94787, "o", "k" ]
[ 21.99941, "o", "d" ]
[ 22.05249, "o", "o" ]
[ 22.10513, "o", "w" ]
[ 22.15739, "o", "n" ]
[ 22.20939, "o", " " ]
[ 22.36490, "o", "格" ]
[ 22.52191, "o", "式" ]
[ 22.67803, "o", "输" ]
[ 22.83302, "o", "出" ]
[ 22.99000, "o", "查" ]
[ 23.14566, "o", "询" ]
[ 23.30184, "o", "结" ]
[ 23.45836, "o", "果" ]
[ 23.51083, "o", "\u001b[?2004l\r\r\n\u001b[1m\u001b[7m#\u001b[27m\u001b[1m\u001b[0m                                                                                                   \r \r\r\u001b[0m\u001b[27m\u001b[24m\u001b[J\r\n\u001b[19491001\u001b[1;35m> \u001b[20210325\u001b[0m\u001b[K\u001b[?2004h" ]
[ 25.01489, "o", "x" ]
[ 25.06744, "o", "\bx " ]
[ 25.12051, "o", "t" ]
[ 25.17320, "o", "r" ]
[ 25.22497, "o", "d" ]
[ 25.27672, "o", "s" ]
[ 25.32859, "o", "q" ]
[ 25.38100, "o", "l" ]
[ 25.43279, "o", " " ]
[ 25.48609, "o", "-" ]
[ 25.53811, "o", "o" ]
[ 25.59059, "o", "m" ]
[ 25.64258, "o", "d" ]
[ 25.69447, "o", " " ]
[ 25.74640, "o", "\"" ]
[ 25.79831, "o", "S" ]
[ 25.85087, "o", "E" ]
[ 25.90329, "o", "L" ]
[ 25.95583, "o", "E" ]
[ 26.00756, "o", "C" ]
[ 26.05982, "o", "T" ]
[ 26.11176, "o", " " ]
[ 26.16350, "o", "*" ]
[ 26.21553, "o", " " ]
[ 26.26837, "o", "F" ]
[ 26.32095, "o", "R" ]
[ 26.37266, "o", "O" ]
[ 26.42481, "o", "M" ]
[ 26.47648, "o", " " ]
[ 26.52843, "o", "d" ]
[ 26.58038, "o", "a" ]
[ 26.63185, "o", "t" ]
[ 26.68495, "o", "a" ]
[ 26.73735, "o", "." ]
[ 26.78911, "o", "c" ]
[ 26.84096, "o", "s" ]
[ 26.89267, "o", "v" ]
[ 26.94497, "o", "\"" ]
[ 29.99916, "o", "\u001b[?2004l\r\r\n" ]
[ 30.00489, "o", "|  c1   |  c2   |    c3    |  c4  |\r\n|-------|-------|----------|------|\r\n| " ]
[ 30.00513, "o", "PID   | TTY   | TIME     | CMD  |" ]
[ 30.00556, "o", "\r\n|  9446 | pts/2 | 00:00:00 | bash |\r\n| 17654 | pts/2 | 00:00:00 | git  |\r\n" ]
[ 30.00663, "o", "\u001b[1m\u001b[7m#\u001b[27m\u001b[1m\u001b[0m                                                                                                   \r \r\r\u001b[0m\u001b[27m\u001b[24m\u001b[J\r\n\u001b[19491001\u001b[1;35m> \u001b[20210325\u001b[0m\u001b[K" ]
[ 30.00670, "o", "\u001b[?2004h" ]
[ 32.00229, "o", "#\b# " ]
[ 32.10760, "o", "指" ]
[ 32.26240, "o", "明" ]
[ 32.41889, "o", "输" ]
[ 32.57598, "o", "入" ]
[ 32.73157, "o", "文" ]
[ 32.88894, "o", "件" ]
[ 33.04479, "o", "的" ]
[ 33.20177, "o", "数" ]
[ 33.35783, "o", "据" ]
[ 33.51280, "o", "格" ]
[ 33.67101, "o", "式" ]
[ 33.82763, "o", "为" ]
[ 33.88003, "o", " " ]
[ 33.93270, "o", "j" ]
[ 33.98596, "o", "s" ]
[ 34.03817, "o", "o" ]
[ 34.09086, "o", "n" ]
[ 34.14285, "o", "\u001b[?2004l\r\r\n\u001b[1m\u001b[7m#\u001b[27m\u001b[1m\u001b[0m                                                                                                   \r \r" ]
[ 34.14305, "o", "\r\u001b[0m\u001b[27m\u001b[24m\u001b[J\r\n\u001b[19491001\u001b[1;35m> \u001b[20210325\u001b[0m\u001b[K\u001b[?2004h" ]
[ 35.64672, "o", "x" ]
[ 35.69946, "o", "\bx " ]
[ 35.75190, "o", "c" ]
[ 35.80424, "o", "a" ]
[ 35.85635, "o", "t" ]
[ 35.90842, "o", " " ]
[ 35.96011, "o", "." ]
[ 36.01229, "o", "/" ]
[ 36.06484, "o", "d" ]
[ 36.11739, "o", "a" ]
[ 36.17018, "o", "t" ]
[ 36.22222, "o", "a" ]
[ 39.27666, "o", "\u001b[?2004l\r\r\n" ]
