{"version":2,"width":100,"height":26,"timestamp":1693274150,"env":{"SHELL":"","TERM":"xterm"}}
[ 0.00000, "o", "" ]
[ 0.01780, "o", "\u001b[19491001\u001b[1;35m> \u001b[20210325\u001b[0m\u001b[K\u001b[?2004h" ]
[ 0.41042, "o", "x" ]
[ 0.46240, "o", "\bx " ]
[ 0.51473, "o", "e" ]
[ 0.56657, "o", "x" ]
[ 0.61887, "o", "a" ]
[ 0.67054, "o", " " ]
[ 0.72232, "o", "-" ]
[ 0.77477, "o", "-" ]
[ 0.82714, "o", "t" ]
[ 0.87931, "o", "r" ]
[ 0.93111, "o", "e" ]
[ 0.98362, "o", "e" ]
[ 1.03535, "o", " " ]
[ 1.08721, "o", "&" ]
[ 1.13879, "o", "&" ]
[ 1.19151, "o", " " ]
[ 1.24366, "o", "x" ]
[ 1.29575, "o", " " ]
[ 1.34773, "o", "c" ]
[ 1.39943, "o", "a" ]
[ 1.45134, "o", "t" ]
[ 1.50329, "o", " " ]
[ 1.55575, "o", "l" ]
[ 1.60739, "o", "o" ]
[ 1.65989, "o", "g" ]
[ 1.71217, "o", "." ]
[ 1.76432, "o", "y" ]
[ 1.81629, "o", "a" ]
[ 1.86804, "o", "m" ]
[ 1.92002, "o", "l" ]
[ 4.97378, "o", "\u001b[?2004l\r\r\n" ]
[ 5.19128, "o", "\u001b[1;34m.\u001b[0m\r\n\u001b[38;5;244m└──\u001b[0m log.yaml\r\n" ]
[ 5.37715, "o", "\r\u001b[38;5;238m───────┬────────────────────────────────────────────────────────────────────────────────────────────\u001b[0m\u001b[m\r\n       \u001b[38;5;238m│ \u001b[0mFile: \u001b[1mlog.yaml\u001b[0m\u001b[m\r\n\u001b[38;5;238m───────┼────────────────────────────────────────────────────────────────────────────────────────────\u001b[0m\u001b[m\r\n\u001b[38;5;238m   1\u001b[0m   \u001b[38;5;238m│\u001b[0m \u001b[38;5;203mtimestamp\u001b[0m\u001b[38;5;231m:\u001b[0m\u001b[38;5;231m \u001b[0m\u001b[38;5;141m162019\u001b[0m\u001b[m\r\n\u001b[38;5;238m   2\u001b[0m   \u001b[38;5;238m│\u001b[0m \u001b[38;5;203muser\u001b[0m\u001b[38;5;231m:\u001b[0m\u001b[38;5;231m \u001b[0m\u001b[38;5;186mroot\u001b[0m\u001b[m\r\n\u001b[38;5;238m   3\u001b[0m   \u001b[38;5;238m│\u001b[0m \u001b[38;5;203mlog\u001b[0m\u001b[38;5;231m:\u001b[0m\u001b[m\r\n\u001b[38;5;238m" ]
[ 5.37719, "o", "   4\u001b" ]
[ 5.37733, "o", "[0m   \u001b[38;5;238m│\u001b[0m \u001b[38;5;231m  \u001b[0m\u001b[38;5;203mlevel\u001b[0m\u001b[38;5;231m:\u001b[0m\u001b[38;5;231m \u001b[0m\u001b[38;5;186minfo\u001b[0m\u001b[m\r\n\u001b[38;5;238m   5\u001b[0m   \u001b[38;5;238m│\u001b[0m \u001b[38;5;231m  \u001b[0m\u001b[38;5;203mmessage\u001b[0m\u001b[38;5;231m:\u001b[0m\u001b[38;5;231m \u001b[0m\u001b[38;5;203m|\u001b[0m\u001b[m\r\n\u001b[38;5;238m   6\u001b[0m   \u001b[38;5;238m│\u001b[0m \u001b[38;5;186m    hello x-cmd\u001b[0m\u001b[m\r\n\u001b[38;5;238m───────┴────────────────────────────────────────────────────────────────────────────────────────────\u001b[0m\u001b[m\r\n\r\u001b[K" ]
[ 5.38287, "o", "\u001b[1m\u001b[7m#\u001b[27m\u001b[1m\u001b[0m                                                                                                   \r \r\r\u001b[0m\u001b[27m\u001b[24m\u001b[J\r\n\u001b[19491001\u001b[1;35m> \u001b[20210325\u001b[0m\u001b[K\u001b[?2004h" ]
[ 6.97622, "o", "#\b# " ]
[ 7.07968, "o", "用" ]
[ 7.13162, "o", " " ]
[ 7.18344, "o", "y" ]
[ 7.23522, "o", "q" ]
[ 7.28694, "o", " " ]
[ 7.44295, "o", "读" ]
[ 7.59863, "o", "取" ]
[ 7.65057, "o", " " ]
[ 7.70286, "o", "y" ]
[ 7.75502, "o", "a" ]
[ 7.80647, "o", "m" ]
[ 7.85902, "o", "l" ]
[ 7.91099, "o", " " ]
[ 8.06652, "o", "文" ]
[ 8.22178, "o", "件" ]
[ 8.37724, "o", "的" ]
[ 8.53285, "o", "内" ]
[ 8.68834, "o", "容" ]
[ 8.73989, "o", "\u001b[?2004l\r\r\n" ]
[ 8.74003, "o", "\u001b[1m\u001b[7m#\u001b[27m\u001b[1m\u001b[0m                                                                                                   \r \r\r\u001b[0m\u001b[27m\u001b[24m\u001b[J\r\n\u001b[19491001\u001b[1;35m> \u001b[20210325\u001b[0m\u001b[K\u001b[?2004h" ]
[ 10.24339, "o", "x" ]
[ 10.29565, "o", "\bx " ]
[ 10.34765, "o", "y" ]
[ 10.40011, "o", "q" ]
[ 10.45210, "o", " " ]
[ 10.50385, "o", "e" ]
[ 10.55565, "o", "v" ]
[ 10.60753, "o", "a" ]
[ 10.65930, "o", "l" ]
[ 10.71128, "o", " " ]
[ 10.76387, "o", "l" ]
[ 10.81555, "o", "o" ]
[ 10.86732, "o", "g" ]
[ 10.91975, "o", "." ]
[ 10.97210, "o", "y" ]
[ 11.02439, "o", "a" ]
[ 11.07656, "o", "m" ]
[ 11.12880, "o", "l" ]
[ 14.18284, "o", "\u001b[?2004l\r\r\n" ]
[ 14.28146, "o", "\u001b[36mtimestamp\u001b[0m:\u001b[95m 162019\u001b[0m\r\n\u001b[95m\u001b[0m\u001b[36muser\u001b[0m:\u001b[32m root\u001b[0m\r\n\u001b[32m\u001b[0m\u001b[36mlog\u001b[0m:\u001b[36m\u001b[0m\r\n\u001b[36m  level\u001b[0m:\u001b[32m info\u001b[0m\r\n\u001b[32m  \u001b[0m\u001b[36mmessage\u001b[0m: |\r\n\u001b[32m    hello x-cmd\u001b[0m\r\n\u001b[32m\u001b[0m\r\n" ]
[ 14.28203, "o", "\u001b[1m\u001b[7m#\u001b[27m\u001b[1m\u001b[0m                                                                                                   \r \r\r\u001b[0m\u001b[27m\u001b[24m\u001b[J\r\n\u001b[19491001\u001b[1;35m> \u001b[20210325\u001b[0m" ]
[ 14.28216, "o", "\u001b[K\u001b[?2004h" ]
[ 16.18488, "o", "#\b# " ]
[ 16.28885, "o", "用" ]
[ 16.34110, "o", " " ]
[ 16.39313, "o", "y" ]
[ 16.44536, "o", "q" ]
[ 16.49687, "o", " " ]
[ 16.65316, "o", "读" ]
[ 16.80942, "o", "取" ]
[ 16.86106, "o", " " ]
[ 16.91285, "o", "y" ]
[ 16.96477, "o", "a" ]
[ 17.01661, "o", "m" ]
[ 17.06857, "o", "l" ]
[ 17.12024, "o", " " ]
[ 17.27597, "o", "文" ]
[ 17.43100, "o", "件" ]
[ 17.58626, "o", "中" ]
[ 17.74225, "o", "的" ]
[ 17.89692, "o", "指" ]
[ 18.05186, "o", "定" ]
[ 18.20682, "o", "内" ]
[ 18.36212, "o", "容" ]
[ 18.41411, "o", "\u001b[?2004l\r\r\n" ]
[ 18.41426, "o", "\u001b[1m\u001b[7m#\u001b[27m\u001b[1m\u001b[0m                                                                                                   \r \r\r\u001b[0m\u001b[27m\u001b[24m\u001b[J\r\n\u001b[19491001\u001b[1;35m> \u001b[20210325\u001b[0m\u001b[K\u001b[?2004h" ]
[ 19.91728, "o", "x" ]
[ 19.96946, "o", "\bx " ]
[ 20.02148, "o", "y" ]
[ 20.07349, "o", "q" ]
[ 20.12579, "o", " " ]
[ 20.17788, "o", "e" ]
[ 20.23039, "o", "v" ]
[ 20.28198, "o", "a" ]
[ 20.33460, "o", "l" ]
[ 20.38624, "o", " " ]
[ 20.43805, "o", "\"" ]
[ 20.49000, "o", "." ]
[ 20.54169, "o", "l" ]
[ 20.59363, "o", "o" ]
[ 20.64525, "o", "g" ]
[ 20.69718, "o", "." ]
[ 20.74886, "o", "m" ]
[ 20.80099, "o", "e" ]
[ 20.85294, "o", "s" ]
[ 20.90498, "o", "s" ]
[ 20.95725, "o", "a" ]
[ 21.00900, "o", "g" ]
[ 21.06076, "o", "e" ]
[ 21.11242, "o", "\"" ]
[ 21.16422, "o", " " ]
[ 21.21580, "o", "l" ]
[ 21.26744, "o", "o" ]
[ 21.31958, "o", "g" ]
[ 21.37121, "o", "." ]
[ 21.42356, "o", "y" ]
[ 21.47545, "o", "a" ]
[ 21.52803, "o", "m" ]
[ 21.57967, "o", "l" ]
[ 24.63354, "o", "\u001b[?2004l\r\r\n" ]
[ 24.63809, "o", "hello x-cmd\r\n\r\n" ]
[ 24.63867, "o", "\u001b[1m\u001b[7m#\u001b[27m\u001b[1m\u001b[0m                                                                                                   \r \r\r\u001b[0m\u001b[27m\u001b[24m\u001b[J\r\n\u001b[19491001\u001b[1;35m> \u001b[20210325\u001b[0m\u001b[K" ]
[ 24.63888, "o", "\u001b[?2004h" ]
[ 26.63655, "o", "#\b# " ]
[ 26.74098, "o", "更" ]
[ 26.89601, "o", "改" ]
[ 26.94878, "o", " " ]
[ 27.00037, "o", "y" ]
[ 27.05240, "o", "a" ]
[ 27.10447, "o", "m" ]
[ 27.15626, "o", "l" ]
[ 27.20830, "o", " " ]
[ 27.36343, "o", "文" ]
[ 27.51969, "o", "件" ]
[ 27.67547, "o", "中" ]
[ 27.83119, "o", "指" ]
[ 27.98668, "o", "定" ]
[ 28.14239, "o", "字" ]
[ 28.29862, "o", "段" ]
[ 28.45414, "o", "的" ]
[ 28.60907, "o", "值" ]
[ 28.66094, "o", "\u001b[?2004l\r\r\n" ]
[ 28.66113, "o", "\u001b[1m\u001b[7m#\u001b[27m\u001b[1m\u001b[0m                                                                                                   \r \r\r\u001b[0m\u001b[27m\u001b[24m\u001b[J\r\n\u001b[19491001\u001b[1;35m> \u001b[20210325\u001b[0m\u001b[K\u001b[?2004h" ]
[ 30.16528, "o", "x" ]
[ 30.21709, "o", "\bx " ]
[ 30.26919, "o", "y" ]
[ 30.32089, "o", "q" ]
[ 30.37282, "o", " " ]
[ 30.42439, "o", "e" ]
[ 30.47674, "o", "v" ]
[ 30.52900, "o", "a" ]
[ 30.58081, "o", "l" ]
[ 30.63351, "o", " " ]
[ 30.68536, "o", "'" ]
[ 30.73727, "o", "." ]
[ 30.78874, "o", "u" ]
[ 30.84075, "o", "s" ]
[ 30.89254, "o", "e" ]
[ 30.94474, "o", "r" ]
[ 30.99736, "o", "=" ]
[ 31.04877, "o", "\"" ]
[ 31.10086, "o", "u" ]
[ 31.15284, "o", "s" ]
