{"version":2,"width":100,"height":26,"timestamp":1693274224,"env":{"SHELL":"","TERM":"xterm"}}
[ 0.00000, "o", "" ]
[ 0.01893, "o", "\u001b[19491001\u001b[1;35m> \u001b[20210325\u001b[0m\u001b[K\u001b[?2004h" ]
[ 0.40982, "o", "x" ]
[ 0.46252, "o", "\bx " ]
[ 0.51426, "o", "e" ]
[ 0.56601, "o", "x" ]
[ 0.61786, "o", "a" ]
[ 0.66952, "o", " " ]
[ 0.72162, "o", "-" ]
[ 0.77396, "o", "l" ]
[ 0.82606, "o", "h" ]
[ 0.87792, "o", "T" ]
[ 3.93149, "o", "\u001b[?2004l\r\r\n" ]
[ 4.16032, "o", "\u001b[4mPermissions\u001b[0m \u001b[4mSize\u001b[0m \u001b[4mUser\u001b[0m \u001b[4mDate Modified\u001b[0m \u001b[4mName\u001b[0m\r\n\u001b[1;34md\u001b[33mr\u001b[31mw\u001b[32mx\u001b[0m\u001b[33mr\u001b[38;5;244m-\u001b[32mx\u001b[33mr\u001b[38;5;244m-\u001b[32mx\u001b[0m     \u001b[38;5;244m-\u001b[0m \u001b[1;33mroot\u001b[0m \u001b[34m29 Aug 01:57\u001b[0m  \u001b[1;34m.\u001b[0m\r\n.\u001b[1;33mr\u001b[31mw\u001b[0m\u001b[38;5;244m-\u001b[33mr\u001b[38;5;244m--\u001b[33mr\u001b[38;5;244m--\u001b[0m  \u001b[1;32m2.1\u001b[0m\u001b[32mM\u001b[0m \u001b[1;33mroot\u001b[0m \u001b[34m29 Aug 01:57\u001b[0m  \u001b[38;5;244m└──\u001b[0m test.exe\r\n" ]
[ 4.16151, "o", "\u001b[1m\u001b[7m#\u001b[27m\u001b[1m\u001b[0m                                                                                                   \r \r\r\u001b[0m\u001b[27m\u001b[24m\u001b[J\r\n\u001b[19491001\u001b[1;35m> \u001b[20210325\u001b[0m\u001b[K\u001b[?2004h" ]
[ 4.93329, "o", "#\b# " ]
[ 5.03708, "o", "压" ]
[ 5.19419, "o", "缩" ]
[ 5.24622, "o", " " ]
[ 5.29812, "o", "t" ]
[ 5.35040, "o", "e" ]
[ 5.40169, "o", "s" ]
[ 5.45358, "o", "t" ]
[ 5.50522, "o", "." ]
[ 5.55701, "o", "e" ]
[ 5.60912, "o", "x" ]
[ 5.66114, "o", "e" ]
[ 5.71349, "o", " " ]
[ 5.86891, "o", "文" ]
[ 6.02385, "o", "件" ]
[ 6.17936, "o", "并" ]
[ 6.33502, "o", "输" ]
[ 6.49019, "o", "出" ]
[ 6.64616, "o", "保" ]
[ 6.80240, "o", "存" ]
[ 6.95851, "o", "为" ]
[ 7.01109, "o", " " ]
[ 7.06287, "o", "t" ]
[ 7.11479, "o", "e" ]
[ 7.16656, "o", "s" ]
[ 7.21837, "o", "t" ]
[ 7.27035, "o", "." ]
[ 7.32205, "o", "z" ]
[ 7.37398, "o", "s" ]
[ 7.42552, "o", "t" ]
[ 7.47796, "o", " " ]
[ 7.63324, "o", "文" ]
[ 7.78906, "o", "件" ]
[ 7.84075, "o", "\u001b[?2004l\r\r\n" ]
[ 7.84079, "o", "\u001b[1m\u001b[7m#\u001b[27m\u001b[1m\u001b[0m                                                                                                   \r \r\r\u001b[0m\u001b[27m\u001b[24m\u001b[J\r\n\u001b[19491001\u001b[1;35m> \u001b[20210325\u001b[0m\u001b[K\u001b[?2004h" ]
[ 9.34522, "o", "x" ]
[ 9.39708, "o", "\bx " ]
[ 9.44897, "o", "z" ]
[ 9.50135, "o", "s" ]
[ 9.55323, "o", "t" ]
[ 9.60565, "o", "d" ]
[ 9.65727, "o", " " ]
[ 9.70932, "o", "t" ]
[ 9.76123, "o", "e" ]
[ 9.81326, "o", "s" ]
[ 9.86534, "o", "t" ]
[ 9.91731, "o", "." ]
[ 9.96887, "o", "e" ]
[ 10.02047, "o", "x" ]
[ 10.07215, "o", "e" ]
[ 10.12372, "o", " " ]
[ 10.17557, "o", "-" ]
[ 10.22745, "o", "o" ]
[ 10.27945, "o", " " ]
[ 10.33132, "o", "t" ]
[ 10.38290, "o", "e" ]
[ 10.43527, "o", "s" ]
[ 10.48685, "o", "t" ]
[ 10.53903, "o", "." ]
[ 10.59075, "o", "z" ]
[ 10.64375, "o", "s" ]
[ 10.69646, "o", "t" ]
[ 13.75110, "o", "\u001b[?2004l\r\r\n" ]
[ 13.84904, "o", "\r                                                                               \rRead:     0   B /  1.96 MiB ==>  0%" ]
[ 13.86383, "o", "\r                                                                               \rtest.exe             : 30.96%   (  1.96 MiB =>    622 KiB, test.zst) \r\n" ]
[ 13.86488, "o", "\u001b[1m\u001b[7m#\u001b[27m\u001b[1m\u001b[0m                                                                                                   \r \r\r\u001b[0m\u001b[27m\u001b[24m\u001b[J\r\n\u001b[19491001\u001b[1;35m> \u001b[20210325\u001b[0m\u001b[K\u001b[?2004h" ]
[ 15.75339, "o", "#\b# " ]
[ 15.85716, "o", "指" ]
[ 16.01539, "o", "定" ]
[ 16.17104, "o", "压" ]
[ 16.32885, "o", "缩" ]
[ 16.48496, "o", "级" ]
[ 16.64099, "o", "别" ]
[ 16.79801, "o", "，" ]
[ 16.95350, "o", "数" ]
[ 17.11171, "o", "字" ]
[ 17.26755, "o", "越" ]
[ 17.42292, "o", "大" ]
[ 17.58053, "o", "压" ]
[ 17.73665, "o", "缩" ]
[ 17.89446, "o", "比" ]
[ 18.04998, "o", "越" ]
[ 18.20576, "o", "高" ]
[ 18.36316, "o", "，" ]
[ 18.51814, "o", "压" ]
[ 18.67446, "o", "缩" ]
[ 18.83102, "o", "速" ]
[ 18.98610, "o", "度" ]
[ 19.14410, "o", "越" ]
[ 19.29987, "o", "慢" ]
[ 19.35148, "o", "\u001b[?2004l\r\r\n" ]
[ 19.35170, "o", "\u001b[1m\u001b[7m#\u001b[27m\u001b[1m\u001b[0m                                                                                                   \r \r\r\u001b[0m\u001b[27m\u001b[24m\u001b[J\r\n\u001b[19491001\u001b[1;35m> \u001b[20210325\u001b[0m\u001b[K\u001b[?2004h" ]
[ 20.85587, "o", "x" ]
[ 20.90808, "o", "\bx " ]
[ 20.95966, "o", "z" ]
[ 21.01193, "o", "s" ]
[ 21.06346, "o", "t" ]
[ 21.11502, "o", "d" ]
[ 21.16675, "o", " " ]
[ 21.21875, "o", "-" ]
[ 21.27039, "o", "1" ]
[ 21.32248, "o", "0" ]
[ 21.37452, "o", " " ]
[ 21.42616, "o", "t" ]
[ 21.47799, "o", "e" ]
[ 21.52991, "o", "s" ]
[ 21.58162, "o", "t" ]
[ 21.63384, "o", "." ]
[ 21.68555, "o", "e" ]
[ 21.73760, "o", "x" ]
[ 21.79007, "o", "e" ]
[ 21.84227, "o", " " ]
[ 21.89402, "o", "-" ]
[ 21.94554, "o", "o" ]
[ 21.99747, "o", " " ]
[ 22.04907, "o", "t" ]
[ 22.10129, "o", "e" ]
[ 22.15294, "o", "s" ]
[ 22.20510, "o", "t" ]
[ 22.25753, "o", "_" ]
[ 22.30975, "o", "1" ]
[ 22.36205, "o", "0" ]
[ 22.41371, "o", "." ]
[ 22.46582, "o", "z" ]
[ 22.51772, "o", "s" ]
[ 22.56949, "o", "t" ]
[ 26.62312, "o", "\u001b[?2004l\r\r\n" ]
[ 26.62470, "o", "\r                                                                               \rRead:     0   B /  1.96 MiB ==>  0%" ]
[ 26.68189, "o", "\r                                                                               \rtest.exe             : 29.04%   (  1.96 MiB =>    584 KiB, test_10.zst) \r\n" ]
[ 26.68305, "o", "\u001b[1m\u001b[7m#\u001b[27m\u001b[1m\u001b[0m                                                                                                   \r \r\r\u001b[0m\u001b[27m\u001b[24m\u001b[J\r\n\u001b[19491001\u001b[1;35m> \u001b[20210325\u001b[0m\u001b[K\u001b[?2004h" ]
[ 28.62591, "o", "#\b# " ]
[ 28.72982, "o", "查" ]
[ 28.88598, "o", "看" ]
[ 29.04145, "o", "压" ]
[ 29.19723, "o", "缩" ]
[ 29.35321, "o", "文" ]
[ 29.50942, "o", "件" ]
[ 29.66537, "o", "的" ]
[ 29.82086, "o", "详" ]
[ 29.97608, "o", "细" ]
[ 30.13156, "o", "信" ]
[ 30.28726, "o", "息" ]
[ 30.33934, "o", "\u001b[?2004l\r\r\n\u001b[1m\u001b[7m#\u001b[27m\u001b[1m\u001b[0m                                                                                                   \r \r\r\u001b[0m\u001b[27m\u001b[24m\u001b[J\r\n\u001b[19491001\u001b[1;35m> \u001b[20210325\u001b[0m\u001b[K\u001b[?2004h" ]
[ 31.84386, "o", "x" ]
[ 31.89701, "o", "\bx " ]
[ 31.94944, "o", "z" ]
[ 32.00148, "o", "s" ]
[ 32.05400, "o", "t" ]
[ 32.10568, "o", "d" ]
[ 32.15772, "o", " " ]
[ 32.20938, "o", "-" ]
[ 32.26172, "o", "l" ]
[ 32.31385, "o", " " ]
[ 32.36653, "o", "t" ]
[ 32.41866, "o", "e" ]
[ 32.47087, "o", "s" ]
[ 32.52290, "o", "t" ]
[ 32.57470, "o", "." ]
[ 32.62716, "o", "z" ]
[ 32.67904, "o", "s" ]
[ 32.73137, "o", "t" ]
[ 32.78348, "o", " " ]
[ 32.83637, "o", "t" ]
[ 32.88844, "o", "e" ]
[ 32.94018, "o", "s" ]
[ 32.99267, "o", "t" ]
[ 33.04466, "o", "_" ]
[ 33.09661, "o", "1" ]
[ 33.14836, "o", "0" ]
[ 33.20044, "o", "." ]
[ 33.25258, "o", "z" ]
[ 33.30469, "o", "s" ]
[ 33.35644, "o", "t" ]
[ 36.41035, "o", "\u001b[?2004l\r\r\n" ]
[ 36.41134, "o", "Frames  Skips  Compressed  Uncompressed  Ratio  Check  Filename\r\n" ]
[ 36.41146, "o", "     1      0     622 KiB      1.96 MiB  3.230  XXH64  test.zst\r\n     1      0     584 KiB      1.96 MiB  3.444  XXH64  test_10.zst\r\n----------------------------------------------------------------- \r\n     2      0    1.18 MiB      3.93 MiB  3.333  XXH64  2 files\r\n" ]
