{"version":2,"width":100,"height":26,"timestamp":1691742292,"env":{"SHELL":"/bin/zsh","TERM":"xterm-256color"}}
[ 0.00000, "o", "" ]
[ 3.27214, "o", "\u001b[19491001\u001b[1;35m> \u001b[20210325\u001b[0m" ]
[ 4.50185, "o", "# " ]
[ 4.60503, "o", "查" ]
[ 4.76002, "o", "看" ]
[ 4.91448, "o", "已" ]
[ 5.06938, "o", "安" ]
[ 5.22405, "o", "装" ]
[ 5.37882, "o", "的" ]
[ 5.53312, "o", "应" ]
[ 5.68760, "o", "用" ]
[ 5.84316, "o", "程" ]
[ 5.99815, "o", "序" ]
[ 6.05001, "o", "\r\n\u001b[?2004l\r\u001b]0;lxb@LAPTOP-983RA9LH:~/x-bash/winget\u0007" ]
[ 6.05002, "o", "\u001b[?2004h\r\n" ]
[ 6.05018, "o", "\u001b[19491001\u001b[1;35m> \u001b[20210325\u001b[0m" ]
[ 6.55214, "o", "x" ]
[ 6.60361, "o", " " ]
[ 6.65540, "o", "w" ]
[ 6.70710, "o", "i" ]
[ 6.75925, "o", "n" ]
[ 6.81111, "o", "g" ]
[ 6.86293, "o", "e" ]
[ 6.91451, "o", "t" ]
[ 6.96583, "o", " " ]
[ 7.01758, "o", "l" ]
[ 7.06912, "o", "i" ]
[ 7.12141, "o", "s" ]
[ 7.17288, "o", "t" ]
[ 7.22460, "o", " " ]
[ 7.27662, "o", "|" ]
[ 7.32836, "o", " " ]
[ 7.38030, "o", "h" ]
[ 7.43185, "o", "e" ]
[ 7.48389, "o", "a" ]
[ 7.53529, "o", "d" ]
[ 7.58704, "o", " " ]
[ 7.63832, "o", "-" ]
[ 7.69030, "o", "n" ]
[ 7.74186, "o", " " ]
[ 7.79339, "o", "1" ]
[ 7.84514, "o", "2" ]
[ 8.39801, "o", "\r\n\u001b[?2004l\r" ]
[ 12.27230, "o", "\r   - \r                                                                                                                        \r\r   - \r   \\ \r                                                                                                                        \r名称                                    ID                                       版本                可用        源\r\r\n-----------------------------------------------------------------------------------------------------------------------\r\r\nFedora                                  22955VineelSai.FedoraWSL_qz230bc1wsk9j   38.0.1.0                        \r\r\n360安全浏览器                           360.360SE                                14.1.1186.0         14.1.1205.0 winget\r\r\n360压缩                                 360压缩                                  4.0.0.1490                      \r\r\n360安全卫士                             360安全卫士                              12.0.0.2001                     \r\r\nBaiduNetdiskService                     3AD8A913.49937325EFC59_j4r74wbqry4cc     1.0.13.0                        \r\r\n 企业微信                               6b7a44111741abedea116bc6f462c5b5         Unknown                         \r\r\n" ]
[ 12.27243, "o", "7-Zip 21.02 alpha (x64)                 7-Zip                                    21.02 alpha                     \r\r\nNahimic                                 A-Volute.Nahimic_w2gh52qy24etm           1.9.20.0                        \r\r\n" ]
[ 12.27249, "o", "英特尔® 显卡控制中心                    AppUp.IntelGraphicsExperience_8j3eq9eme… 1.100.5131.0                    \r\r\nDocker Desktop                          Docker.DockerDesktop                     4.21.1              4.22.0      winget\r\r\n" ]
[ 12.27342, "o", "\u001b]0;lxb@LAPTOP-983RA9LH:~/x-bash/winget\u0007" ]
[ 12.27343, "o", "\u001b[?2004h\r\n\u001b[19491001\u001b[1;35m> \u001b[20210325\u001b[0m" ]
[ 14.51377, "o", "# " ]
[ 14.61688, "o", "搜" ]
[ 14.77166, "o", "索" ]
[ 14.82374, "o", " " ]
[ 14.87525, "o", "W" ]
[ 14.92680, "o", "e" ]
[ 14.97823, "o", "i" ]
[ 15.02963, "o", "x" ]
[ 15.08091, "o", "i" ]
[ 15.13215, "o", " " ]
[ 15.28697, "o", "相" ]
[ 15.44208, "o", "关" ]
[ 15.59709, "o", "的" ]
[ 15.75235, "o", "应" ]
[ 15.90650, "o", "用" ]
[ 15.95876, "o", "\r\n\u001b[?2004l\r" ]
[ 15.95877, "o", "\u001b]0;lxb@LAPTOP-983RA9LH:~/x-bash/winget\u0007\u001b[?2004h\r\n\u001b[19491001\u001b[1;35m> \u001b[20210325\u001b[0m" ]
[ 16.51683, "o", "x" ]
[ 16.56890, "o", " " ]
[ 16.62048, "o", "w" ]
[ 16.67178, "o", "i" ]
[ 16.72375, "o", "n" ]
[ 16.77526, "o", "g" ]
[ 16.82707, "o", "e" ]
[ 16.87853, "o", "t" ]
[ 16.93045, "o", " " ]
[ 16.98178, "o", "s" ]
[ 17.03327, "o", "e" ]
[ 17.08435, "o", "a" ]
[ 17.13583, "o", "r" ]
[ 17.18717, "o", "c" ]
[ 17.23859, "o", "h" ]
[ 17.29049, "o", " " ]
[ 17.34215, "o", "W" ]
[ 17.39383, "o", "e" ]
[ 17.44519, "o", "i" ]
[ 17.49670, "o", "x" ]
[ 17.54864, "o", "i" ]
[ 18.10199, "o", "\r\n\u001b[?2004l\r" ]
[ 18.79444, "o", "\r   - " ]
[ 19.55084, "o", "\r                                                                                                                        \r名称           ID                     版本         匹配            源\r\r\n-------------------------------------------------------------------------\r\r\n微信开发者工具 Tencent.WeixinDevTools 1.06.2307260                 winget\r\r\nWeChat         Tencent.WeChat         3.9.6.33     Moniker: weixin winget\r\r\niGot           wahao.Electron-iGot    1.1.1        Tag: weixin     winget\r\r\n企业微信       Tencent.wechat-work    4.0.19.6020  Tag: qiyeweixin winget\r\r\n" ]
[ 19.61451, "o", "\u001b]0;lxb@LAPTOP-983RA9LH:~/x-bash/winget\u0007\u001b[?2004h\r\n\u001b[19491001\u001b[1;35m> \u001b[20210325\u001b[0m" ]
[ 22.52420, "o", "# " ]
[ 22.62795, "o", "查" ]
[ 22.78273, "o", "看" ]
[ 22.93775, "o", "指" ]
[ 23.09269, "o", "定" ]
[ 23.24624, "o", "应" ]
[ 23.40074, "o", "用" ]
[ 23.55582, "o", "的" ]
[ 23.71030, "o", "相" ]
[ 23.86522, "o", "关" ]
[ 24.02029, "o", "信" ]
[ 24.17498, "o", "息" ]
[ 24.22769, "o", "\r\n\u001b[?2004l\r" ]
[ 24.22770, "o", "\u001b]0;lxb@LAPTOP-983RA9LH:~/x-bash/winget\u0007\u001b[?2004h\r\n\u001b[19491001\u001b[1;35m> \u001b[20210325\u001b[0m" ]
[ 24.72987, "o", "x" ]
[ 24.78118, "o", " " ]
[ 24.83299, "o", "w" ]
[ 24.88439, "o", "i" ]
[ 24.93592, "o", "n" ]
[ 24.98775, "o", "g" ]
[ 25.03918, "o", "e" ]
[ 25.09080, "o", "t" ]
[ 25.14186, "o", " " ]
[ 25.19335, "o", "s" ]
[ 25.24458, "o", "h" ]
[ 25.29624, "o", "o" ]
[ 25.34826, "o", "w" ]
[ 25.39960, "o", " " ]
[ 25.45156, "o", "T" ]
[ 25.50296, "o", "e" ]
[ 25.55478, "o", "n" ]
[ 25.60642, "o", "c" ]
[ 25.65804, "o", "e" ]
[ 25.70945, "o", "n" ]
[ 25.76104, "o", "t" ]
[ 25.81261, "o", "." ]
[ 25.86411, "o", "W" ]
[ 25.91579, "o", "e" ]
[ 25.96732, "o", "C" ]
[ 26.01892, "o", "h" ]
[ 26.07015, "o", "a" ]
[ 26.12196, "o", "t" ]
[ 26.17374, "o", " " ]
[ 26.22558, "o", "|" ]
[ 26.27771, "o", " " ]
[ 26.32928, "o", "h" ]
[ 26.38126, "o", "e" ]
[ 26.43278, "o", "a" ]
[ 26.48476, "o", "d" ]
[ 26.53624, "o", " " ]
[ 26.58792, "o", "-" ]
[ 26.64004, "o", "n" ]
[ 26.69142, "o", " " ]
[ 26.74332, "o", "2" ]
[ 26.79466, "o", "0" ]
[ 27.34764, "o", "\r\n\u001b[?2004l\r" ]
[ 28.31165, "o", "\r   - \r                                                                                                                        \r已找到 微信 [Tencent.WeChat]\r\r\n" ]
[ 28.31182, "o", "版本: 3.9.6.33\r\r\n发布者: 腾讯科技(深圳)有限公司\r\r\n发布服务器 URL: https://weixin.qq.com/\r\r\n发布服务器支持 URL: https://help.wechat.com/oshelpcenter\r\r\n作者: 深圳市腾讯计算机系统有限公司\r\r\n绰号： weixin\r\r\n描述: 一款跨平台的通讯工具。支持单人、多人参与。通过手机网络发送语音、图片、视频和文字。\r\r\n主页: https://windows.weixin.qq.com/?lang=zh_CN\r\r\n" ]
[ 28.31196, "o", "许可证: 免费软件\r\r\n许可证 URL: https://weixin.qq.com/cgi-bin/readtemplate?lang=zh_CN&t=weixin_agreement&s=default\r\r\n隐私 URL: https://weixin.qq.com/cgi-bin/readtemplate?lang=zh_CN&t=weixin_agreement&s=privacy\r\r\n版权所有: Copyright © 2011-2023 Tencent. All Rights Reserved. 腾讯公司 版权所有\r\r\n版权 URL: https://www.tencent.com/zh-cn/statement.html\r\r\n发行说明:\r\r\n  可以按群成员和日期搜索聊天记录;\r\r\n  修复了一些已知问题。\r\r\n发行说明 URL: https://weixin.qq.com/cgi-bin/readtemplate?lang=zh_CN&t=page/faq/win/396/index&faq=win_396\r\r\n标记：\r\r\n" ]
[ 28.31205, "o", "  im\r\r\n" ]
[ 28.31316, "o", "\u001b]0;lxb@LAPTOP-983RA9LH:~/x-bash/winget\u0007" ]
[ 28.31318, "o", "\u001b[?2004h\r\n\u001b[19491001\u001b[1;35m> \u001b[20210325\u001b[0m" ]
[ 31.53496, "o", "# " ]
[ 31.63796, "o", "查" ]
[ 31.79274, "o", "看" ]
[ 31.84471, "o", " " ]
[ 31.89627, "o", "w" ]
[ 31.94825, "o", "i" ]
[ 31.99974, "o", "n" ]
[ 32.05152, "o", "g" ]
[ 32.10293, "o", "e" ]
[ 32.15467, "o", "t" ]
[ 32.20645, "o", " " ]
[ 32.36188, "o", "当" ]
[ 32.51664, "o", "前" ]
[ 32.67131, "o", "所" ]
[ 32.82550, "o", "使" ]
